tile_id,model,mae_m,rmse_m,bias_m,pearson,spearman,train_samples
JAX_004_006,constant,2.688899382804428,3.6875235011808156,-0.0034584402934311493,0.7249995366370467,0.6251680387966239,50000
JAX_004_006,linear_xy,2.4603106146748734,3.426222856403394,0.0017386173263776719,0.7562169771903251,0.6590715779188828,50000
JAX_004_006,quadratic_xy,2.3840762423780064,3.355449517521154,0.003470941301905577,0.7641366730627651,0.666756761309846,50000
JAX_004_014,constant,2.257009970828576,3.2090978268185717,-0.0004834130145877465,0.8168702004234489,0.7305187894395919,50000
JAX_004_014,linear_xy,2.2266597459973534,3.1859016632772703,-4.62507624981113e-05,0.8197825288449033,0.7183276687418076,50000
JAX_004_014,quadratic_xy,2.2017262619810367,3.1735699800629704,0.000564410356909479,0.8211818521778975,0.7218256125714754,50000
JAX_004_016,constant,3.0281622317990795,4.1897197845504905,-0.008943593547872756,0.6940669108575989,0.5385362966152555,50000
JAX_004_016,linear_xy,2.2976571119756746,3.2884732588112597,-0.011479235548567132,0.8020921074343395,0.7180790780425357,50000
JAX_004_016,quadratic_xy,2.2550039810165083,3.2597212284021913,-0.014930502927559835,0.8091656120741854,0.7267951191533155,50000
JAX_018_012,constant,2.633851871900023,3.736615207279333,0.013152918335016106,0.5806603725013558,0.5722874639945703,50000
JAX_018_012,linear_xy,2.332799153885635,3.265492628435858,0.0006389212412205927,0.6981964753443709,0.6663242654090142,50000
JAX_018_012,quadratic_xy,2.1333134104879417,3.0843616542239483,0.0054692602262262245,0.725378507615429,0.6847054753492386,50000
JAX_022_009,constant,3.8478591141763654,4.771377639130263,0.007924113962876475,0.16462374930930618,0.1451120990018747,50000
JAX_022_009,linear_xy,3.5221782729029933,4.301772845568746,0.013076951400222168,0.5053131261153274,0.5063139702762238,50000
JAX_022_009,quadratic_xy,3.4975238768607397,4.274733208176294,0.013327901035803304,0.5045618696696768,0.5007163964119392,50000
JAX_031_006,constant,3.5850210913301233,4.418151057223461,0.029122731949611225,0.6298305448829824,0.5555800795128277,50000
JAX_031_006,linear_xy,3.5060759231921512,4.254212040649164,0.03147740917377445,0.6821549091210333,0.6050742639531711,50000
JAX_031_006,quadratic_xy,3.4394366811302683,4.194251373788342,0.02798963745999361,0.6902926713969808,0.6022892948500996,50000
JAX_072_015,constant,3.167885471761267,4.150562420870074,-0.025175280247293843,0.3893811457871731,0.3080316556506577,50000
JAX_072_015,linear_xy,2.69359858321842,3.4571622700208136,-0.01676247580817322,0.7816875053677245,0.7053689040807132,50000
JAX_072_015,quadratic_xy,2.576994768368643,3.362408531942831,-0.012586582649708107,0.7511294964960948,0.6951162579758253,50000
JAX_118_012,constant,2.3730711718287587,3.2613321191285625,0.014993628980778108,0.6546008058417476,0.4522720618335144,50000
JAX_118_012,linear_xy,1.867530119677169,2.839360735364904,0.01424315373588798,0.7462843641558599,0.580979059088049,50000
JAX_118_012,quadratic_xy,1.8640392534596943,2.82372986952474,0.015125089396992376,0.750270353140517,0.5764838486640692,50000
JAX_118_015,constant,2.119192343473883,2.896250735359193,-0.00825337952890259,0.743544131907869,0.5507130312803201,50000
JAX_118_015,linear_xy,1.9171017510804667,2.691660089104851,-0.005293986738024229,0.8155339603602629,0.648858270236144,50000
JAX_118_015,quadratic_xy,1.8926511485838597,2.6604582384889834,-0.004118805149481804,0.8195655747986424,0.6410285837667147,50000
JAX_149_006,constant,4.404326579327099,5.358117833356372,0.005624504459492883,0.5557779185378102,0.496933397907692,50000
JAX_149_006,linear_xy,4.042225614039853,5.055571034044473,-0.00041038394533155333,0.610429197205769,0.6297099876110251,50000
JAX_149_006,quadratic_xy,4.010528471797646,5.0154849603876865,-0.0018503312752007287,0.6183536713754998,0.6162063382210216,50000
JAX_149_025,constant,4.894144080031338,5.824553182306635,0.005717861462269645,0.4335297017194093,0.37863306503622846,50000
JAX_149_025,linear_xy,4.327546868103914,5.287411111687423,0.005962259694538973,0.5723874814544835,0.5753882985075259,50000
JAX_149_025,quadratic_xy,4.26499685289412,5.259274014995495,0.0023705065025908675,0.5759184723567792,0.5745995221186018,50000
JAX_161_001,constant,1.8786922977597986,2.4627642529798544,0.019527708684651965,0.7729779507666924,0.6068835497675168,50000
JAX_161_001,linear_xy,1.1689499112207327,2.0041774264287286,0.010872470386449328,0.8314011540144983,0.6414915213999324,50000
JAX_161_001,quadratic_xy,1.1697880571933144,1.9991049716666571,0.010849489591049666,0.83183505766252,0.6366373519438675,50000
JAX_164_008,constant,5.370541771893724,9.175598319625145,-0.018773506306808723,0.727980782709874,0.611894926780058,50000
JAX_164_008,linear_xy,5.186890113779521,9.025234867488017,-0.021240269742833374,0.7434196047949326,0.6021282411447246,50000
JAX_164_008,quadratic_xy,5.3474518799210315,8.737400946934788,-0.025878229867200533,0.7560513643104659,0.5803883576415559,50000
JAX_165_015,constant,5.320106379825259,7.233510606843945,-0.033945568794160205,0.7744024087981842,0.6795648788923508,50000
JAX_165_015,linear_xy,4.025346017062153,6.1183666702455595,-0.04810208349276361,0.8588635288832558,0.8310163790117401,50000
JAX_165_015,quadratic_xy,3.879810564805768,6.004829921447319,-0.04507119644635224,0.8606108011511242,0.8391982132348598,50000
JAX_166_006,constant,5.867672445732403,10.269415280061102,-0.06117057311919062,0.7965264549821749,0.7838839669793104,50000
JAX_166_006,linear_xy,5.649914421602434,10.016474437456512,-0.03211871347524952,0.8069754041231032,0.784127672177988,50000
JAX_166_006,quadratic_xy,5.416381182208411,9.526700261993518,-0.053325287567932256,0.8303026753569374,0.7530530513877068,50000
JAX_175_002,constant,3.270388998557832,5.7648769192113525,-0.00373994380652335,0.7016838005044608,0.6611714229222809,50000
JAX_175_002,linear_xy,3.1963704470288614,5.576113471475336,-0.004877863612676123,0.7074651967188166,0.5196273625828873,50000
JAX_175_002,quadratic_xy,3.1373711523905095,5.546737501615566,-0.0011116714544753192,0.7069972893402743,0.5541258708800406,50000
JAX_204_005,constant,2.795484582665555,3.8890830743706495,-0.021179732333529627,0.5628912646813002,0.3781131732879644,50000
JAX_204_005,linear_xy,2.795033194104859,3.878684393229678,-0.020967149999182772,0.6006816409931037,0.4050004456444213,50000
JAX_204_005,quadratic_xy,2.4861371694793517,3.6095381376246505,-0.01349780109344479,0.6582266921486065,0.5375771500310755,50000
JAX_214_015,constant,7.731596930594594,10.230108629662338,-0.057083596471802556,0.7327265465305767,0.7091706685770376,50000
JAX_214_015,linear_xy,5.936363772821017,8.425101249256125,-0.04281943740723384,0.8230042259179882,0.8143446798089347,50000
JAX_214_015,quadratic_xy,5.3499656991968285,8.071993744036817,-0.05110884260565584,0.845406960274933,0.8269128243475947,50000
JAX_214_023,constant,6.94893875882973,11.074251376600758,0.010893073577849773,0.7227721487894194,0.7441406534380601,50000
JAX_214_023,linear_xy,6.493562843440839,10.246064263848313,-0.00630165604173089,0.8497386788910505,0.805787664749386,50000
JAX_214_023,quadratic_xy,6.3626930834053494,10.170056436573985,-0.009884295184974513,0.8331533465622338,0.8147533563570007,50000
JAX_224_025,constant,2.8918422733826055,4.503035789979395,-0.0077040174462911955,0.5166364517361807,0.4143251943309752,50000
JAX_224_025,linear_xy,2.4078955304731893,3.8748043037256616,0.006519928143531041,0.7014056314387133,0.5091753830546357,50000
JAX_224_025,quadratic_xy,2.3276548005234847,3.7774774523317753,0.009272538760727575,0.7271259819551237,0.4994853552962792,50000
JAX_264_013,constant,3.824820780308864,4.893573363988189,-0.040630440906910585,0.4464464511236267,0.3137578705339861,50000
JAX_264_013,linear_xy,3.017370364217073,4.003246226781473,-0.04350291673768203,0.7218678414080165,0.5460068425271327,50000
JAX_264_013,quadratic_xy,2.9725781822293427,3.9362112285896935,-0.04425538042644712,0.7267657384465451,0.5413523329815769,50000
JAX_269_009,constant,3.588749377153102,4.866284382631379,-0.007727380409797269,0.6096249330329611,0.44933682534510244,50000
JAX_269_009,linear_xy,3.160144199487615,4.627498282154129,-0.0009315733655327552,0.5735563125017247,0.48964852786876856,50000
JAX_269_009,quadratic_xy,3.229007732918787,4.592216101823751,0.00035981367579060133,0.5828295034561355,0.4987209249051659,50000
JAX_416_009,constant,2.4693194658099573,3.3960923364498647,0.019179019951836192,0.5586356468072194,0.4674208507629664,50000
JAX_416_009,linear_xy,2.558224495649793,3.2393420602356113,0.01328881390229349,0.6533576067721588,0.5503722167927063,50000
JAX_416_009,quadratic_xy,2.4988601350201507,3.1682061841708156,0.01245972846311576,0.6615419443686317,0.6054676978284091,50000
JAX_416_022,constant,1.9542817219002515,3.044423252349286,0.018145088057559166,0.6703271722782949,0.593991109231266,50000
JAX_416_022,linear_xy,1.8587055921155746,2.8087303991409223,0.017183428835447472,0.7187375722561493,0.6464792684920843,50000
JAX_416_022,quadratic_xy,1.8693737430647037,2.7085938440245836,0.015434085320402984,0.7438544779679488,0.6667024314619396,50000
JAX_505_016,constant,5.622530529299305,7.16437616285265,-0.03538996470398414,0.33682969068476026,0.2859386613420143,50000
JAX_505_016,linear_xy,4.354871997720183,5.655219066101278,-0.05442152738560686,0.6803030999393314,0.6915330511989417,50000
JAX_505_016,quadratic_xy,4.3587225054583145,5.6429741374357985,-0.05505968888085679,0.6875785512929752,0.6973759556166526,50000
JAX_505_018,constant,5.459484377665074,6.774017869133592,-0.002055270493731773,0.2624642329344447,0.20271394721412064,50000
JAX_505_018,linear_xy,4.939918780565238,6.278786930366845,0.0021810306772069884,0.5239258530712638,0.5531777347685429,50000
JAX_505_018,quadratic_xy,4.909090045494262,6.267950965410828,0.0017161713271954915,0.5195390612837276,0.5563106920211842,50000
OMA_042_011,constant,3.390273856093923,4.302345494289806,-0.006379814712627258,0.26088372712711694,0.3306454790637623,50000
OMA_042_011,linear_xy,3.360234575292969,4.248540442636537,-0.008518015883293161,0.2902849348093982,0.4007423501873035,50000
OMA_042_011,quadratic_xy,3.3011374265989577,4.207286935465004,-0.011380274411045825,0.31838593496925327,0.3995114858292315,50000
OMA_084_038,constant,3.062956350454089,4.32826407373514,-0.011879052603473918,0.48644791378826824,0.5540204589773523,50000
OMA_084_038,linear_xy,2.832184298653719,4.006802230879661,-0.01397204922379195,0.6019533328216915,0.6801603645146032,50000
OMA_084_038,quadratic_xy,2.8146102554312984,3.953232472526087,-0.009505716159180713,0.6088690283873801,0.6687224015460904,50000
OMA_134_027,constant,2.498231181382633,3.264068934375667,0.00023533441523674955,0.26174815362444276,0.34168747441884506,50000
OMA_134_027,linear_xy,2.4085611422839337,3.221816399571758,-0.0007427349108354471,0.2722905975598244,0.350332472498781,50000
OMA_134_027,quadratic_xy,2.301164634137159,3.154038768063208,-0.00573017589119671,0.3146712977580204,0.3580409785374773,50000
OMA_144_030,constant,0.013554037249624762,0.0189596465359034,0.00010877718162851665,0.13397319685875297,0.15611474556787067,50000
OMA_144_030,linear_xy,0.013383823340393364,0.018845197155050335,0.0001174420306056682,0.13303647981618766,0.15896302881731694,50000
OMA_144_030,quadratic_xy,0.013316142230301713,0.0187764871136839,0.00011870737827096464,0.15766188214052407,0.17090198849143695,50000
OMA_198_002,constant,2.6920511131392266,3.4743014254438926,-0.0060060383714089505,0.5395155621456776,0.6003431074719894,50000
OMA_198_002,linear_xy,2.6438290493411194,3.3886116279644196,-0.00044057972558781414,0.5741904692604545,0.627347444342262,50000
OMA_198_002,quadratic_xy,2.555763430531053,3.297790916431095,-0.0034305393002052984,0.612916135724042,0.6486867132336315,50000
OMA_211_032,constant,1.8108226242453291,2.93259640118513,-0.011096252826754612,0.13682970441188377,0.2425499224712692,50000
OMA_211_032,linear_xy,1.77079216619004,2.917767458996308,-0.015387956584177633,0.1240498634431619,0.11868047052009079,50000
OMA_211_032,quadratic_xy,1.7091901754185845,2.861943753902947,-0.01164808981032882,0.22961634577715312,0.20668919580286113,50000
OMA_211_039,constant,1.8112967625247371,2.9734698364886167,0.007154099148425884,-0.135871915313043,-0.054150404932806685,50000
OMA_211_039,linear_xy,1.7783248278113317,2.959801067835596,0.007050900627751735,0.09520433886056065,0.10618176053836031,50000
OMA_211_039,quadratic_xy,1.7367358044679808,2.918020493964951,0.007975707402696763,0.19162488896700408,0.1665369402545587,50000
OMA_212_033,constant,2.2575879257603817,3.5637960601540817,-0.0019135476584806806,0.41391988571852073,0.18766759900145205,50000
OMA_212_033,linear_xy,2.2256851135609668,3.5486060348261366,-0.004667770983499912,0.18602296591445738,0.11837126147451339,50000
OMA_212_033,quadratic_xy,2.2283520450389522,3.539909659158318,-0.0039059792676223947,0.18355346682048493,0.14493533875571615,50000
OMA_221_034,constant,3.2796538438684726,4.289785401771094,0.013291191517778706,0.6518359468301402,0.7346972088194221,50000
OMA_221_034,linear_xy,3.069843950319518,4.19933039574121,0.013768252418807385,0.6722328613626718,0.7719870168764779,50000
OMA_221_034,quadratic_xy,2.920527462578863,4.058922144987826,0.017178282200419972,0.6986078252122272,0.7879522553489997,50000
OMA_225_001,constant,2.3449224343940025,3.153251541500587,-0.012736043548520372,0.47128573802465457,0.3973028717210203,50000
OMA_225_001,linear_xy,2.2143637100176496,2.933984363503274,-0.013061386285197159,0.6666366293052309,0.6683745725050559,50000
OMA_225_001,quadratic_xy,2.1204603781905202,2.822993797291552,-0.009733558713764755,0.676587228285076,0.6216577364257379,50000
OMA_230_036,constant,2.053271722037418,2.804166554666028,0.007641736123843827,0.525720481845547,0.4413455422289482,50000
OMA_230_036,linear_xy,1.9074539895808664,2.671869747399834,0.009460655609162984,0.5064723205958701,0.4608915031383149,50000
OMA_230_036,quadratic_xy,1.7567717130233815,2.5840837158471452,0.009320272016773018,0.5173334827312526,0.5412922043774703,50000
OMA_248_029,constant,3.6444750347591146,4.752083866525443,0.011280130093088182,0.7059235023505318,0.6332295326351042,50000
OMA_248_029,linear_xy,2.562237060519344,3.8022117173642154,0.014352114284305112,0.8689553023075174,0.7281175745015285,50000
OMA_248_029,quadratic_xy,2.5131360340041122,3.6214535931343983,0.015223661436844201,0.8818642368645982,0.7451789661983544,50000
OMA_248_030,constant,3.311483532471642,4.409452853367736,0.003763817508401343,0.7451289502045952,0.6211573865919804,50000
OMA_248_030,linear_xy,2.605409235379915,3.745073074637879,0.00943161747539816,0.8691537983744388,0.7335956489800171,50000
OMA_248_030,quadratic_xy,2.552588307448669,3.565537674364591,0.008822288152788727,0.8834248788960423,0.7473352436326015,50000
OMA_258_020,constant,1.7508034456000152,2.8050923083903907,0.011341809664810075,-0.08602806452489753,0.03770384325931202,50000
OMA_258_020,linear_xy,1.7326825944365334,2.7987487850964645,0.012562132222419939,0.03400775099126348,0.11239763037313658,50000
OMA_258_020,quadratic_xy,1.583371592867709,2.6687445530545384,0.01283366068085733,0.2939223648545389,0.2575772160261708,50000
OMA_269_035,constant,1.4992745442164939,2.2098549338179128,0.010050722082514923,0.6782698912510481,0.6488045003396855,50000
OMA_269_035,linear_xy,1.3932594434964258,2.1121908340202724,0.011211909596622535,0.7159686569909957,0.7185609509549976,50000
OMA_269_035,quadratic_xy,1.3871081543800865,2.0963796106085213,0.012271420766804916,0.7213295334466097,0.7217769894667135,50000
OMA_281_002,constant,2.817369142669091,5.238398975899057,-0.004988445531880042,0.6782571887720761,0.6168427486535647,50000
OMA_281_002,linear_xy,2.8502477724675757,5.1652526347615995,-0.004024973135938783,0.7071492749811783,0.6156026029767688,50000
OMA_281_002,quadratic_xy,2.826894166975662,5.096671378134842,-0.012576986184965064,0.721170525326067,0.6537366486485505,50000
OMA_281_030,constant,1.9556004623294214,3.7225972677410906,-0.015342805500123588,0.8269636315360551,0.6339655769957925,50000
OMA_281_030,linear_xy,1.6602939816076516,3.5409265467889686,-0.019950896555353623,0.840734543259756,0.6611288379762105,50000
OMA_281_030,quadratic_xy,1.5715326066254964,3.518273574055979,-0.019520660758151613,0.842893829221204,0.6806158126281241,50000
OMA_315_019,constant,2.555444849416704,3.275655174611167,0.0029616911175098857,0.6652131482534145,0.6273487497859511,50000
OMA_315_019,linear_xy,2.380294019329296,3.03001890428597,0.009298806385217911,0.7600701437447169,0.7563178465209128,50000
OMA_315_019,quadratic_xy,2.369400797734696,2.990517907355486,0.008231620803005905,0.7656509533900795,0.7362947078006776,50000
OMA_315_020,constant,2.1267863699848153,2.7621946899945473,0.01345279111627063,0.78580419395695,0.7751418979525113,50000
OMA_315_020,linear_xy,2.1437328052118576,2.7337453783094,0.011679043299700546,0.8000150496584612,0.7847090376976281,50000
OMA_315_020,quadratic_xy,2.13555826380368,2.7146210525762893,0.008973470737124314,0.8029550685572997,0.779865692449753,50000
OMA_332_037,constant,2.908069739875351,4.192725866394602,0.0047983187386185875,-0.28035455484595784,-0.337781433103769,50000
OMA_332_037,linear_xy,2.6353013542628756,3.9123521034447606,0.010609772126372485,-0.3462048550000619,-0.247125627075826,50000
OMA_332_037,quadratic_xy,2.605903925094988,3.8885535114437477,0.004331414716359909,-0.29092134567415506,-0.23188144712892486,50000
OMA_364_003,constant,2.5439641867663276,3.5631480327650498,-0.002955486492270025,0.4050856344086522,0.1555891082199707,50000
OMA_364_003,linear_xy,2.166793958119716,3.0235416309624856,0.006385013220981962,0.6322382557654728,0.6173193254072474,50000
OMA_364_003,quadratic_xy,2.170148253516339,2.985864126743198,0.0059007509605263275,0.6399799641556442,0.5874087035183527,50000
OMA_364_043,constant,2.482726594435819,3.449083648802605,-0.0074703717721251025,0.4342379319073333,0.2216104893878137,50000
OMA_364_043,linear_xy,2.331284211644837,3.1530221291753366,0.0032818869897414194,0.6171839740728522,0.6220692793319194,50000
OMA_364_043,quadratic_xy,2.322891955331372,3.1189978899171873,0.0014142642279325606,0.6295992798138781,0.6059758672952859,50000
OMA_376_023,constant,1.2950731155783852,2.157040757474131,-0.008968855240119764,0.7668153180349566,0.6851961048984105,50000
OMA_376_023,linear_xy,1.2295098119621832,2.141857820806162,-0.007118447042730713,0.7864260702176056,0.6056866124141447,50000
OMA_376_023,quadratic_xy,1.201720849061105,2.088497126520805,-0.006401280765029926,0.7807002291610395,0.5693692796643323,50000
OMA_376_038,constant,2.235946733931699,2.57959438443716,-0.021085890675126426,0.6449451654216956,0.66352495806724,50000
OMA_376_038,linear_xy,1.5896800627606822,2.142138672584404,-0.021279972189341575,0.7410346477339097,0.39445048423654566,50000
OMA_376_038,quadratic_xy,1.349128305664752,1.9541744322498635,-0.022736330788426296,0.7965399499598521,0.3703685630579854,50000
