model,tile_id,region,delta_mae_m_mean,delta_rmse_m_mean,delta_pearson_mean,delta_spearman_mean
constant,JAX_004_006,JAX,0.28150413453226764,0.05816099958617493,2.7755575615628914e-17,0.0
constant,JAX_004_014,JAX,0.041847743163842155,-0.005898664094362904,-2.7755575615628914e-17,0.0
constant,JAX_004_016,JAX,-0.019324767919359664,-0.11477800283087547,-2.7755575615628914e-17,0.0
constant,JAX_018_012,JAX,-0.2762367485393319,-0.3174083572753993,5.551115123125783e-17,0.0
constant,JAX_022_009,JAX,-0.38138711626434574,-0.21471097653857296,5.551115123125783e-17,0.0
constant,JAX_031_006,JAX,0.2975007098229294,0.07434468228405322,-2.7755575615628914e-17,0.0
constant,JAX_072_015,JAX,-0.17191252084177067,-0.25781718478694515,-1.1102230246251565e-16,0.0
constant,JAX_118_012,JAX,-0.252531924208449,-0.20624576190447053,5.551115123125783e-17,0.0
constant,JAX_118_015,JAX,-0.2024051351332657,-0.11076753534676864,2.7755575615628914e-17,0.0
constant,JAX_149_006,JAX,0.06999904633784526,-0.0776225624460607,-4.163336342344337e-17,0.0
constant,JAX_149_025,JAX,-0.0609939908338768,-0.1990825639150522,-6.938893903907228e-18,0.0
constant,JAX_161_001,JAX,-0.25640752015049173,-0.23985508498579078,0.0,0.0
constant,JAX_164_008,JAX,-0.19743108646130625,-0.17239535494010194,-5.551115123125783e-17,0.0
constant,JAX_165_015,JAX,-0.4878961696145553,-0.2711132062161701,5.551115123125783e-17,0.0
constant,JAX_166_006,JAX,-0.35219779343471935,-0.22954095364240867,0.0,0.0
constant,JAX_175_002,JAX,-0.4089818106878496,-0.2031678801536544,0.0,0.0
constant,JAX_204_005,JAX,0.4364441017444619,0.13879581865823043,5.551115123125783e-17,0.0
constant,JAX_214_015,JAX,-0.882268664520897,-0.885064644706058,0.0,0.0
constant,JAX_214_023,JAX,-0.41283201695474747,-0.21321980498155169,-5.551115123125783e-17,0.0
constant,JAX_224_025,JAX,-0.43098979904549645,-0.3715360364910274,1.3877787807814457e-17,0.0
constant,JAX_264_013,JAX,-0.5773412893813751,-0.6487160810129305,1.3877787807814457e-17,0.0
constant,JAX_269_009,JAX,-0.9059107183546709,-0.36843743240126603,-2.7755575615628914e-17,0.0
constant,JAX_416_009,JAX,0.15931912643469348,0.05537487023902232,1.1275702593849246e-17,0.0
constant,JAX_416_022,JAX,-0.031152989611274606,-0.06392110678686092,5.551115123125783e-17,0.0
constant,JAX_505_016,JAX,-0.4438795743512427,-0.5941614213319364,2.7755575615628914e-17,0.0
constant,JAX_505_018,JAX,0.4790080503671721,0.08332854408452706,-1.3877787807814457e-17,0.0
constant,OMA_042_011,OMA,0.0007935739148943188,-0.05032594302821858,-4.5102810375396984e-17,0.0
constant,OMA_084_038,OMA,-0.2515338912716447,-0.1658406863981714,0.0,0.0
constant,OMA_134_027,OMA,0.17610594529980117,0.05446808831462352,1.0408340855860843e-17,0.0
constant,OMA_144_030,OMA,1.7372530433899802e-05,0.001626818883009795,6.938893903907228e-18,0.0
constant,OMA_198_002,OMA,0.0057801667443646565,-0.05607244970730885,0.0,0.0
constant,OMA_211_032,OMA,-0.06090723044308283,-0.049898428514632664,2.42861286636753e-17,0.0
constant,OMA_211_039,OMA,-0.300878071064166,-0.04744997861135031,-8.153200337090993e-17,0.0
constant,OMA_212_033,OMA,-0.8681463063715962,0.2166643027202152,-5.551115123125783e-17,0.0
constant,OMA_221_034,OMA,-0.20034622792042467,-0.010191348741705242,-2.7755575615628914e-17,0.0
constant,OMA_225_001,OMA,-0.10652309393321652,0.09590293653745074,-4.163336342344337e-17,0.0
constant,OMA_230_036,OMA,-0.2936655325119396,-0.08686899815150845,2.7755575615628914e-17,0.0
constant,OMA_248_029,OMA,-0.5503049363213501,-0.5215804677387013,-8.326672684688674e-17,0.0
constant,OMA_248_030,OMA,-0.49273653985082466,-0.3841413437512142,1.3877787807814457e-16,0.0
constant,OMA_258_020,OMA,-0.040870872489250365,-0.04457365560495674,-1.3877787807814457e-17,0.0
constant,OMA_269_035,OMA,-0.07521487908058905,0.01949103681324099,5.551115123125783e-17,0.0
constant,OMA_281_002,OMA,-0.28717843573613644,-0.06293602427844508,-2.7755575615628914e-17,0.0
constant,OMA_281_030,OMA,-0.1373150513026078,-0.08652011823764677,0.0,0.0
constant,OMA_315_019,OMA,-0.20823333867767502,0.07748617068881447,-5.551115123125783e-17,0.0
constant,OMA_315_020,OMA,-0.08928551732218099,0.31763236831331154,0.0,0.0
constant,OMA_332_037,OMA,0.009105603667414863,-0.12016074075708372,-2.0816681711721685e-17,0.0
constant,OMA_364_003,OMA,-0.2519231340876541,-0.3067927840569732,4.163336342344337e-17,0.0
constant,OMA_364_043,OMA,-0.2563934622285443,-0.1612070057284899,1.3877787807814457e-17,0.0
constant,OMA_376_023,OMA,-0.11726674577915125,0.017279870199372827,2.7755575615628914e-17,0.0
constant,OMA_376_038,OMA,-0.146289005884502,-0.20493719810343336,0.0,0.0
global_affine,JAX_004_006,JAX,0.0,0.0,0.0,0.0
global_affine,JAX_004_014,JAX,0.0,0.0,0.0,0.0
global_affine,JAX_004_016,JAX,0.0,0.0,0.0,0.0
global_affine,JAX_018_012,JAX,0.0,0.0,0.0,0.0
global_affine,JAX_022_009,JAX,0.0,0.0,0.0,0.0
global_affine,JAX_031_006,JAX,0.0,0.0,0.0,0.0
global_affine,JAX_072_015,JAX,0.0,0.0,0.0,0.0
global_affine,JAX_118_012,JAX,0.0,0.0,0.0,0.0
global_affine,JAX_118_015,JAX,0.0,0.0,0.0,0.0
global_affine,JAX_149_006,JAX,0.0,0.0,0.0,0.0
global_affine,JAX_149_025,JAX,0.0,0.0,0.0,0.0
global_affine,JAX_161_001,JAX,0.0,0.0,0.0,0.0
global_affine,JAX_164_008,JAX,0.0,0.0,0.0,0.0
global_affine,JAX_165_015,JAX,0.0,0.0,0.0,0.0
global_affine,JAX_166_006,JAX,0.0,0.0,0.0,0.0
global_affine,JAX_175_002,JAX,0.0,0.0,0.0,0.0
global_affine,JAX_204_005,JAX,0.0,0.0,0.0,0.0
global_affine,JAX_214_015,JAX,0.0,0.0,0.0,0.0
global_affine,JAX_214_023,JAX,0.0,0.0,0.0,0.0
global_affine,JAX_224_025,JAX,0.0,0.0,0.0,0.0
global_affine,JAX_264_013,JAX,0.0,0.0,0.0,0.0
global_affine,JAX_269_009,JAX,0.0,0.0,0.0,0.0
global_affine,JAX_416_009,JAX,0.0,0.0,0.0,0.0
global_affine,JAX_416_022,JAX,0.0,0.0,0.0,0.0
global_affine,JAX_505_016,JAX,0.0,0.0,0.0,0.0
global_affine,JAX_505_018,JAX,0.0,0.0,0.0,0.0
global_affine,OMA_042_011,OMA,0.0,0.0,0.0,0.0
global_affine,OMA_084_038,OMA,0.0,0.0,0.0,0.0
global_affine,OMA_134_027,OMA,0.0,0.0,0.0,0.0
global_affine,OMA_144_030,OMA,0.0,0.0,0.0,0.0
global_affine,OMA_198_002,OMA,0.0,0.0,0.0,0.0
global_affine,OMA_211_032,OMA,0.0,0.0,0.0,0.0
global_affine,OMA_211_039,OMA,0.0,0.0,0.0,0.0
global_affine,OMA_212_033,OMA,0.0,0.0,0.0,0.0
global_affine,OMA_221_034,OMA,0.0,0.0,0.0,0.0
global_affine,OMA_225_001,OMA,0.0,0.0,0.0,0.0
global_affine,OMA_230_036,OMA,0.0,0.0,0.0,0.0
global_affine,OMA_248_029,OMA,0.0,0.0,0.0,0.0
global_affine,OMA_248_030,OMA,0.0,0.0,0.0,0.0
global_affine,OMA_258_020,OMA,0.0,0.0,0.0,0.0
global_affine,OMA_269_035,OMA,0.0,0.0,0.0,0.0
global_affine,OMA_281_002,OMA,0.0,0.0,0.0,0.0
global_affine,OMA_281_030,OMA,0.0,0.0,0.0,0.0
global_affine,OMA_315_019,OMA,0.0,0.0,0.0,0.0
global_affine,OMA_315_020,OMA,0.0,0.0,0.0,0.0
global_affine,OMA_332_037,OMA,0.0,0.0,0.0,0.0
global_affine,OMA_364_003,OMA,0.0,0.0,0.0,0.0
global_affine,OMA_364_043,OMA,0.0,0.0,0.0,0.0
global_affine,OMA_376_023,OMA,0.0,0.0,0.0,0.0
global_affine,OMA_376_038,OMA,0.0,0.0,0.0,0.0
linear_xy,JAX_004_006,JAX,0.38939941111561127,0.23811615664339392,0.013678149951035196,0.010641198683067593
linear_xy,JAX_004_014,JAX,0.057376549917524666,0.018464302891685325,0.00032222553375524376,-0.005209516560849503
linear_xy,JAX_004_016,JAX,1.0532778693279061,1.0376510360668831,0.04971098766042903,0.08122688661129948
linear_xy,JAX_018_012,JAX,-0.3033809957183445,-0.2917534075960738,-0.018987676175376833,-0.01559010457437253
linear_xy,JAX_022_009,JAX,0.15313395431120003,0.5163943557792507,0.017614150674328935,0.005573441012861363
linear_xy,JAX_031_006,JAX,-0.17932153803299988,-0.5174551925439731,0.004903795255040644,0.010969942171295974
linear_xy,JAX_072_015,JAX,0.489496578576499,0.6001009916635355,0.23839893408567572,0.268785493067083
linear_xy,JAX_118_012,JAX,0.421235211526731,0.31064437267184597,0.024912634624983054,0.11796086202837396
linear_xy,JAX_118_015,JAX,0.02641625600410219,0.07101503966604583,0.009542126314514315,0.006712620741558678
linear_xy,JAX_149_006,JAX,0.4252584679103256,0.19141127642789457,0.06721414075554197,0.08948152567762319
linear_xy,JAX_149_025,JAX,0.6883182710615986,0.5675995950616018,0.08508844445703262,0.11022488883398215
linear_xy,JAX_161_001,JAX,0.6071580675856338,0.41488357017439503,0.014205924146124843,0.019979335641837126
linear_xy,JAX_164_008,JAX,-1.5546576088873398,-1.2927441053560247,-0.00449845751877756,0.004513185810649023
linear_xy,JAX_165_015,JAX,0.7469060046770887,0.7169567813591948,0.02145745640719271,0.009492174423062105
linear_xy,JAX_166_006,JAX,-1.5693298812795247,-1.3149922326586005,-0.007175453408485216,-0.012152416458326987
linear_xy,JAX_175_002,JAX,-0.32961797184775565,-0.0063855594123244375,-0.007761339653194033,-0.05506800521767187
linear_xy,JAX_204_005,JAX,0.4780619620776051,-0.056185821730799224,-0.03299871705688127,-0.038824754030079706
linear_xy,JAX_214_015,JAX,0.9101031838702371,0.794026158347092,0.03148557711918165,0.004741638321688502
linear_xy,JAX_214_023,JAX,-0.2926332580902675,0.4186721294212177,0.05676970377464713,0.01459417141185676
linear_xy,JAX_224_025,JAX,0.28171090551760425,0.6727437372057232,0.05471585966693086,0.027094883104584605
linear_xy,JAX_264_013,JAX,0.34801421815233186,0.6539180626430748,-0.02846526845392,-0.0314984393571174
linear_xy,JAX_269_009,JAX,-0.6451960834738477,-0.24454224767136346,-0.08149091357807556,0.09346015983230714
linear_xy,JAX_416_009,JAX,-0.11797859866717508,-0.045739567113895596,0.09853091474070497,0.07781130850699136
linear_xy,JAX_416_022,JAX,0.08295724361635887,0.1844533085502339,0.030006938981091344,0.045377886811892455
linear_xy,JAX_505_016,JAX,1.2448558829313316,1.3345906433042891,0.204156098728493,0.1860859472776058
linear_xy,JAX_505_018,JAX,1.0138451173276672,0.49043398027453655,0.20407553134195175,0.1815528848652282
linear_xy,OMA_042_011,OMA,-0.18366072831320046,-0.3325178888217998,-0.0082048407731495,-0.012736533743530835
linear_xy,OMA_084_038,OMA,-0.12293226956323622,0.009491935649187377,0.060067193583055706,0.07063566844500152
linear_xy,OMA_134_027,OMA,0.21343842129658497,0.060112880159999604,-0.007933518942269357,0.008971203585746695
linear_xy,OMA_144_030,OMA,-0.0003129348069470222,0.0011538545357317356,0.0023762470803971453,0.006926814408547349
linear_xy,OMA_198_002,OMA,-0.1763208333743731,-0.24914517402905667,-0.006723454023922423,-0.005189941283493357
linear_xy,OMA_211_032,OMA,-0.4250036084322717,-0.4022412007657693,-0.1811859842819647,-0.2653476854935899
linear_xy,OMA_211_039,OMA,-0.6007557659352804,-0.3458393893052733,0.2507348635513327,0.10146568090153016
linear_xy,OMA_212_033,OMA,-0.8811143840114811,0.15158492961350079,-0.3713404966794557,-0.2105601309268494
linear_xy,OMA_221_034,OMA,-0.08477804188779481,0.009173672880067874,0.005230281009432153,0.00921970271226849
linear_xy,OMA_225_001,OMA,-0.27063769397490284,0.06631301837013792,0.09142464903941987,0.12979031315947917
linear_xy,OMA_230_036,OMA,-0.007742567481996088,0.09140408904862196,-0.2881156021459259,-0.22504427007014105
linear_xy,OMA_248_029,OMA,0.8011008680465168,0.9567575430712292,0.03970838023593046,0.0024230172340741485
linear_xy,OMA_248_030,OMA,0.3964511173737189,0.3484842108491265,0.0296559564521702,0.048714432327688045
linear_xy,OMA_258_020,OMA,-0.31190731791364545,-0.48297467340453915,0.02976115237380004,-0.05634527297847692
linear_xy,OMA_269_035,OMA,0.05783021164153468,0.16595161028284117,0.010246720852939872,0.019830160764383403
linear_xy,OMA_281_002,OMA,-0.5381881307971501,-0.41646660051451323,-0.04062450818650261,-0.052734130124361955
linear_xy,OMA_281_030,OMA,0.2661788381157599,0.16791694440121574,0.016552374477513537,0.009503509752132086
linear_xy,OMA_315_019,OMA,-0.17352273569751508,0.1650651626421431,0.020528314390377986,0.029007882275037894
linear_xy,OMA_315_020,OMA,-0.2911418973036386,0.2325913761669659,0.0010236898634518599,-0.0007686389187131215
linear_xy,OMA_332_037,OMA,0.3121751055735863,0.10323246757788362,-0.10528323665412086,-0.08286622943911959
linear_xy,OMA_364_003,OMA,0.21550116942809133,0.2947381380146419,0.03071182688913285,0.07102865905501031
linear_xy,OMA_364_043,OMA,-0.0978868943284103,0.196343343150029,-0.01367892473954492,0.007272957612170561
linear_xy,OMA_376_023,OMA,-0.030551586416269427,-0.01421080239552211,-0.016060829414111452,-0.015514584350481885
linear_xy,OMA_376_038,OMA,0.5617706097794287,0.3357964155866069,-0.0902407314279297,-0.09207288721863191
quadratic_xy,JAX_004_006,JAX,0.079291126919247,-0.2672752418283644,-0.03460743281663012,-0.05431860529540185
quadratic_xy,JAX_004_014,JAX,-0.01353017289666969,-0.08900596507619252,-0.009117283600844295,-0.021318964254201378
quadratic_xy,JAX_004_016,JAX,0.7691116007704374,0.6553045276633339,0.009747200606306045,0.04602853976920518
quadratic_xy,JAX_018_012,JAX,-0.4177101001052791,-0.5168240784088383,-0.045019055950475645,-0.04425083175423353
quadratic_xy,JAX_022_009,JAX,0.014268243802352032,0.23285003493107803,-0.15731441516540956,-0.13093406162148408
quadratic_xy,JAX_031_006,JAX,-0.06192363621780106,-0.5414264003266217,-0.057842577268074236,-0.07364438053945996
quadratic_xy,JAX_072_015,JAX,0.47961168432956924,0.6013080898104599,0.19851466681244045,0.22642147603980015
quadratic_xy,JAX_118_012,JAX,-0.12047599380160762,-0.21759973458974136,-0.024797950321032436,0.022775045902290333
quadratic_xy,JAX_118_015,JAX,-0.20616993704448677,-0.19353609712151842,-0.03435393612048143,-0.05085569609136767
quadratic_xy,JAX_149_006,JAX,0.17197409820794285,-0.05889139984234437,0.04236826468051806,0.05308814101332046
quadratic_xy,JAX_149_025,JAX,0.4395366049166002,0.1156192545952952,-0.02627754740512306,-0.010231762759915677
quadratic_xy,JAX_161_001,JAX,0.4620342549171792,0.3248207318838977,0.0035299604151580455,-0.012082255574009729
quadratic_xy,JAX_164_008,JAX,-3.172409627190926,-3.130489989577837,-0.13920196914232782,-0.09903578378356823
quadratic_xy,JAX_165_015,JAX,-0.325125477486787,-0.619686131777857,-0.0014020413414700672,-0.004676604045570243
quadratic_xy,JAX_166_006,JAX,-1.4044482467040789,-0.569367687375163,-0.036654310078213986,-0.05122217606714538
quadratic_xy,JAX_175_002,JAX,-0.6075593099567587,-0.341283427214661,-0.053567594224170983,-0.09446273723259328
quadratic_xy,JAX_204_005,JAX,0.6219832585409286,0.19146480824856732,0.13589143031675047,0.10681339406206139
quadratic_xy,JAX_214_015,JAX,1.3430618951785191,1.056402316405936,0.0585662519093168,0.04827166073346015
quadratic_xy,JAX_214_023,JAX,-5.970762805165569,-4.601691952480546,-0.12737017101804693,-0.2978073773625307
quadratic_xy,JAX_224_025,JAX,-0.5135052711529562,0.0186826682971577,-0.03186681324319733,0.013242050204022776
quadratic_xy,JAX_264_013,JAX,-0.41765583942035556,-0.22330174647941503,-0.23758914096947248,-0.15960480602633167
quadratic_xy,JAX_269_009,JAX,-0.8056432647472169,-0.422685315358442,-0.06817479723945315,0.0828923374516544
quadratic_xy,JAX_416_009,JAX,-0.735933728233563,-0.6226597090941985,-0.05555477758045996,-0.016318360864181133
quadratic_xy,JAX_416_022,JAX,-0.9939510173586632,-0.7672136847102631,-0.06175434282427256,-0.03581446696187319
quadratic_xy,JAX_505_016,JAX,0.9815945719096413,0.7982678611068121,0.18242723393081656,0.15231476145122538
quadratic_xy,JAX_505_018,JAX,0.6915340790568156,-0.22875928477204055,0.09686557070529016,0.05636119698397565
quadratic_xy,OMA_042_011,OMA,-0.5378840726572214,-0.8928870835517054,-0.14793052180802388,-0.2068817058647951
quadratic_xy,OMA_084_038,OMA,0.027193507077315715,0.18456513227986093,0.05649452935965259,0.0472313437791331
quadratic_xy,OMA_134_027,OMA,0.16524072686565494,-0.06882878020651834,-0.08228738169941827,-0.14562865929750654
quadratic_xy,OMA_144_030,OMA,-0.0004987933733904895,0.0009227734436796204,-0.0804701765595125,-0.07980691318750047
quadratic_xy,OMA_198_002,OMA,0.10823671220864328,0.11191257873886729,0.009654913384756394,0.001794978404241837
quadratic_xy,OMA_211_032,OMA,-0.15703083727216488,-0.2661973850628889,-0.3338978188352266,-0.32913523843109393
quadratic_xy,OMA_211_039,OMA,-0.40902334846317684,-0.29550183003067493,0.10382375056429358,0.015609039208674458
quadratic_xy,OMA_212_033,OMA,-1.1734399545914453,-0.13597760358129918,-0.6192545416495097,-0.32886581340450827
quadratic_xy,OMA_221_034,OMA,-0.15068347643617708,0.013142689974596111,0.005525188493059635,-0.07491129728900821
quadratic_xy,OMA_225_001,OMA,-0.4616022773023877,-0.17015716380364965,0.04956636942243345,0.10490705673850803
quadratic_xy,OMA_230_036,OMA,-0.29435437648489426,-0.10249208617727618,-0.41831947168347267,-0.2760639814463739
quadratic_xy,OMA_248_029,OMA,0.33044348978409654,0.5109683603460541,-0.0070275575735942175,0.02017594708374476
quadratic_xy,OMA_248_030,OMA,0.3022061911497951,0.32066710629700856,-0.004146828481670278,0.06631114192004292
quadratic_xy,OMA_258_020,OMA,-0.8731102642723587,-0.8562538518660858,0.22730240017105235,0.15335069399487136
quadratic_xy,OMA_269_035,OMA,0.025293749313844593,0.12092457321182237,0.009353081741649644,0.02068256452368919
quadratic_xy,OMA_281_002,OMA,-1.2385481135588294,-1.2479567998409808,-0.10262482341505424,-0.05899618892326372
quadratic_xy,OMA_281_030,OMA,0.14466989793218465,0.020767633363009796,0.020775824169125073,0.021119579794490848
quadratic_xy,OMA_315_019,OMA,-1.0466760845029364,-0.6595605239687928,-0.13113992565368932,-0.14307952555697265
quadratic_xy,OMA_315_020,OMA,-1.1739256891805314,-0.6119687153708884,-0.10448811650992258,-0.09503254850557284
quadratic_xy,OMA_332_037,OMA,-0.6555742233665709,-1.247621315972995,0.0015605767745011656,0.023754846577351295
quadratic_xy,OMA_364_003,OMA,-0.6662512395059205,-0.5214845505559269,-0.12317011747564816,-0.06743108929211936
quadratic_xy,OMA_364_043,OMA,-0.6853187136628678,-0.42332875715014195,-0.15771335652144922,-0.10616506828473515
quadratic_xy,OMA_376_023,OMA,-0.26065062146611806,-0.22948635099332965,-0.013922840463816963,-0.035738174202219544
quadratic_xy,OMA_376_038,OMA,0.6566556983776193,0.376471570875281,-0.02606447652821535,-0.09293455506646033
