tile,crops_q0,crops_q1,crops_q2,crops_q3,included
JAX_004_006,49,45,39,47,True
JAX_004_014,46,45,39,54,True
JAX_004_016,50,49,42,51,True
JAX_018_012,45,49,26,45,True
JAX_022_009,58,54,47,41,True
JAX_031_006,50,46,56,45,True
JAX_072_015,49,44,40,53,True
JAX_118_012,41,28,44,39,True
JAX_118_015,49,34,47,43,True
JAX_149_006,41,38,54,52,True
JAX_149_025,56,42,55,54,True
JAX_161_001,38,30,47,38,True
JAX_164_008,36,38,40,50,True
JAX_165_015,53,38,59,49,True
JAX_166_006,53,50,43,52,True
JAX_175_002,34,41,33,45,True
JAX_204_005,43,41,36,37,True
JAX_214_015,25,50,54,54,True
JAX_214_023,24,53,54,52,True
JAX_224_025,42,34,47,37,True
JAX_264_013,47,46,32,22,True
JAX_269_009,33,30,56,61,True
JAX_416_009,47,53,51,36,True
JAX_416_022,44,56,50,32,True
JAX_505_016,44,56,46,49,True
JAX_505_018,32,50,45,48,True
OMA_042_011,2,15,8,14,False
OMA_084_038,9,20,21,13,True
OMA_134_027,18,9,7,2,False
OMA_144_030,0,0,0,0,False
OMA_198_002,16,4,6,9,True
OMA_211_032,3,0,0,1,False
OMA_211_039,3,0,0,3,False
OMA_212_033,0,0,2,1,False
OMA_221_034,10,30,2,10,False
OMA_225_001,7,3,11,2,False
OMA_230_036,2,1,0,2,False
OMA_248_029,11,9,7,19,True
OMA_248_030,12,6,4,20,True
OMA_258_020,0,4,5,10,False
OMA_269_035,1,1,3,0,False
OMA_281_002,0,13,4,7,False
OMA_281_030,0,12,4,6,False
OMA_315_019,10,2,1,3,False
OMA_315_020,7,9,1,5,False
OMA_332_037,5,1,5,2,False
OMA_364_003,3,5,4,7,False
OMA_364_043,11,5,8,8,True
OMA_376_023,3,1,28,6,False
OMA_376_038,2,1,23,8,False
