tile_id,scale_factor,raw_max_abs_residual_m,a_slope,b_intercept,n_egm96,shape_h,shape_w,n_valid_px
bathinda,0.5145560455322266,25.727802276611328,3.2969460465663754,167.68182435033532,46.67737628173829,333,333,110889
kota,0.8536271667480468,42.681358337402344,20.02302881050952,190.34343359435167,53.81587081909177,333,333,110889
kurnool,1.2359461212158203,61.797306060791016,23.201835946985344,233.5878933542813,85.57833831787106,333,333,110889
nizamabad,0.5224384307861328,26.12192153930664,0.9236938121932151,285.24341972842564,72.74963348388674,333,333,110889
vidisha,0.9932483673095703,49.662418365478516,5.973683136498554,365.28470075857933,57.17927704114446,333,333,110889
amalapuram,0.4639336776733398,23.196683883666992,3.6713212013918426,-74.63507466963095,77.58617095947255,333,333,110889
digha,0.4650809097290039,23.254045486450195,12.833853838860144,-61.01493548248973,59.87599774291995,333,333,110889
goa_estuary,1.1880654144287108,59.40327072143555,53.215180768750336,-88.3576556738626,82.30981034359375,333,333,110889
kakinada,0.6511056518554688,32.55528259277344,7.817158868563615,-74.1848905003664,75.7331924759521,333,333,110889
kutch,0.2076326370239258,10.381631851196289,2.5912837161222217,-49.66845897514512,49.287957177734384,333,333,110889
nagapattinam,0.22931024551391602,11.4655122756958,5.023305399323696,-94.1183310236043,93.4408819545703,333,333,110889
vembanad,0.4168190383911133,20.840951919555664,14.709911555512413,-98.25817852497141,95.24478258901372,333,333,110889
almora,11.587152099609375,579.3576049804688,326.12609093537253,1213.5858200256794,48.23671429149397,333,333,110889
dehradun,15.068670654296875,753.4335327148438,744.9774419172408,1298.6346883240399,40.61992050170887,333,333,110889
dharamshala,20.469857177734376,1023.4928588867188,1483.9889302066542,728.803597280797,40.72502087006849,333,333,110889
kohima,17.080418701171876,854.0209350585938,783.7514769590454,951.4775815011424,50.92800166140133,333,333,110889
manali,19.3480419921875,967.402099609375,2231.7444254979573,1835.8324670427523,30.08014483582462,333,333,110889
bengaluru,1.302742462158203,65.13712310791016,22.167126915006495,811.9178983206674,86.4159555396582,333,333,110889
chennai,0.6145281219482421,30.72640609741211,15.180580379628157,-92.25195138235124,92.24501062006355,333,333,110889
delhi,0.8719184112548828,43.59592056274414,53.38846487927775,136.52758199728703,52.59145355078126,333,333,110889
hyderabad,1.0997860717773438,54.98930358886719,61.36487649765699,403.3201110852624,77.09441167663572,333,333,110889
jaipur,3.490111999511719,174.50559997558594,81.60149057606324,364.2960890586874,49.688079843107964,333,333,110889
kochi_city,0.5153849029541016,25.769245147705078,7.3364948355220125,-94.26902946787258,95.23905530961423,333,333,110889
mumbai,5.5899365234375,279.496826171875,39.39432906654531,-76.38270462306808,68.52844169953617,333,333,110889
pune,2.66184326171875,133.0921630859375,8.470546024932505,501.00896531132815,72.17494089661132,333,333,110889
