tile_id,city,agl_p95,agl_max,pearson_all,spearman_all,pearson_gt0,spearman_gt0,pearson_gt1,spearman_gt1,pearson_gt2,spearman_gt2,pearson_gt5,spearman_gt5,pearson_smooth,spearman_smooth
JAX_004_006,JAX,14.956588745117188,29.548999786376953,0.7251878476295361,0.6237550640329593,0.7288113480571526,0.6751870225905316,0.6410507593618913,0.6051613182975683,0.6281351816588681,0.5930453222594697,0.48922258092196075,0.4550166989494043,0.7418926815148663,0.6916780970377687
JAX_004_014,JAX,15.565923690795898,31.35599899291992,0.8142877311902497,0.7278328417927696,0.8104770297065089,0.7718258326300464,0.7322794236081235,0.7110805064484739,0.7220928530810393,0.7038445604672352,0.5515647006787385,0.47879140523792446,0.8320432647512468,0.8019820178324897
JAX_004_016,JAX,15.55299949645996,29.548999786376953,0.6946139267643153,0.5390230512868478,0.7017953456399526,0.5945489196700581,0.648739377790955,0.6575312090045393,0.6439255771384742,0.6624377013802815,0.46771620969042693,0.459553253859307,,
JAX_018_012,JAX,12.739999771118164,25.29300117492676,0.5822959417867408,0.5706881424049276,0.5552844975721241,0.5866529692477463,0.2921469408827492,0.33277962915112214,0.23074068215291813,0.26186689455349527,0.147471758462357,0.21337535636411123,0.5981741514796204,0.6058938787947274
JAX_022_009,JAX,14.01747989654541,23.70299911499023,0.16745505388160384,0.1507498657220503,0.16383163134761128,0.15128033850976513,0.11055446509068927,0.13336724072964282,0.08369127075388426,0.10656110674041708,-0.08404886054366999,-0.11953445676215751,0.1674905397535851,0.14944983799283773
JAX_031_006,JAX,15.73699951171875,24.450000762939453,0.6273849402835354,0.5520812691923089,0.6060339692848027,0.5575481019939362,0.4489382650732327,0.42603510481601764,0.429640378917152,0.40747364230100713,0.40979387720643595,0.40313580579914265,0.6403772420929489,0.5803674297479906
JAX_072_015,JAX,13.214998245239258,24.121000289916992,0.3912572142488331,0.30954262713044045,0.374601465847708,0.3014181109058425,0.316523487099773,0.30762398430132365,0.30180880021555084,0.29773738927966564,0.2585212527277192,0.2870760471381596,0.3992087265463995,0.31718052988092427
JAX_118_012,JAX,11.692749977111816,22.40500259399414,0.6550315178919963,0.4488924852845386,0.6567895848129277,0.47385266691191974,0.585513790640281,0.5047190922533777,0.5513472303473064,0.45487311989562645,0.5161322564257317,0.4217579247535544,0.6700053447610741,0.4715041393639624
JAX_118_015,JAX,11.738807678222656,22.40500259399414,0.742672059155681,0.5474875805256533,0.7549770200434736,0.6501896651890733,0.6939521771106907,0.6284256659044886,0.6748597010621608,0.595979705690637,0.6222180297218494,0.5068208772575749,0.7605527251521034,0.6101242393456223
JAX_149_006,JAX,17.68100929260254,27.024999618530273,0.5553825775464059,0.5004005665954747,0.5514882184647348,0.5405288620006561,0.3148098569782801,0.28372090200351946,0.29605689911305033,0.26393305845663384,0.258672234795585,0.23511192902411557,0.5689018166169466,0.539309686717422
JAX_149_025,JAX,17.753467559814453,28.470996856689453,0.4336698750900796,0.38154600513975306,0.43682438359556613,0.4182173129859626,0.19466243349102397,0.180663826552025,0.17200002251395557,0.16065781643325316,0.1318171511406887,0.1261861783074671,0.4450519684887123,0.41406620008873996
JAX_161_001,JAX,9.312740325927734,45.86699676513672,0.7722680983949403,0.5971999470201559,0.7825253836897013,0.6914739564870421,0.6559205927217773,0.6372548962299726,0.6217347013615417,0.592837734235716,0.5291578981581353,0.4535191181837133,0.7941078283783229,0.6590942186016293
JAX_164_008,JAX,37.631561279296875,109.7449951171875,0.7298173488831075,0.6106331559416246,0.731678503695042,0.6678066833032704,0.7154217513871682,0.7940379493559641,0.6982063466375211,0.7809604666799508,0.6433395925459735,0.7286629465255275,0.7389043541682687,0.6385124106201359
JAX_165_015,JAX,29.119802474975582,81.45599365234375,0.7751950971254347,0.6776111905272646,0.7695879015064544,0.7148670875954579,0.7394360552940343,0.7499514492603191,0.7297125780760458,0.7462280521332992,0.704468791038767,0.7311470814393105,0.7835466890249829,0.6832521963691031
JAX_166_006,JAX,48.142059326171875,136.72000122070312,0.7979219686553212,0.7794458422146184,0.786451806546721,0.8157189096703346,0.7105651802268189,0.8229487637803441,0.6869994487476971,0.7977192095154605,0.6532108226056239,0.7593405770998087,0.8098890230056678,0.8085994728335252
JAX_175_002,JAX,19.73318672180176,59.867000579833984,0.7015491617873661,0.6557865728250392,0.6840827832658312,0.681203643558418,0.5293180237165224,0.598363558144294,0.5052764470276687,0.5731496085170243,0.45239269296966744,0.5530351377708304,0.7088995369299976,0.7024280491935602
JAX_204_005,JAX,13.191293716430664,46.551998138427734,0.5569596470497975,0.3700577689962289,0.5778978467989304,0.45712399323159447,0.5379540188083699,0.5094067641465637,0.5245402091548852,0.5022506941364706,0.458118338001843,0.4686564411696908,0.5695054511403252,0.38256604363284613
JAX_214_015,JAX,37.75020980834961,97.44700622558594,0.7325019585535912,0.7435250609968411,0.7337197198307562,0.7435853801779916,0.7108657222671468,0.6379202566663512,0.7051653841426816,0.6232887085431241,0.6773342965158099,0.546443994816147,0.7391842631559581,0.7689270053023337
JAX_214_023,JAX,39.78400039672851,97.4469985961914,0.7269905141538369,0.7723788561542787,0.7174425130005185,0.7602641125681363,0.6659598851300564,0.6342769816218078,0.66099987951947,0.61927333613462,0.6350146089022244,0.5265387090488406,0.7317107569635666,0.7937191034091873
JAX_224_025,JAX,15.468547821044922,74.53700256347656,0.517139456182315,0.41478373265720525,0.5222804220296091,0.46829731767098903,0.334028431778659,0.4250582148892713,0.27162188965141043,0.3699128417108721,0.07386056414088163,0.191142367770568,0.5297845197030193,0.4262367546346783
JAX_264_013,JAX,13.371824264526367,45.61199569702149,0.44797761816588083,0.3280174643605033,0.47020419412084413,0.3817315096411181,0.45921940363666636,0.4148231966776316,0.45224368891211497,0.40288751169914866,0.47419526385525407,0.39347178122463655,0.45185692132645094,0.359713758789392
JAX_269_009,JAX,16.0008544921875,33.61399841308594,0.6096633243095698,0.4516245198003509,0.6408109275011598,0.5361858775705638,0.2965473560427324,0.2503874057669472,0.2587208459975281,0.21883275900168223,0.3129198437139774,0.2932594099186348,0.6249148153612444,0.5665827210273402
JAX_416_009,JAX,9.79737949371338,23.347000122070312,0.557384909870629,0.46444989917457763,0.5608105016784501,0.5346324983417662,0.31648166724759774,0.4126806004963207,0.2678505667152724,0.382976141562291,0.06567903973073998,0.2686098954856955,0.5708886699289638,0.49283480030177207
JAX_416_022,JAX,9.666999816894531,23.347000122070312,0.6726085366652682,0.5933633759838937,0.6664521061794413,0.6471076780174732,0.3902572287202528,0.48924626664341203,0.33925773179020435,0.4590578242896168,0.12115283828084417,0.33922513093438605,0.6857789635493607,0.6278991923589836
JAX_505_016,JAX,20.98099899291992,34.560001373291016,0.33802716905668667,0.2861160630977142,0.3325464395155934,0.2789098890861199,0.38111574173986973,0.3602871194745203,0.38045928870517765,0.3624939409758444,0.41674646374704855,0.4323675560257353,0.3439988289104913,0.28105591840627453
JAX_505_018,JAX,19.9617862701416,34.560001373291016,0.2612709065457282,0.200695735381025,0.26164104482488626,0.1983072715060772,0.327192219181896,0.28939286231919936,0.33101058257578375,0.29696939632295943,0.38109132923210365,0.37298881404844386,0.2651769883071272,0.19116760470409433
OMA_042_011,OMA,12.839071273803713,25.345544815063477,0.2766390033669043,0.34045455451685236,0.16178422780756696,0.17309329969414908,0.005950741884977271,-0.047053545231484424,-0.04254320445914936,-0.10597199761185119,-0.034424184522838366,-0.1351166775613167,0.290232876824446,0.3665929030084814
OMA_084_038,OMA,13.262447357177734,33.40907287597656,0.4870337496071542,0.5450012835245056,0.3608695757133261,0.4155944901971154,0.2306369013743464,0.27019937639197494,0.19360766977447624,0.23206136629479898,0.0949191243672054,0.11430347708685032,0.5141036222326754,0.585172209857076
OMA_134_027,OMA,9.051368713378906,28.635400772094727,0.2595435401709045,0.3277439746255275,0.23391411769348766,0.2710452720473932,-0.010213980506814352,-0.013082125547698683,-0.08468801360967983,-0.11576113720795995,-0.027560359719535174,-0.0306969258143614,0.2749389997537657,0.3834552850487298
OMA_144_030,OMA,0.044998250901699,1.1392414569854736,-0.046916119775833695,-0.0568626140026893,-0.13021570424591275,-0.15141661359946024,,,,,,,-0.05794753966008957,-0.07290150205399981
OMA_198_002,OMA,11.91628074645996,26.53471565246582,0.5796243239453333,0.6241320420366762,0.5374395346893874,0.5993160249123088,0.38325705291606216,0.4328950409654273,0.3373713602576025,0.3877798446337937,0.15152358897111987,0.1780551650792503,0.6221829894109203,0.6701828620009308
OMA_211_032,OMA,7.421482563018799,31.250688552856445,0.11856672583302535,0.15666809935512302,0.09990792327385611,0.1779231860095753,0.06391257619347633,0.11663425955991204,0.05046449531785312,0.09255951069590597,-0.02440083615965325,-0.03180200845115707,0.12760425696981964,0.1850942520325376
OMA_211_039,OMA,7.819433689117432,30.581241607666016,0.1343100653636886,0.08743290541392085,0.19119125763173184,0.22794341959753553,-0.03151829257212151,-0.011434973618691962,-0.07751976820568626,-0.05673420821487176,-0.2400031184062097,-0.21370733895567623,0.1472159195284837,0.06960391144732256
OMA_212_033,OMA,11.588922500610352,22.58051300048828,0.37952261927542685,0.152413123636108,0.49832296945733356,0.34846939700741286,0.6111100436167929,0.6620867886283167,0.6116916882312866,0.6563371454318041,0.5519029614271255,0.5942591991703118,0.38332148986801606,0.1425818993040341
OMA_221_034,OMA,14.943379402160645,35.87179946899414,0.6680643177274546,0.6440257336935363,0.6431441027051867,0.7223858406006685,0.3202602834922868,0.3334165138414619,0.2764714828134557,0.28574714544814955,0.19928857331436678,0.1980459947801506,0.7097347630599032,0.6772336053070814
OMA_225_001,OMA,9.386950492858888,20.05585289001465,0.43345535299445787,0.3631329575945564,0.4723985665900608,0.39936329684262833,0.35293332648703957,0.3535933958043013,0.3069411040058011,0.30004783128404633,0.15778592607448538,0.1323268526891013,0.4494048172507602,0.3734087800118058
OMA_230_036,OMA,6.8873138427734375,41.172847747802734,0.493343328297674,0.325967877647631,0.523023529420345,0.43967492109371675,0.39372096706225823,0.4370458971347361,0.35330638531249303,0.41358932570741475,0.16121414396991052,0.23926230657709213,0.5145698628327836,0.33892870569087197
OMA_248_029,OMA,18.956703186035156,40.34718322753906,0.6965510557294912,0.5871285375758714,0.7092948973683171,0.7153464603869192,0.6280943038454043,0.6624158270948651,0.5671035840351026,0.5873203814500685,0.39604183633924306,0.3608501006096163,0.7022710570655325,0.6090499965154627
OMA_248_030,OMA,18.608646392822266,40.11615753173828,0.7390817708711153,0.5621898025180716,0.7431256058409157,0.739850460285613,0.6228612722087612,0.6379942529176239,0.5623411936341816,0.5653404504344347,0.5186383089203853,0.5268500965036079,0.746888785062457,0.5523781527986792
OMA_258_020,OMA,6.886962890625,36.02568817138672,0.07429947233171125,-0.05970877779701782,0.1767828124229194,0.037436736733100204,0.24046318982921044,0.17961425130345007,0.22972696194267805,0.16696852291633946,0.1613084238371021,0.15610695555237022,0.07384912860736548,-0.09988662081744366
OMA_269_035,OMA,7.45649003982544,26.574542999267575,0.6962490621827828,0.615820175497437,0.678448401366043,0.6487707551512053,0.5087572049212049,0.5295225605789858,0.45620841440218746,0.4839191447856036,0.23456328067324606,0.30898599946313565,0.7312991468500065,0.6579643050828364
OMA_281_002,OMA,12.076508522033691,131.2225341796875,0.6678274531602241,0.568365625749453,0.6860242618047306,0.6968912775552724,0.6483392009942315,0.6253957379519935,0.6374222969141338,0.6417714627601442,0.5803055864243668,0.6668963012632098,0.6925717982932058,0.632306264418608
OMA_281_030,OMA,12.402538299560549,121.3251724243164,0.8214816853471711,0.5576829104301317,0.8217112850526684,0.7368132525232178,0.7928978211838593,0.7005342821648751,0.7849742415119265,0.7063339967905553,0.7563610040634497,0.7790632134017766,0.8514004231013628,0.5944298427414996
OMA_315_019,OMA,9.952412605285645,20.70301055908203,0.656627789032141,0.5481292802027504,0.6646790156202956,0.6282453555924302,0.4813511869488616,0.35106321205238067,0.43401823033825987,0.2669286070842717,0.5426270244071312,0.32084835147429447,0.668261492611577,0.5648248922827547
OMA_315_020,OMA,9.937824249267578,20.69062232971191,0.8031959401120661,0.660551482144804,0.7853031804938728,0.7750602981765465,0.5665947306776183,0.43049072476879363,0.5165654246104048,0.339530292945098,0.568245971337854,0.3389258344365812,0.8177711687698825,0.7053125612238593
OMA_332_037,OMA,8.842894554138184,52.31790542602539,0.2600717970583454,0.2550946677367616,0.23394748273554167,0.2787206047490076,0.1376540489439859,0.2266826164675836,0.05158605226383393,0.11940528658247461,-0.08267220237145012,-0.04746985481169009,0.2765775360761419,0.2656742938883189
OMA_364_003,OMA,10.554752349853516,26.8829288482666,0.41962438570077987,0.26990710135483464,0.5236555555455623,0.5158689705562465,0.26937100097752087,0.27651281417935214,0.20382960331308198,0.2007147809409881,0.06753650347322926,0.027955414887264683,0.4364509031983328,0.31047442531712416
OMA_364_043,OMA,10.60989761352539,26.95920181274414,0.4483591587593544,0.29943292012432665,0.5229043567460228,0.5044469449925011,0.26637019595713585,0.24921824168445994,0.21119710032999314,0.1859824461770627,0.06556666243754378,-0.0017706409769299653,0.467660407079046,0.3355501699095115
OMA_376_023,OMA,5.145909309387207,29.967708587646484,0.7215946110925107,0.2815212315207871,0.8276992696900676,0.6099680904994343,0.8076812038812742,0.7841628540194725,0.7754392277530782,0.7921932681374521,0.6189199455180987,0.5960199140852593,0.7307129089689577,0.3285664338736432
OMA_376_038,OMA,5.450279235839844,29.560192108154297,0.5976006968807437,0.3439594053103105,0.7592641178848358,0.6066624388521722,0.8190089386491978,0.6870442879852133,0.8222901648650024,0.7442294612784605,0.8075680574015276,0.8134500489388927,0.6029106735327154,0.39585045985554285
