tile_id,lat,lon,native_res_m,sigma_px,a_slope,b_intercept,ransac_r2,ransac_n_inliers,trend_vs_dem_pearson,raw_vs_dem_pearson,held_out_dem_rmse_m,held_out_dem_mae_m,held_out_dem_pearson,icesat2_rmse_m,elev_range_m,icesat2_rmse_pct_of_range,n_icesat2_photons,category
bathinda,30.28,75.15,28.687925313715294,2.8687925313715295,3.2816147804260254,214.38705444335938,0.2699341602093589,42935,0.20275268,0.20535916,0.5360925632846117,0.4125338344869531,0.9690355925505787,1.5247146796736564,42.70751953125,3.570131668635052,1194195,agricultural
kota,25.15,76.15,29.356714358635408,2.935671435863541,18.507762908935547,245.45689392089844,0.8419545543861977,50914,0.67452097,0.67454994,0.49794935187250217,0.37347767444388613,0.9972421022689926,1.9303056610527125,74.85484313964844,2.5787318229383684,624582,agricultural
kurnool,15.7,77.9,30.252879954007735,3.0252879954007734,24.14977264404297,319.0775451660156,0.8615457171995573,53071,0.6903703,0.6903584,0.5122548190316215,0.39426976245181933,0.9986327415904803,2.3056809252728736,105.53814697265625,2.184689604101396,220429,agricultural
nizamabad,18.67,77.85,30.017176785536765,3.0017176785536765,1.4574334621429443,357.6369323730469,0.023474992100448455,35467,0.024459526,0.024655847,0.5155432547357178,0.3989821906913466,0.9969553747095505,3.080470085534469,52.300384521484375,5.889956859244599,721319,agricultural
vidisha,23.5251,77.8081,29.541402747377276,2.9541402747377274,6.634884357452393,421.29718017578125,0.408252302623743,38209,0.16889864,0.1661333,0.5309841123577618,0.4035757153334057,0.9974225752624937,1.4391971073857517,70.49853515625,2.0414567539537884,503498,agricultural
amalapuram,16.75,82.28,30.174304983136157,3.0174304983136158,3.0007805824279785,3.3574862480163574,0.4781716712843518,41008,0.3725747,0.3727106,0.5585923915387316,0.3919804863508427,0.9768522469856744,3.176998200873673,37.203269958496094,8.539567098316699,1060205,coastal
digha,21.627,87.51,29.740892981503936,2.9740892981503935,13.480698585510254,-1.7129628658294678,0.8922305542378015,59220,0.71327114,0.7135877,0.49497414699223014,0.29500719561582056,0.9937225360025308,3.0852546348656977,39.66073989868164,7.77911517220145,727088,coastal
goa_estuary,15.4909,73.8278,30.267909162164976,3.0267909162164974,42.93230438232422,-5.3758463859558105,0.7267151403997929,45670,0.5468513,0.5476174,0.8320839779636845,0.5315601231621438,0.9993471311568798,3.0835789043709623,107.26433563232422,2.874747590793563,728473,coastal
kakinada,16.9891,82.2475,30.155687006137526,3.015568700613753,8.768782615661621,0.7894811630249023,0.8099519580823296,38399,0.549792,0.549909,0.5995706773404459,0.420475357970519,0.9851470386504961,2.630151384807581,53.29170227050781,4.935386322352728,586309,coastal
kutch,23.33,68.53,29.562712457045276,2.9562712457045275,1.3894842863082886,-0.29229164123535156,0.3728869102009281,85446,0.41947898,0.4195023,0.25800829338404524,0.08156521350431445,0.9745731002247119,1.0307828191142956,17.531858444213867,5.879484039836577,1061324,coastal
nagapattinam,10.7672,79.8449,30.553049968450214,3.055304996845021,4.791231155395508,-0.7559494972229004,0.8458034589609964,57831,0.5610814,0.5615128,0.37808840024852497,0.22304253033509602,0.9882140054229207,2.3878608173861178,22.628145217895508,10.552613987547128,587493,coastal
vembanad,9.4981,76.3388,30.612012600179458,3.061201260017946,13.750068664550781,-2.0172719955444336,0.8901995481861187,49265,0.7069484,0.7076349,0.5331042051789711,0.31841237945767503,0.9946570301111954,2.891975867695336,50.368377685546875,5.7416498219381475,325335,coastal
almora,29.5892,79.6467,28.785671861213803,2.8785671861213804,396.28729248046875,1220.1925048828125,0.6797386099354256,37145,0.3560915,0.35625267,2.3510051769827442,1.8052951906831116,0.9999310620145452,10.471214387628317,1010.7060546875,1.0360296486861267,122628,hilly
dehradun,30.47,78.15,28.66061575399761,2.866061575399761,769.0098266601562,1310.825927734375,0.7832459661216254,40057,0.5046015,0.5052224,4.290040823459518,3.2619780867545027,0.9999080150684423,11.46834328328674,1591.389892578125,0.7206494987037712,24273,hilly
dharamshala,32.219,76.3234,28.40055126024665,2.840055126024665,1530.03759765625,766.7003784179688,0.8972977894795886,71620,0.7829206,0.7830645,3.5942913554590064,2.598819953766935,0.9999688520223924,6.363492299532181,2214.765625,0.2873212509577478,56878,hilly
kohima,25.6751,94.1086,29.294265910273975,2.9294265910273976,703.2356567382812,1039.40966796875,0.6313439680914068,51495,0.4538645,0.4536562,2.2412077045127354,1.7362566513648778,0.9999639347319623,10.427413557596173,1518.001953125,0.6869170053523329,75182,hilly
manali,32.2432,77.1892,28.396842554730558,2.8396842554730557,2213.082763671875,1860.23583984375,0.919458433346767,67000,0.83142877,0.83130133,8.170958994339438,5.924382125002222,0.999885867034207,14.052343732871496,2464.71923828125,0.5701397349691956,169397,hilly
bengaluru,12.9716,77.5946,30.43290847341113,3.0432908473411127,25.98398780822754,897.0891723632812,0.5385276334640711,43370,0.3015598,0.30168393,0.7769834570401838,0.586344977393468,0.9988175982535537,6.503360740210949,111.644775390625,5.825047090163296,141770,urban
chennai,13.0827,80.2707,30.426256131004546,3.0426256131004545,16.530067443847656,-0.7816543579101562,0.9385364141182883,66378,0.8255224,0.82547843,0.6137648643643148,0.39274522096422915,0.9930973333798784,3.1020620851451195,54.687225341796875,5.672370587019426,280990,urban
delhi,28.6139,77.209,28.919567036171063,2.8919567036171063,51.90876770019531,189.01109313964844,0.8741820917408021,61272,0.8089829,0.80887353,1.002962968335762,0.7176857888967475,0.997129438066992,5.262144635855939,87.80986022949219,5.992658025081986,68961,urban
hyderabad,17.385,78.4867,30.124266642921338,3.012426664292134,67.4118423461914,475.9573974609375,0.789387527741452,48105,0.59386504,0.5928821,0.7339373084207691,0.540748522025701,0.9989826953107857,4.673292236858415,127.0,3.679757666817649,236072,urban
jaipur,26.9124,75.7873,29.14174034801888,2.914174034801888,66.32677459716797,416.1957092285156,0.5856912289125291,56379,0.49140644,0.49148747,0.93848106238739,0.5706324336643221,0.9995522156556038,3.556784196133954,209.86764526367188,1.6947749099987799,331252,urban
kochi_city,9.9312,76.2673,30.592726821350784,3.059272682135078,11.616482734680176,-0.7324075698852539,0.7777615257083316,24470,0.25322023,0.25469202,0.6568599994737786,0.35362117513935454,0.9875423979421065,2.435054523457031,49.362159729003906,4.933038863828839,373853,urban
mumbai,19.076,72.8777,29.981713610913157,2.9981713610913157,27.079042434692383,-3.70900821685791,0.555555813312078,75442,0.3812096,0.3813328,0.9721943548366082,0.665789878116775,0.9989099147400419,7.912845594054345,318.95831298828125,2.4808400570970752,137172,urban
pune,18.5204,73.8567,30.0300466216781,3.00300466216781,12.22716999053955,568.814208984375,0.09836210243748122,41501,0.059115157,0.058637045,0.8045098541043941,0.5859938056362145,0.9995471573523232,4.576573292868093,183.18939208984375,2.4982741853434125,158228,urban
