tile_id,category,srtm_range_m,glo_range_m,a_srtm,a_glo,i_fusion_rmse_m,i_fusion_pct,i_fusion_n,ii_dem_lowpass_rmse_m,ii_dem_lowpass_pct,ii_dem_lowpass_n,iii_srtm_raw_rmse_m,iii_srtm_raw_pct,iii_srtm_raw_n,iv_glo30_raw_rmse_m,iv_glo30_raw_pct,iv_glo30_raw_n,v_fusion_glo30_rmse_m,v_fusion_glo30_pct,v_fusion_glo30_n,i_repro_absdiff_m,rhf_n_px,rhf_pearson,rhf_spearman,rhf_raw_pearson,rhf_raw_spearman
bathinda,agricultural,42.70751953125,39.67597961425781,3.336023737358041,7.098041258852815,1.523666400262501,3.567677113974278,1194195,1.5236487284834839,3.5676357353617734,1194195,1.787997599053976,4.186610738995647,1194195,0.9496071184013136,2.223512694776071,1194195,0.8566452884086737,2.0058418231989528,1194195,0.0,81890,-0.0203804071540572,0.01684892953119656,-0.02038075526568434,0.016843687279295586
kota,agricultural,74.85484313964844,44.76457214355469,19.92559268518017,17.12490117900278,1.9289966654264423,2.57698311093609,624582,1.9288368234574547,2.5767695750280795,624582,2.1010199165400865,2.806792224012072,624582,1.0917328989114325,1.4584666176839176,624582,1.0079038071173418,1.3464777492579962,624582,0.0,60088,-0.0054267503283612715,0.032746933306046055,-0.00542473915742931,0.032746123484854124
kurnool,agricultural,105.53814697265625,104.84848022460938,23.196634931440745,22.582307718334057,2.304213622540086,2.1832992985342847,220429,2.3043381923581245,2.1834173315125125,220429,2.444229235422859,2.3159675487348963,220429,0.5558097996079963,0.5266435081070737,220429,0.5658402049989936,0.5361475648663762,220429,0.0,32405,0.010439412311476038,-0.019075382835096084,0.01043801373888013,-0.019056000638521774
nizamabad,agricultural,52.300384521484375,53.004913330078125,0.8102153039960448,1.159061051970545,3.0800379494403214,5.889130601277087,721319,3.08002581701378,5.889107403691348,721319,3.1833931919729133,6.086749114942383,721319,0.6964618057684422,1.331657141989738,721319,0.6781664141778948,1.296675770900522,721319,0.0,61013,-0.14113881718744667,-0.019704006747037362,-0.14118045663241316,-0.01967131129295832
vidisha,agricultural,70.49853515625,69.12033081054688,5.981620384130388,6.434055025869482,1.4351259909650846,2.035682000745592,503498,1.4311835282954268,2.0300897389192722,503498,1.6184393463389004,2.2957063473047477,503498,0.9220329397393314,1.3078753164101584,503498,0.9422448199656046,1.3365452457661038,503498,0.0,50499,-0.1417239848566138,0.0069287547508581305,-0.1417350219321128,0.006900811764104638
amalapuram,coastal,37.203269958496094,21.454618453979492,3.66122650982147,2.5023073018888287,3.1771583358677398,8.539997530894924,1060205,3.177226275680377,8.54018014874737,1060205,3.3278169416489067,8.944958186098733,1060205,1.9349983454280846,5.201151263280797,1060205,1.836815030085789,4.937240818172534,1060205,4.440892098500626e-16,63028,-0.054660297082034175,-0.07422365500112023,-0.05465972362345524,-0.0742229487459687
digha,coastal,39.66073989868164,34.45902633666992,12.902213661871642,12.607458056470735,3.0859206298960906,7.78079440217067,727088,3.085570730481221,7.7799121709874814,727088,3.147582041240019,7.936266568099622,727088,2.9101407118076774,7.33758552977579,727088,2.8568383800273986,7.203189822795926,727088,0.0,59545,-0.07850031015179142,-0.07568241795317028,-0.07850026247000408,-0.07568202615108025
goa_estuary,coastal,107.26433563232422,93.3380355834961,53.45936240612514,54.2545381782607,3.1111696861962255,2.9004698233162514,728473,3.1293710383304623,2.9174385128876175,728473,3.3628007805032056,3.1350595337019196,728473,2.4043915433566245,2.241557297849947,728473,2.4259894403722995,2.261692505781227,728473,0.0,43030,-0.058719231111718666,-0.14019346604436955,-0.058719209464933385,-0.14019363931653592
kakinada,coastal,53.29170227050781,19.354341506958008,7.841543384557341,5.435083095766815,2.630248743168695,4.935569011884055,586309,2.630121908452286,4.93533101101149,586309,2.8417758871417247,5.3324922381291495,586309,1.654025739009384,3.103720970693667,586309,1.567167294489751,2.9407341625809496,586309,0.0,53183,-0.08685911919751123,-0.08806086621307599,-0.0868591954949052,-0.08806076252684657
kutch,coastal,17.531858444213867,11.625847816467285,2.5763892303735005,1.8802334638206455,1.030763641048546,5.879374650031664,1061324,1.0307665140436244,5.879391037313638,1061324,1.1036677138447821,6.295212326500568,1061324,0.8126743994244544,4.6354150189517735,1061324,0.7926243113586333,4.521051284327632,1061324,0.0,67277,0.040737015879080116,0.033592904884487206,0.04073691390169467,0.033592969589838664
nagapattinam,coastal,22.628145217895508,17.115270614624023,5.047262061088428,4.16365404268588,2.386730852036422,10.547620359749466,587493,2.3862435104552744,10.545466663207154,587493,2.4658352817031757,10.89720460054793,587493,0.9848626711096614,4.352379135037462,587493,0.9774097211549229,4.3194424984595585,587493,0.0,51301,-0.07139343142487331,-0.06430034244474542,-0.0713932891132179,-0.06429994857994045
vembanad,coastal,50.368377685546875,27.672161102294922,14.732303759398487,11.86417257929528,2.894714419030424,5.7470868668876305,325335,2.893365889787045,5.744409533796225,325335,3.0070326732874744,5.970080458140976,325335,2.131640820838476,4.232101407248911,325335,2.0470899478693423,4.0642364156524176,325335,0.0,29931,-0.0609536299619726,-0.1486769307353387,-0.06095368895174511,-0.1486775915795423
almora,hilly,1010.7060546875,1020.9146728515625,329.89249319164014,329.5415201927177,10.647598970856977,1.053481269007447,122628,10.7075696683075,1.059414813896427,122628,9.169621392863753,0.9072490810098992,122628,6.269105544581503,0.6202699108713509,122628,8.555791118219059,0.8465162624225518,122628,1.7763568394002505e-15,27672,0.16816399687047767,0.07926718122634353,0.16816795965400513,0.07927525397188026
dehradun,hilly,1591.389892578125,1607.980712890625,750.2780510195769,749.672259776721,11.375477940413198,0.7148140121704807,24273,11.536552372332348,0.7249356318106684,24273,10.371982831786273,0.6517562339787883,24273,7.482062493690661,0.47015898043498155,24273,9.802438202247377,0.6159671019631132,24273,0.0,6789,0.10572732993276304,0.14740852620519015,0.10572907567378267,0.14741120972004085
dharamshala,hilly,2214.765625,2219.372802734375,1476.6741431273724,1473.1021854506405,5.950422639734715,0.2686705343701871,56878,6.086477147185758,0.27481360007047057,56878,5.296768348490266,0.23915705972230203,56878,4.879313028075413,0.22030832395980557,56878,5.718313732840071,0.25819046802480833,56878,0.0,13102,0.14945645192842172,0.09259725060825584,0.14945668153638986,0.09259851638414056
kohima,hilly,1518.001953125,1523.912109375,779.3394644815753,781.2314267984013,10.36500336342055,0.6828056671523297,75182,10.475041543831944,0.6900545498158115,75182,9.4337610756728,0.6214590868115949,75182,6.886429442793192,0.45365089475784937,75182,8.03251530925964,0.5291505253154442,75182,0.0,16350,0.020170258179116357,0.0017530040889978508,0.020171222687046568,0.0017538283002240204
manali,hilly,2464.71923828125,2450.951171875,2232.544970221858,2227.6159831801288,11.822491450038171,0.47966889154817005,169397,11.998355063538172,0.4868041307579162,169397,12.19265801982626,0.49468750153987934,169397,9.970654604823693,0.40453510687800043,169397,10.188506439610467,0.4133739162402665,169397,0.0,20928,0.13429039725902947,0.10176830619029327,0.1342898977742309,0.10176872159251765
bengaluru,urban,111.644775390625,118.7603759765625,22.41218133816261,22.215604998385615,6.498325838038283,5.820537338448493,141770,6.49760990405502,5.819896077824556,141770,6.597446279476641,5.9093193178035985,141770,5.715117332923538,5.119019061059839,141770,5.685387727052833,5.092390313080646,141770,0.0,23680,0.014677689454893027,0.021508214613335495,0.014680445928413227,0.02151399626380395
chennai,urban,54.687225341796875,35.790931701660156,15.209927390892245,16.531444581776537,3.1016353223451736,5.671590216837397,280990,3.1008418616423814,5.670139309979657,280990,3.2377720318885252,5.920527164529465,280990,3.069162934734598,5.6122118384179,280990,3.0606770742838325,5.596694758519023,280990,0.0,33243,-0.04826688545115167,-0.04307160022974667,-0.04826687862720505,-0.043071302012902754
delhi,urban,87.80986022949219,69.39433288574219,53.31519207162291,54.91237201655655,5.2579916994343385,5.987928560292102,68961,5.256889599726261,5.986673462396265,68961,5.48766610143229,6.249487343551403,68961,5.378508792301291,6.12517635063362,68961,5.3301741343134195,6.07013166902093,68961,0.0,16388,-0.037078183892620804,-0.052565353186483574,-0.037079138396296084,-0.05257204440457939
hyderabad,urban,127.0,132.0438232421875,61.0410988332086,60.58284478640453,4.648784221537041,3.6604600169583,236072,4.6366849379117525,3.650933021977758,236072,4.702104704829124,3.7024446494717513,236072,3.9682062792466533,3.1245718734225614,236072,4.002341047905755,3.1514496440202797,236072,0.0,32876,-0.07509164733300677,-0.04500172368666988,-0.0750913666478694,-0.044999909906809056
jaipur,urban,209.86764526367188,212.38531494140625,80.35900223077118,80.88280767665391,3.5470415247103384,1.690132616799476,331252,3.544490896919697,1.6889172661495757,331252,3.5995342901802836,1.7151449360657423,331252,3.4835910926760816,1.659899070339973,331252,3.517048623777532,1.6758412757520624,331252,0.0,50887,-0.016334751621785232,-0.022284191620249798,-0.016334610423795293,-0.022282777948723232
kochi_city,urban,49.362159729003906,30.345531463623047,7.262629310812818,3.886654207128363,2.4398039676943455,4.942660493561794,373853,2.4405073042231433,4.944085343148317,373853,2.5706606106106498,5.207755545388338,373853,1.4581004471520378,2.9538830050324894,373853,1.4289082719585968,2.8947442328359227,373853,0.0,32336,-0.10668939279977994,-0.13744597904256398,-0.10668941792482722,-0.137445646810334
mumbai,urban,318.95831298828125,305.073974609375,39.138799858443186,39.31619053735081,7.914288393296482,2.481292404373627,137172,7.912924296718888,2.4808647320032744,137172,8.009092217470254,2.5110153557165678,137172,7.41214123650485,2.323858929106255,137172,7.451732405178432,2.336271575857066,137172,0.0,20318,-0.042091172790109585,-0.07067639306150357,-0.042091008593718296,-0.07067725990833587
pune,urban,183.18939208984375,188.2041015625,8.224291018871678,7.831245014532287,4.572154329871085,2.49586194796078,158228,4.571664888584376,2.495594770215865,158228,4.702480514669618,2.567004814538237,158228,5.162590061289662,2.818170857162795,158228,5.091464638779479,2.779344688409912,158228,0.0,28502,-0.019582943920898994,-0.02135442027773743,-0.01959421734629433,-0.021359923282876513
