tile_id,category,cropland_pct,tree_pct,builtup_pct,elev_std_m,elev_range_m,elev_max_m,elev_min_m
dehradun,hilly,8.193122700164954,30.02419924955136,58.766835245708485,42.36861710472416,215.0,798.0,583.0
manali,hilly,0.0079887286301509,69.86586198381919,2.5805045971502025,541.8371268056308,2462.0,4152.0,1690.0
almora,hilly,2.3959172710179963,53.7680186229743,4.714835705971886,197.468095799344,1012.0,2043.0,1031.0
ooty,hilly,16.849148010346667,49.260988301287966,8.464791473058071,122.34965911585088,737.0,2634.0,1897.0
kohima,hilly,2.678337054639898,80.66796680779838,10.81217129745438,262.1906497579547,1522.0,2373.0,851.0
dharamshala,hilly,6.233285750260715,79.03444341956586,7.4897981843925105,452.7899941461964,2213.0,2947.0,734.0
nainital,hilly,0.5391006769580227,89.24137364197439,1.9186454861993216,335.02743744109574,1735.0,2633.0,898.0
kochi_city,urban,1.4870132548385169,13.800200165148874,28.16411185342995,4.167578215332923,54.0,37.0,-17.0
jaipur,urban,0.7324958461613644,10.013270903582075,78.08682133606997,31.062011182435903,210.0,600.0,390.0
chennai,urban,0.5790274669650469,13.128313485720374,57.092108242753625,5.2120897096716705,56.0,43.0,-13.0
hyderabad,urban,1.0723757574568418,12.32606697995049,79.98654318444176,15.9170812011964,127.0,594.0,467.0
pune,urban,2.4674870244426783,37.53684830958507,45.525878453146326,26.601773198822887,184.0,710.0,526.0
bengaluru,urban,1.5834251811160402,23.312761098702502,71.28475371305612,16.030109337242678,112.0,961.0,849.0
mumbai,urban,3.1777283759518533,25.14163445923081,62.20501254025592,21.985671789130173,325.0,299.0,-26.0
delhi,urban,2.079931365054379,44.72504557318171,48.432569030742485,13.296758417228494,89.0,279.0,190.0
karnal,agricultural,50.19102574040176,9.135770631972475,32.80321143858854,3.4045517831973284,36.0,265.0,229.0
kota,agricultural,38.83722352966686,17.0371007098921,32.9655709686887,7.384336124726048,83.0,310.0,227.0
nizamabad,agricultural,48.96004445462655,7.724966244705171,23.66469577989761,17.933618763255993,127.0,489.0,362.0
fatehpur,agricultural,66.86916985243447,8.173813951160543,13.05244678516568,2.386488936755774,23.0,129.0,106.0
bathinda,agricultural,34.66346232227523,18.86909764061247,34.588985770161656,2.853397505497456,43.0,228.0,185.0
vidisha,agricultural,73.61594372358795,6.086926395473446,11.009695145813009,7.294502208388187,71.0,475.0,404.0
hisar,agricultural,36.15324013192383,13.8342534650974,32.03376579026987,2.9757983499750384,67.0,236.0,169.0
amalapuram,coastal,30.48233779228555,60.23784723646117,5.741304223018692,2.9034846398639944,19.0,20.0,1.0
kutch,coastal,70.88478587068029,2.5413980799559033,0.5032651467593514,8.333399717877874,51.0,82.0,31.0
goa_estuary,coastal,5.087488212912713,38.222144557497906,12.234419613713246,22.776335785989534,108.0,88.0,-20.0
digha,coastal,17.94316430998017,35.4143284736037,1.844332220015383,4.394125395409171,43.0,28.0,-15.0
kakinada,coastal,24.99983639439422,16.648670050030596,30.61257210917075,3.477872943586408,56.0,24.0,-32.0
nagapattinam,coastal,20.423061186597742,10.079250460186998,7.41718104273207,2.4696206220844057,23.0,15.0,-8.0
bhitarkanika,coastal,35.24154233712857,8.937322548326073,0.0887458427894202,2.826688013350648,31.0,17.0,-14.0
shimla,hilly,0.0893574539864044,76.31983523071436,6.220450698489639,209.95363159449556,1170.0,2456.0,1286.0
kurnool,agricultural,90.14,0.81,1.14,,,,
vembanad,coastal,17.0,28.2,13.64,,,,
