tile_id,category,sign_flip_excluded,lat,lon,script_n_egm96,script_n_egm2008,N_EGM96_m,N_EGM2008_m,N08_minus_N96_m
bathinda,agricultural,False,30.28,75.15,46.67737628173829,47.17733184814455,-46.67737628173829,-47.17733184814455,-0.49995556640625693
fatehpur,agricultural,True,25.9308,80.8155,62.031404580822716,62.419725784277304,-62.031404580822716,-62.419725784277304,-0.38832120345458776
hisar,agricultural,True,29.35,75.9,48.43935348510743,48.46362991333011,-48.43935348510743,-48.46362991333011,-0.024276428222677282
karnal,agricultural,True,29.85,77.05,50.45770202636721,49.611654815673916,-50.45770202636721,-49.611654815673916,0.8460472106932926
kota,agricultural,False,25.15,76.15,53.81587081909177,54.26710449218748,-53.81587081909177,-54.26710449218748,-0.4512336730957074
kurnool,agricultural,False,15.7,77.9,85.57833831787106,85.09694488525392,-85.57833831787106,-85.09694488525392,0.4813934326171392
nizamabad,agricultural,False,18.67,77.85,72.74963348388674,72.51538818359383,-72.74963348388674,-72.51538818359383,0.2342453002929119
vidisha,agricultural,False,23.5251,77.8081,57.17927704114446,57.24120006721682,-57.17927704114446,-57.24120006721682,-0.061923026072363996
amalapuram,coastal,False,16.75,82.28,77.58617095947255,77.10295989990239,-77.58617095947255,-77.10295989990239,0.4832110595701664
bhitarkanika,coastal,True,20.7167,86.9167,62.274373059344484,62.037536569208996,-62.274373059344484,-62.037536569208996,0.23683649013548802
digha,coastal,False,21.627,87.51,59.87599774291995,59.82578297241214,-59.87599774291995,-59.82578297241214,0.050214770507807316
goa_estuary,coastal,False,15.4909,73.8278,82.30981034359375,82.82924885460938,-82.30981034359375,-82.82924885460938,-0.5194385110156219
kakinada,coastal,False,16.9891,82.2475,75.7331924759521,75.49243832836925,-75.7331924759521,-75.49243832836925,0.24075414758284808
kutch,coastal,False,23.33,68.53,49.287957177734384,49.414156622314536,-49.287957177734384,-49.414156622314536,-0.12619944458015198
nagapattinam,coastal,False,10.7672,79.8449,93.4408819545703,94.8225156809181,-93.4408819545703,-94.8225156809181,-1.3816337263478005
vembanad,coastal,False,9.4981,76.3388,95.24478258901372,95.11550459101569,-95.24478258901372,-95.11550459101569,0.12927799799803097
almora,hilly,False,29.5892,79.6467,48.23671429149397,45.6662169735744,-48.23671429149397,-45.6662169735744,2.5704973179195676
dehradun,hilly,False,30.47,78.15,40.61992050170887,38.924943664550874,-40.61992050170887,-38.924943664550874,1.694976837157995
dharamshala,hilly,False,32.219,76.3234,40.72502087006849,37.275776457031576,-40.72502087006849,-37.275776457031576,3.449244413036915
kohima,hilly,False,25.6751,94.1086,50.92800166140133,49.68236449279774,-50.92800166140133,-49.68236449279774,1.2456371686035936
manali,hilly,False,32.2432,77.1892,30.08014483582462,23.334292804594625,-30.08014483582462,-23.334292804594625,6.745852031229994
nainital,hilly,True,29.3919,79.4542,52.77879944690086,49.6116210941311,-52.77879944690086,-49.6116210941311,3.16717835276976
ooty,hilly,True,11.4064,76.6932,90.8236948499414,88.07972461402345,-90.8236948499414,-88.07972461402345,2.7439702359179563
shimla,hilly,True,31.1048,77.1734,41.258775382040895,37.4814070775687,-41.258775382040895,-37.4814070775687,3.7773683044721977
bengaluru,urban,False,12.9716,77.5946,86.4159555396582,86.1570287719532,-86.4159555396582,-86.1570287719532,0.258926767705006
chennai,urban,False,13.0827,80.2707,92.24501062006355,92.02675860706542,-92.24501062006355,-92.02675860706542,0.21825201299813557
delhi,urban,False,28.6139,77.209,52.59145355078126,52.54158601208491,-52.59145355078126,-52.54158601208491,0.04986753869634697
hyderabad,urban,False,17.385,78.4867,77.09441167663572,76.90038666406252,-77.09441167663572,-76.90038666406252,0.19402501257319216
jaipur,urban,False,26.9124,75.7873,49.688079843107964,50.01075847494165,-49.688079843107964,-50.01075847494165,-0.32267863183368917
kochi_city,urban,False,9.9312,76.2673,95.23905530961423,95.3189453299805,-95.23905530961423,-95.3189453299805,-0.07989002036626403
mumbai,urban,False,19.076,72.8777,68.52844169953617,67.67662882514651,-68.52844169953617,-67.67662882514651,0.8518128743896654
pune,urban,False,18.5204,73.8567,72.17494089661132,71.92277583592781,-72.17494089661132,-71.92277583592781,0.2521650606835095
darjeeling,demo,False,27.045006324601047,88.26002741068216,45.00287910609809,45.87124571244559,-45.00287910609809,-45.87124571244559,-0.8683666063475002
