tile_id,category,label,lat,lon,bbox_utm_epsg,bbox_utm,icesat2_gnd_ph_count,icesat2_segments,date_acquired,cloud_pct,resolution_m,rgb_path
bathinda,agricultural,"Bathinda (rural, Rampura Phul), Punjab",30.28,75.15,32643,"[509426.37513956556, 3344821.804502368, 519426.37513956556, 3354821.804502368]",1190240,10361,2025-12-07,0.0,10,data/sentinel2_benchmark/agricultural/bathinda/bathinda_RGB.tif
fatehpur,agricultural,"Fatehpur (Ganga plain), UP",25.9308,80.8155,32644,"[476524.84606880724, 2863033.420560711, 486524.84606880724, 2873033.420560711]",546485,7236,2025-11-28,0.0,10,data/sentinel2_benchmark/agricultural/fatehpur/fatehpur_RGB.tif
hisar,agricultural,"Hisar (rural, Barwala), Haryana",29.35,75.9,32643,"[582364.8854490328, 3242099.9649363044, 592364.8854490328, 3252099.9649363044]",555024,7171,2025-12-24,0.0,10,data/sentinel2_benchmark/agricultural/hisar/hisar_RGB.tif
karnal,agricultural,"Karnal (rural Yamuna floodplain), Haryana",29.85,77.05,32643,"[693035.900401397, 3298928.1585464235, 703035.900401397, 3308928.1585464235]",354293,5070,2025-12-24,0.0,10,data/sentinel2_benchmark/agricultural/karnal/karnal_RGB.tif
kota,agricultural,"Kota (rural canal tract, Itawa), Rajasthan",25.15,76.15,32643,"[610909.8882099012, 2777051.6067149034, 620909.8882099012, 2787051.6067149034]",622457,7715,2025-12-24,0.0,10,data/sentinel2_benchmark/agricultural/kota/kota_RGB.tif
kurnool,agricultural,"Kurnool (rural farmland), AP",15.7,77.9,32643,"[805848.3517496622, 1732881.5639024475, 815848.3517496622, 1742881.5639024475]",222503,,2025-11-13,0.0,10,data/sentinel2_benchmark/agricultural/kurnool/kurnool_RGB.tif
nizamabad,agricultural,"Nizamabad (rural, Bodhan), Telangana",18.67,77.85,32643,"[795647.7987602927, 2061709.367460402, 805647.7987602927, 2071709.367460402]",709144,6940,2025-12-31,0.0,10,data/sentinel2_benchmark/agricultural/nizamabad/nizamabad_RGB.tif
vidisha,agricultural,"Vidisha, MP",23.5251,77.8081,32643,"[781731.9336953361, 2599456.257858387, 791731.9336953361, 2609456.257858387]",506762,6748,2025-12-31,0.0,10,data/sentinel2_benchmark/agricultural/vidisha/vidisha_RGB.tif
amalapuram,coastal,"Amalapuram (Coringa mangroves), AP",16.75,82.28,32644,"[631436.2198057368, 1847338.3915835777, 641436.2198057368, 1857338.3915835777]",1041293,8122,2025-02-13,0.0,10,data/sentinel2_benchmark/coastal/amalapuram/amalapuram_RGB.tif
bhitarkanika,coastal,"Bhitarkanika/Kendrapara delta, Odisha",20.7167,86.9167,32645,"[486326.49737147306, 2285796.800680938, 496326.49737147306, 2295796.800680938]",427837,5859,2025-12-14,0.0,10,data/sentinel2_benchmark/coastal/bhitarkanika/bhitarkanika_RGB.tif
digha,coastal,"Digha coast, WB",21.627,87.51,32645,"[547779.6939532501, 2386628.5979818464, 557779.6939532501, 2396628.5979818464]",717297,7343,2025-12-14,0.0,10,data/sentinel2_benchmark/coastal/digha/digha_RGB.tif
goa_estuary,coastal,"Mandovi-Zuari estuary, Goa",15.4909,73.8278,32643,"[369264.27572510066, 1707966.450741288, 379264.27572510066, 1717966.450741288]",730595,6770,2025-12-29,0.0,10,data/sentinel2_benchmark/coastal/goa_estuary/goa_estuary_RGB.tif
kakinada,coastal,"Kakinada (Godavari delta), AP",16.9891,82.2475,32644,"[627804.3715703416, 1873771.7120800307, 637804.3715703416, 1883771.7120800307]",585242,6720,2025-03-30,0.01,10,data/sentinel2_benchmark/coastal/kakinada/kakinada_RGB.tif
kutch,coastal,"Gulf of Kutch (Koteshwar mudflats), Gujarat",23.33,68.53,32642,"[446951.1945084388, 2575129.479301922, 456951.1945084388, 2585129.479301922]",1055927,7556,2025-12-28,0.41,10,data/sentinel2_benchmark/coastal/kutch/kutch_RGB.tif
nagapattinam,coastal,"Nagapattinam (Cauvery delta), TN",10.7672,79.8449,32644,"[368706.44298867544, 1185476.679282449, 378706.44298867544, 1195476.679282449]",582698,6037,2025-10-31,0.0,10,data/sentinel2_benchmark/coastal/nagapattinam/nagapattinam_RGB.tif
vembanad,coastal,"Vembanad backwaters, Kerala",9.4981,76.3388,32643,"[641958.7586608928, 1045204.8425583635, 651958.7586608928, 1055204.8425583635]",323329,,2025-01-17,0.0,10,data/sentinel2_benchmark/coastal/vembanad/vembanad_RGB.tif
almora,hilly,"Almora, Uttarakhand",29.5892,79.6467,32644,"[363936.8352968979, 3269031.174508453, 373936.8352968979, 3279031.174508453]",133786,6403,2025-12-11,0.0,10,data/sentinel2_benchmark/hilly/almora/almora_RGB.tif
dehradun,hilly,"Dehradun (Shivalik forest foothills), Uttarakhand",30.47,78.15,32644,"[221373.3960102487, 3369319.7214487605, 231373.3960102487, 3379319.7214487605]",28438,1919,2025-12-09,0.0,10,data/sentinel2_benchmark/hilly/dehradun/dehradun_RGB.tif
dharamshala,hilly,"Dharamshala, HP",32.219,76.3234,32643,"[619708.9946478473, 3560478.5710478816, 629708.9946478473, 3570478.5710478816]",60230,2364,2025-12-27,0.0,10,data/sentinel2_benchmark/hilly/dharamshala/dharamshala_RGB.tif
kohima,hilly,"Kohima, Nagaland",25.6751,94.1086,32646,"[606253.8708780525, 2835170.392591384, 616253.8708780525, 2845170.392591384]",83403,4094,2025-12-13,0.0,10,data/sentinel2_benchmark/hilly/kohima/kohima_RGB.tif
manali,hilly,"Manali, HP",32.2432,77.1892,32643,"[701255.7499244068, 3564495.9765648018, 711255.7499244068, 3574495.9765648018]",172806,3820,2025-12-24,0.0,10,data/sentinel2_benchmark/hilly/manali/manali_RGB.tif
nainital,hilly,"Nainital, Uttarakhand",29.3919,79.4542,32644,"[345001.1145883711, 3247399.262549159, 355001.1145883711, 3257399.262549159]",52423,3661,2025-12-11,0.0,10,data/sentinel2_benchmark/hilly/nainital/nainital_RGB.tif
ooty,hilly,"Ooty (Nilgiris), TN",11.4064,76.6932,32643,"[679738.6209718192, 1256455.8367453027, 689738.6209718192, 1266455.8367453027]",104740,3050,2025-12-23,0.03,10,data/sentinel2_benchmark/hilly/ooty/ooty_RGB.tif
shimla,hilly,"Shimla, HP",31.1048,77.1734,32643,"[702282.029380758, 3438248.0953456773, 712282.029380758, 3448248.0953456773]",49604,3700,2025-12-16,0.0,10,data/sentinel2_benchmark/hilly/shimla/shimla_RGB.tif
bengaluru,urban,"Bengaluru, Karnataka",12.9716,77.5946,32643,"[776481.0202947541, 1430426.4069104537, 786481.0202947541, 1440426.4069104537]",145805,4002,2025-12-08,0.0,10,data/sentinel2_benchmark/urban/bengaluru/bengaluru_RGB.tif
chennai,urban,"Chennai, TN",13.0827,80.2707,32644,"[415938.05403896706, 1441395.1351808733, 425938.05403896706, 1451395.1351808733]",284734,5239,2025-10-31,0.9,10,data/sentinel2_benchmark/urban/chennai/chennai_RGB.tif
delhi,urban,Delhi,28.6139,77.209,32643,"[710980.2937392073, 3162204.8196549597, 720980.2937392073, 3172204.8196549597]",73302,3478,2025-12-24,0.0,10,data/sentinel2_benchmark/urban/delhi/delhi_RGB.tif
hyderabad,urban,"Hyderabad, Telangana",17.385,78.4867,32644,"[227957.61663073523, 1918897.2743155544, 237957.61663073523, 1928897.2743155544]",241818,5808,2025-12-28,0.0,10,data/sentinel2_benchmark/urban/hyderabad/hyderabad_RGB.tif
jaipur,urban,"Jaipur, Rajasthan",26.9124,75.7873,32643,"[573174.0159209307, 2971975.9105338897, 583174.0159209307, 2981975.9105338897]",338720,9022,2025-12-16,0.0,10,data/sentinel2_benchmark/urban/jaipur/jaipur_RGB.tif
kochi_city,urban,"Kochi, Kerala",9.9312,76.2673,32643,"[633930.2310723267, 1093070.7566591317, 643930.2310723267, 1103070.7566591317]",373215,4030,2025-12-21,0.0,10,data/sentinel2_benchmark/urban/kochi_city/kochi_city_RGB.tif
mumbai,urban,"Mumbai, Maharashtra",19.076,72.8777,32643,"[271689.32815293805, 2105588.8386807116, 281689.32815293805, 2115588.8386807116]",142816,3825,2025-12-27,0.0,10,data/sentinel2_benchmark/urban/mumbai/mumbai_RGB.tif
pune,urban,"Pune, Maharashtra",18.5204,73.8567,32643,"[374320.8175238202, 2043144.6233660013, 384320.8175238202, 2053144.6233660013]",164383,4959,2025-12-29,0.0,10,data/sentinel2_benchmark/urban/pune/pune_RGB.tif
