tile_id,category,dav2_vs_dem_pearson,n_valid_dem_px,dem_coverage_pct,dav2_vs_dinov3_pearson,dinov3_std,dinov3_cv,tree_pct,true_dav2_icesat2_pearson,true_inverted
bathinda,agricultural,0.4235834,1000000,100.0,0.13780077,0.015392535366117954,0.54209965467453,18.86909764061247,0.2117744448081208,False
fatehpur,agricultural,-0.14932325,1000000,100.0,-0.11358133,0.023386172950267792,0.5832412242889404,8.173813951160543,-0.1544418010336272,True
hisar,agricultural,-0.28724712,1000000,100.0,-0.009700982,0.018394051119685173,0.7244666814804077,13.8342534650974,-0.2122756243862125,True
karnal,agricultural,-0.5495744,1000000,100.0,-0.032575924,0.00951629038900137,0.5140333771705627,9.135770631972475,-0.6175670365799969,True
kota,agricultural,0.610625,1000000,100.0,-0.123963214,0.015884147956967354,0.8282496929168701,17.0371007098921,0.5304548279311723,False
kurnool,agricultural,0.6837042,1000000,100.0,0.41944665,0.026343896985054016,0.9004440307617188,0.81,0.7042356842577382,False
nizamabad,agricultural,0.035737522,1000000,100.0,-0.08175337,0.008861379697918892,0.5989945530891418,7.724966244705171,0.1824862630107949,False
vidisha,agricultural,0.17507327,1000000,100.0,-0.113862514,0.010076076723635197,0.4835180938243866,6.086926395473446,0.1408420838870714,False
amalapuram,coastal,0.3036585,1000000,100.0,-0.09539877,0.007809660863131285,0.5227547287940979,60.23784723646117,0.4302634367326299,False
bhitarkanika,coastal,-0.19512674,1000000,100.0,0.4908507,0.017011864110827446,0.6820250153541565,8.937322548326073,0.2708294421471805,False
digha,coastal,0.66936916,1000000,100.0,0.2148068,0.006413265597075224,0.4467082917690277,35.4143284736037,0.6285559619233387,False
goa_estuary,coastal,0.5422166,1000000,100.0,0.27082276,0.03141675144433975,0.9662861824035645,38.222144557497906,0.2462005430122157,False
kakinada,coastal,0.4978529,1000000,100.0,0.09105771,0.02363293617963791,0.6380847692489624,16.648670050030596,0.7610840350137736,False
kutch,coastal,0.43779558,1000000,100.0,0.19884628,0.002227709861472249,0.20236808061599731,2.5413980799559033,0.1979034725190663,False
nagapattinam,coastal,0.5190806,1000000,100.0,0.27258864,0.037551216781139374,1.2024039030075073,10.079250460186998,0.6475144459588429,False
vembanad,coastal,0.6765455,1000000,100.0,0.4286577,0.017318934202194214,0.7572014927864075,28.2,0.1223752044270994,False
almora,hilly,0.35412383,1000000,100.0,0.12697235,0.01164561789482832,0.3758036196231842,53.7680186229743,0.3011957238001317,False
dehradun,hilly,0.5039555,1000000,100.0,0.21213993,0.053711917251348495,0.5526966452598572,30.02419924955136,0.6096178190988486,False
dharamshala,hilly,0.783046,1000000,100.0,0.39490908,0.09680911898612976,1.3676320314407349,79.03444341956586,0.7294535952236023,False
kohima,hilly,0.45578218,1000000,100.0,0.30913207,0.3045075237751007,1.964531421661377,80.66796680779838,0.247445675665035,False
manali,hilly,0.83011734,1000000,100.0,-0.04481729,0.09853512793779373,1.117124080657959,69.86586198381919,0.9050884032321198,False
nainital,hilly,-0.11942403,1000000,100.0,0.34703434,0.0482773520052433,0.7517558932304382,89.24137364197439,-0.2423956443121551,True
ooty,hilly,-0.031102229,1000000,100.0,0.2588405,0.08092640340328217,1.0910124778747559,49.260988301287966,-0.096191977586051,True
shimla,hilly,-0.6690892,1000000,100.0,-0.002609617,0.05692445859313011,0.5485270619392395,76.31983523071436,-0.6092948576195651,True
bengaluru,urban,0.29902983,1000000,100.0,0.121261805,0.0688684806227684,0.6087034344673157,23.312761098702502,0.5220200021902617,False
chennai,urban,0.8356677,1000000,100.0,0.7220328,0.04886574670672417,0.6963428258895874,13.128313485720374,0.6673448720996156,False
delhi,urban,0.8147822,1000000,100.0,0.054143876,0.027151070535182953,0.7972772717475891,44.72504557318171,0.7728369532376631,False
hyderabad,urban,0.591039,1000000,100.0,0.17370597,0.03134472295641899,0.8423383235931396,12.32606697995049,0.1419988847718836,False
jaipur,urban,0.4957267,1000000,100.0,-0.26185286,0.030557086691260338,0.509543776512146,10.013270903582075,0.4867307721712353,False
kochi_city,urban,0.18725869,1000000,100.0,0.1254781,0.07506870478391647,1.063320279121399,13.800200165148874,0.0533606099454083,False
mumbai,urban,0.3817095,1000000,100.0,0.14141066,0.03475670516490936,0.6347814798355103,25.14163445923081,0.4527822409203537,False
pune,urban,0.05382638,1000000,100.0,-0.24343666,0.02093278057873249,0.5444369316101074,37.53684830958507,0.1580140657908474,False
