tile_id,category,dav2_vs_dem_pearson,n_valid_dem_px,dem_coverage_pct,dav2_vs_dinov3_pearson,dinov3_std,dinov3_cv,tree_pct,true_dav2_icesat2_pearson,true_inverted,flagged,flag_a,flag_b,tier,held_out_dem_pearson
bathinda,agricultural,0.4235834,1000000,100.0,0.13780077,0.0153925353661179,0.54209965467453,18.86909764061247,0.2117744448081208,False,False,False,False,CONFIDENT,0.4238465552883673
fatehpur,agricultural,-0.14932325,1000000,100.0,-0.11358133,0.0233861729502677,0.5832412242889404,8.173813951160543,-0.1544418010336272,True,True,True,False,REJECTED,
hisar,agricultural,-0.28724712,1000000,100.0,-0.009700982,0.0183940511196851,0.7244666814804077,13.8342534650974,-0.2122756243862125,True,True,True,False,REJECTED,
karnal,agricultural,-0.5495744,1000000,100.0,-0.032575924,0.0095162903890013,0.5140333771705627,9.135770631972475,-0.6175670365799969,True,True,True,False,REJECTED,
kota,agricultural,0.610625,1000000,100.0,-0.123963214,0.0158841479569673,0.8282496929168701,17.0371007098921,0.5304548279311723,False,False,False,False,CONFIDENT,0.6101069438641409
kurnool,agricultural,0.6837042,1000000,100.0,0.41944665,0.026343896985054,0.9004440307617188,0.81,0.7042356842577382,False,False,False,False,CONFIDENT,0.6831062829209564
nizamabad,agricultural,0.035737522,1000000,100.0,-0.08175337,0.0088613796979188,0.5989945530891418,7.724966244705171,0.1824862630107949,False,False,False,False,LOW-CONFIDENCE,0.0362580145729988
vidisha,agricultural,0.17507327,1000000,100.0,-0.113862514,0.0100760767236351,0.4835180938243866,6.086926395473446,0.1408420838870714,False,False,False,False,CONFIDENT,0.1749556357441213
amalapuram,coastal,0.3036585,1000000,100.0,-0.09539877,0.0078096608631312,0.5227547287940979,60.23784723646117,0.4302634367326299,False,False,False,False,CONFIDENT,0.3035822072483476
bhitarkanika,coastal,-0.19512674,1000000,100.0,0.4908507,0.0170118641108274,0.6820250153541565,8.937322548326073,0.2708294421471805,False,True,True,False,REJECTED,
digha,coastal,0.66936916,1000000,100.0,0.2148068,0.0064132655970752,0.4467082917690277,35.4143284736037,0.6285559619233387,False,False,False,False,CONFIDENT,0.6693443757108082
goa_estuary,coastal,0.5422166,1000000,100.0,0.27082276,0.0314167514443397,0.9662861824035645,38.222144557497906,0.2462005430122157,False,False,False,False,CONFIDENT,0.5421228984541235
kakinada,coastal,0.4978529,1000000,100.0,0.09105771,0.0236329361796379,0.6380847692489624,16.648670050030596,0.7610840350137736,False,False,False,False,CONFIDENT,0.497654679078478
kutch,coastal,0.43779558,1000000,100.0,0.19884628,0.0022277098614722,0.2023680806159973,2.5413980799559033,0.1979034725190663,False,False,False,False,CONFIDENT,0.4383357233474728
nagapattinam,coastal,0.5190806,1000000,100.0,0.27258864,0.0375512167811393,1.202403903007507,10.079250460186998,0.6475144459588429,False,False,False,False,CONFIDENT,0.5188422780113457
vembanad,coastal,0.6765455,1000000,100.0,0.4286577,0.0173189342021942,0.7572014927864075,28.2,0.1223752044270994,False,False,False,False,CONFIDENT,0.675694467824135
almora,hilly,0.35412383,1000000,100.0,0.12697235,0.0116456178948283,0.3758036196231842,53.7680186229743,0.3011957238001317,False,False,False,False,CONFIDENT,0.3530431687790664
dehradun,hilly,0.5039555,1000000,100.0,0.21213993,0.0537119172513484,0.5526966452598572,30.02419924955136,0.6096178190988486,False,False,False,False,CONFIDENT,0.5039725903285175
dharamshala,hilly,0.783046,1000000,100.0,0.39490908,0.0968091189861297,1.3676320314407349,79.03444341956586,0.7294535952236023,False,False,False,False,CONFIDENT,0.7830617925113974
kohima,hilly,0.45578218,1000000,100.0,0.30913207,0.3045075237751007,1.964531421661377,80.66796680779838,0.247445675665035,False,False,False,False,CONFIDENT,0.4564255272287651
manali,hilly,0.83011734,1000000,100.0,-0.04481729,0.0985351279377937,1.117124080657959,69.86586198381919,0.9050884032321198,False,False,False,False,CONFIDENT,0.830127872602475
nainital,hilly,-0.11942403,1000000,100.0,0.34703434,0.0482773520052433,0.7517558932304382,89.24137364197439,-0.2423956443121551,True,True,True,False,REJECTED,
ooty,hilly,-0.031102229,1000000,100.0,0.2588405,0.0809264034032821,1.091012477874756,49.260988301287966,-0.096191977586051,True,True,True,False,REJECTED,
shimla,hilly,-0.6690892,1000000,100.0,-0.002609617,0.0569244585931301,0.5485270619392395,76.31983523071436,-0.6092948576195651,True,True,True,False,REJECTED,
bengaluru,urban,0.29902983,1000000,100.0,0.121261805,0.0688684806227684,0.6087034344673157,23.312761098702502,0.5220200021902617,False,False,False,False,CONFIDENT,0.2985872237285855
chennai,urban,0.8356677,1000000,100.0,0.7220328,0.0488657467067241,0.6963428258895874,13.128313485720374,0.6673448720996156,False,False,False,False,CONFIDENT,0.8361517981888914
delhi,urban,0.8147822,1000000,100.0,0.054143876,0.0271510705351829,0.7972772717475891,44.72504557318171,0.7728369532376631,False,False,False,False,CONFIDENT,0.8149200730624262
hyderabad,urban,0.591039,1000000,100.0,0.17370597,0.0313447229564189,0.8423383235931396,12.32606697995049,0.1419988847718836,False,False,False,False,CONFIDENT,0.5912947458977466
jaipur,urban,0.4957267,1000000,100.0,-0.26185286,0.0305570866912603,0.509543776512146,10.013270903582075,0.4867307721712353,False,False,False,False,CONFIDENT,0.4957806583849347
kochi_city,urban,0.18725869,1000000,100.0,0.1254781,0.0750687047839164,1.063320279121399,13.800200165148874,0.0533606099454083,False,False,False,False,CONFIDENT,0.1883216717827454
mumbai,urban,0.3817095,1000000,100.0,0.14141066,0.0347567051649093,0.6347814798355103,25.14163445923081,0.4527822409203537,False,False,False,False,CONFIDENT,0.3831898293800069
pune,urban,0.05382638,1000000,100.0,-0.24343666,0.0209327805787324,0.5444369316101074,37.53684830958507,0.1580140657908474,False,False,False,False,LOW-CONFIDENCE,0.0531580471944281
