tile_id,category,n_egm96,n_egm2008,srtm_icesat2_rmse_pct_of_range,glo30_icesat2_rmse_pct_of_range,fabdem_icesat2_rmse_pct_of_range,srtm_vs_glo30_pearson,mean_diff_m,std_diff_m
bathinda,agricultural,46.67737628173829,47.17733184814455,3.4488550467987746,3.8663467506631544,4.972351893090548,0.5173285,-0.0884203091263771,2.025696039199829
kota,agricultural,53.81587081909177,54.26710449218748,7.227775463154893,11.353110543231244,11.614072267334404,0.9695798,1.1580934524536133,1.6390701532363892
kurnool,agricultural,85.57833831787106,85.09694488525392,7.002249756314414,6.382045421099839,6.651185369358931,0.9909569,1.8570078611373901,1.3113694190979004
nizamabad,agricultural,72.74963348388674,72.51538818359383,13.848877040123703,12.103907028462162,15.913071172181048,0.97773933,2.701021909713745,1.3904554843902588
vidisha,agricultural,57.17927704114446,57.24120006721682,10.91405731787081,11.116900619988819,11.386302088993004,0.9795803,-0.45746269822120667,1.507714033126831
amalapuram,coastal,77.58617095947255,77.10295989990239,7.67663924525097,7.433406299235633,8.572617232635425,0.68152726,1.3072212934494019,1.8853049278259277
digha,coastal,59.87599774291995,59.82578297241214,8.400815786476828,9.125246302279372,5.601493317093744,0.9201002,0.20876072347164154,1.7841547727584839
goa_estuary,coastal,82.30981034359375,82.82924885460938,18.069273341785284,20.45671132710771,19.927381052886386,0.9950651,0.5104143619537354,2.348785161972046
kakinada,coastal,75.7331924759521,75.49243832836925,5.316028148447827,9.778261087165243,10.104766258318929,0.7984723,1.0317522287368774,2.0538947582244873
kutch,coastal,49.287957177734384,49.414156622314536,5.449468541191538,7.892820462995535,12.76902675760999,0.67578506,0.030493242666125298,0.8168357610702515
nagapattinam,coastal,93.4408819545703,94.8225156809181,11.429992744110736,6.890725822672334,10.21193539350868,0.8921859,1.681401014328003,1.0975890159606934
vembanad,coastal,95.24478258901372,95.11550459101569,8.826841223707698,12.371438814112885,11.276729912998354,0.92728424,1.0835402011871338,1.9698618650436401
almora,hilly,48.23671429149397,45.6662169735744,19.01612580855832,18.8378152634514,18.882460341650376,0.9996667,-0.4357413649559021,5.146106719970703
dehradun,hilly,40.61992050170887,38.924943664550874,18.06541887003089,17.96176116714801,17.83981080842424,0.99957764,-3.222322702407837,9.159358978271484
dharamshala,hilly,40.72502087006849,37.275776457031576,10.88351103726543,10.865147169718728,10.821296189050036,0.99991155,-0.8661285042762756,6.1101250648498535
kohima,hilly,50.92800166140133,49.68236449279774,12.46618444395758,12.395576678871356,12.360535085009763,0.9997811,1.5416290760040283,5.487539291381836
manali,hilly,30.08014483582462,23.334292804594625,13.11508970635168,13.198526970511349,13.155503206036965,0.999629,-0.28463730216026306,14.720632553100586
bengaluru,urban,86.4159555396582,86.1570287719532,11.838897700810556,10.950707788808574,11.602839828059569,0.9826709,0.5851063132286072,2.9597620964050293
chennai,urban,92.24501062006355,92.02675860706542,5.520560953268838,9.304995674775407,15.300956260455685,0.9197135,-0.7947869896888733,2.182805061340332
delhi,urban,52.59145355078126,52.54158601208491,11.011440099687103,14.79921194202942,14.144215754487496,0.97038865,-1.0901702642440796,3.260298490524292
hyderabad,urban,77.09441167663572,76.90038666406252,14.248823481922503,13.677247212715178,14.87987290459416,0.98983455,0.5061014890670776,2.3056249618530273
jaipur,urban,49.688079843107964,50.01075847494165,9.182341020663927,9.217494298872381,9.002559000394095,0.9960114,-0.9113795161247253,2.7610466480255127
kochi_city,urban,95.23905530961423,95.3189453299805,5.810208763497818,5.921329063098585,5.44109739322656,0.86259437,1.0930969715118408,2.1361210346221924
mumbai,urban,68.52844169953617,67.67662882514651,4.441822605241566,4.864068700470128,4.785161975301527,0.9881066,-2.3885104656219482,3.212085247039795
pune,urban,72.17494089661132,71.92277583592781,15.919421376866081,15.630609215950056,15.56898395084128,0.99366665,-1.7316032648086548,3.0942459106445312
