tile_id,scale_factor,raw_max_abs_residual_m
bathinda,0.5187560272216797,25.937801361083984
kota,1.00937744140625,50.4688720703125
kurnool,1.310412139892578,65.5206069946289
nizamabad,0.5263006210327148,26.315031051635742
vidisha,1.0060770416259766,50.30385208129883
amalapuram,0.4914346694946289,24.571733474731445
digha,0.47271530151367186,23.635765075683594
goa_estuary,1.1862119293212892,59.31059646606445
kakinada,0.6890413665771484,34.45206832885742
kutch,0.2226688003540039,11.133440017700195
nagapattinam,0.23872373580932618,11.936186790466309
vembanad,0.5701824569702149,28.509122848510742
almora,11.62856201171875,581.4281005859375
dehradun,15.1272509765625,756.362548828125
dharamshala,21.37545654296875,1068.7728271484375
kohima,17.141724853515626,857.0862426757812
manali,19.46733154296875,973.3665771484375
bengaluru,1.3071183776855468,65.35591888427734
chennai,0.6294608688354493,31.47304344177246
delhi,0.8569929504394531,42.849647521972656
hyderabad,1.1058193969726562,55.29096984863281
jaipur,3.5010250854492186,175.05125427246094
kochi_city,0.5979012680053711,29.895063400268555
mumbai,5.615137329101563,280.7568664550781
pune,2.664767150878906,133.2383575439453
