tile_id,status,n_partitions,n_footprints_after_clip,building_fraction_mean,building_fraction_max,building_pixels_gt_0_pct,gap_flag,nz_width_span,nz_height_span,gap_reason,category
almora,OK,1,12530.0,0.01860836148262024,1.0,4.6684,False,1.0,1.0,,hilly
amalapuram,OK,2,0.0,0.0,0.0,0.0,False,0.0,0.0,too_few_footprints_to_test,coastal
bathinda,OK,1,14502.0,0.01679931953549385,1.0,4.0533,False,1.0,1.0,,agricultural
bengaluru,OK,1,107773.0,0.29725393652915955,1.0,53.5512,False,1.0,1.0,,urban
chennai,OK,1,77858.0,0.23609484732151031,1.0,41.9615,False,0.862,1.0,,urban
dehradun,OK,1,4196.0,0.0035598399117588997,1.0,1.1755,False,1.0,0.998,,hilly
delhi,OK,1,36744.0,0.15106751024723053,1.0,26.7389,False,1.0,1.0,,urban
dharamshala,OK,1,25549.0,0.03819407895207405,1.0,9.4682,False,1.0,1.0,,hilly
digha,OK,1,13659.0,0.017015280202031136,1.0,4.6175,False,1.0,0.723,,coastal
goa_estuary,OK,2,14453.0,0.028668800368905067,1.0,6.6218,False,0.962,0.794,,coastal
hyderabad,OK,1,73953.0,0.38475096225738525,1.0,60.6093,False,1.0,1.0,,urban
jaipur,OK,1,54572.0,0.34364551305770874,1.0,52.7739,False,1.0,1.0,,urban
kakinada,OK,2,46215.0,0.08063039928674698,1.0,17.4409,False,0.997,1.0,,coastal
kochi_city,OK,1,55059.0,0.0743475928902626,1.0,16.1727,False,0.814,1.0,,urban
kohima,NO_PARTITIONS,0,,,,,,,,,hilly
kota,OK,2,5566.0,0.008703679777681828,1.0,2.0398,False,1.0,1.0,,agricultural
kurnool,OK,1,0.0,0.0,0.0,0.0,False,0.0,0.0,too_few_footprints_to_test,agricultural
kutch,OK,1,1.0,5.199999577598646e-07,0.36000001430511475,0.0002,False,1.0,1.0,too_few_footprints_to_test,coastal
manali,OK,1,7843.0,0.011654199101030827,1.0,2.8687,False,0.988,1.0,,hilly
mumbai,OK,1,49681.0,0.2183491587638855,1.0,36.9224,False,1.0,0.863,,urban
nagapattinam,OK,1,0.0,0.0,0.0,0.0,False,0.0,0.0,too_few_footprints_to_test,coastal
nizamabad,OK,2,0.0,0.0,0.0,0.0,False,0.0,0.0,too_few_footprints_to_test,agricultural
pune,OK,2,61505.0,0.16465763747692108,1.0,33.0544,False,1.0,1.0,,urban
vembanad,OK,1,40045.0,0.044383518397808075,1.0,12.275,False,0.841,1.0,,coastal
vidisha,OK,1,13438.0,0.047324638813734055,1.0,8.1394,False,1.0,1.0,,agricultural
