tile_id,lat,lon,building_prob_source,ob_confident_pct,base_held_out_dem_rmse_m,base_held_out_dem_mae_m,base_held_out_dem_pearson,base_icesat2_rmse_m,base_elev_range_m,base_icesat2_rmse_pct_of_range,base_n_icesat2_photons,A_held_out_dem_rmse_m,A_held_out_dem_mae_m,A_held_out_dem_pearson,A_icesat2_rmse_m,A_elev_range_m,A_icesat2_rmse_pct_of_range,A_n_icesat2_photons,B_held_out_dem_rmse_m,B_held_out_dem_mae_m,B_held_out_dem_pearson,B_icesat2_rmse_m,B_elev_range_m,B_icesat2_rmse_pct_of_range,B_n_icesat2_photons,category
almora,29.5892,79.6467,step2_building_fraction,1.3282,2.364433765411377,1.8107024431228638,0.9999305,10.647598970856977,1010.7060546875,1.053481269007447,122628,2.3644649982452393,1.8107144832611084,0.9999304,10.64727457832224,1010.7060546875,1.0534491733716058,122628,2.38547945022583,1.8271019458770752,0.999929,10.66261878897822,1010.7060546875,1.0549673408531222,122628,hilly
amalapuram,16.75,82.28,step2_building_fraction,0.3832,0.5585927367210388,0.3918921947479248,0.9768515,3.1771583358677398,37.203269958496094,8.539997530894924,1060205,0.5585927367210388,0.3918921947479248,0.9768515,3.1771583358677398,37.203269958496094,8.539997530894924,1060205,0.6185157299041748,0.4032639265060425,0.9704193,3.178032527123847,37.203269958496094,8.5423473008401,1060205,coastal
bathinda,30.28,75.15,step2_building_fraction,1.1941,0.5360105633735657,0.4124419391155243,0.96908927,1.523666400262501,42.70751953125,3.567677113974278,1194195,0.5360126495361328,0.41244402527809143,0.9690889,1.5236659349828232,42.70751953125,3.5676760245181756,1194195,0.6863173246383667,0.4391618072986603,0.9414845,1.5364268927142595,42.70751953125,3.597555909539591,1194195,agricultural
bengaluru,12.9716,77.5946,step2_building_fraction,28.4288,0.7757084369659424,0.5850839018821716,0.9988216,6.498325838038283,111.644775390625,5.820537338448493,141770,0.7759042978286743,0.5852504372596741,0.9988211,6.497722619612623,111.644775390625,5.8199970369220235,141770,2.7567200660705566,1.591271162033081,0.987633,6.808262540452138,111.644775390625,6.098147017297721,141770,urban
chennai,13.0827,80.2707,step2_building_fraction,23.8456,0.6124247312545776,0.3895920515060425,0.9931347,3.1016353223451736,54.687225341796875,5.671590216837397,280990,0.6124816536903381,0.3896491229534149,0.99313366,3.101702431195162,54.687225341796875,5.6717129307794,280990,2.2463064193725586,1.1460294723510742,0.9405161,3.2580405893697986,54.687225341796875,5.957589855778827,280990,urban
dehradun,30.47,78.15,step2_building_fraction,0.1931,3.808760166168213,2.8780813217163086,0.9999274,11.375477940413198,1591.389892578125,0.7148140121704807,24273,3.8105194568634033,2.879343271255493,0.9999274,11.374845950391157,1591.389892578125,0.7147742990853977,24273,3.8096883296966553,2.8793258666992188,0.9999274,11.377777493962114,1591.389892578125,0.7149585118659759,24273,hilly
delhi,28.6139,77.209,step2_building_fraction,14.4008,0.9995647072792053,0.7143018841743469,0.99714947,5.2579916994343385,87.80986022949219,5.987928560292102,68961,0.9997003674507141,0.7144261598587036,0.99714875,5.2583578782386855,87.80986022949219,5.988345573601758,68961,2.493669033050537,1.334681749343872,0.9837508,5.29325656678441,87.80986022949219,6.028089047118873,68961,urban
dharamshala,32.219,76.3234,step2_building_fraction,2.4519,2.4911134243011475,1.6699780225753784,0.99998486,5.950422639734715,2214.765625,0.2686705343701871,56878,2.4953224658966064,1.675449252128601,0.99998486,5.952064577623047,2214.765625,0.26874467033607885,56878,2.539715051651001,1.71811044216156,0.9999843,5.915523002048711,2214.765625,0.267094763223477,56878,hilly
digha,21.627,87.51,step2_building_fraction,1.2344,0.4948010742664337,0.29102635383605957,0.99373037,3.0859206298960906,39.66073989868164,7.78079440217067,727088,0.49479690194129944,0.29102420806884766,0.9937304,3.085917634201703,39.66073989868164,7.780786848871374,727088,0.5971601009368896,0.3162917494773865,0.9905828,3.0983821008646757,39.66073989868164,7.812214569823668,727088,coastal
goa_estuary,15.4909,73.8278,step2_building_fraction,4.5039,0.8145388960838318,0.516413688659668,0.9993788,3.1111696861962255,107.26433563232422,2.9004698233162514,728473,0.8148253560066223,0.5166440606117249,0.99937844,3.110963770216223,107.26433563232422,2.9002778527243596,728473,1.2162038087844849,0.6504817605018616,0.99859166,3.1183373008020805,107.26433563232422,2.907152020678126,728473,coastal
hyderabad,17.385,78.4867,step2_building_fraction,32.7577,0.7132800221443176,0.5210496783256531,0.99903727,4.648784221537041,127.0,3.6604600169583,236072,0.716749906539917,0.5236405730247498,0.9990277,4.648183668226689,127.0,3.6599871403359754,236072,3.0165810585021973,1.856794834136963,0.9872439,5.4097182128394685,127.0,4.259620640031078,236072,urban
jaipur,26.9124,75.7873,step2_building_fraction,27.2407,0.9317266345024109,0.5658247470855713,0.9995588,3.5470415247103384,209.86764526367188,1.690132616799476,331252,0.932217001914978,0.5666223764419556,0.9995583,3.5469755232145967,209.86764526367188,1.690101167694656,331252,2.2110517024993896,1.4038927555084229,0.9979628,3.707447664445945,209.86764526367188,1.7665646649763527,331252,urban
kakinada,16.9891,82.2475,step2_building_fraction,7.8719,0.5993767976760864,0.41960418224334717,0.9851607,2.630248743168695,53.29170227050781,4.935569011884055,586309,0.5993829965591431,0.4196285009384155,0.985161,2.6302441013960443,53.29170227050781,4.935560301761366,586309,1.3037608861923218,0.6612236499786377,0.93418384,2.753514657381235,53.29170227050781,5.166873152980625,586309,coastal
kochi_city,9.9312,76.2673,step2_building_fraction,8.8687,0.6555996537208557,0.3512166738510132,0.98760223,2.4398039676943455,49.362159729003906,4.942660493561794,373853,0.6554934978485107,0.35115694999694824,0.9876045,2.4399199152206053,49.362159729003906,4.9428953850797015,373853,1.2650541067123413,0.5653778314590454,0.9578521,2.5309649757542965,49.362159729003906,5.127338409926112,373853,urban
kohima,25.6751,94.1086,step3_ob_presence_fallback,2.3224,2.076167106628418,1.612122893333435,0.999969,10.36500336342055,1518.001953125,0.6828056671523297,75182,2.0781302452087402,1.6136845350265503,0.9999689,10.362991593793993,1518.001953125,0.682673139679462,75182,2.1266350746154785,1.6464895009994507,0.99996734,10.409335616087686,1518.001953125,0.6857261016468882,75182,hilly
kota,25.15,76.15,step2_building_fraction,0.5757,0.4978857934474945,0.373331755399704,0.99724245,1.9289966654264423,74.85484313964844,2.57698311093609,624582,0.4978606700897217,0.3733147382736206,0.9972426,1.9290614814083973,74.85484313964844,2.577069699831659,624582,0.5562280416488647,0.38617587089538574,0.99654174,1.9508034620506571,74.85484313964844,2.6061152227802524,624582,agricultural
kurnool,15.7,77.9,step2_building_fraction,0.1021,0.5110845565795898,0.3933044970035553,0.9986392,2.304213622540086,105.53814697265625,2.1832992985342847,220429,0.5110845565795898,0.3933044970035553,0.9986392,2.304213622540086,105.53814697265625,2.1832992985342847,220429,0.5220555663108826,0.39560237526893616,0.9985794,2.305129135348001,105.53814697265625,2.1841667695238516,220429,agricultural
kutch,23.33,68.53,step2_building_fraction,0.0,0.2579767107963562,0.08066461235284805,0.97457576,1.030763641048546,17.531858444213867,5.879374650031664,1061324,0.2579767107963562,0.08066461235284805,0.97457576,1.0307636383382988,17.531858444213867,5.879374634572681,1061324,0.2579767107963562,0.08066461235284805,0.97457576,1.030763641048546,17.531858444213867,5.879374650031664,1061324,coastal
manali,32.2432,77.1892,step2_building_fraction,0.9336,4.297613620758057,3.0689244270324707,0.9999684,11.822491450038171,2464.71923828125,0.47966889154817005,169397,4.301811695098877,3.073848247528076,0.99996835,11.825452521226717,2464.71923828125,0.4797890298236602,169397,4.320422172546387,3.0951104164123535,0.9999681,11.825520156387888,2464.71923828125,0.4797917739561407,169397,hilly
mumbai,19.076,72.8777,step2_building_fraction,16.3068,0.9715259671211243,0.6648879647254944,0.9989118,7.914288393296482,318.95831298828125,2.481292404373627,137172,0.9717571139335632,0.665132999420166,0.9989112,7.91454200725512,318.95831298828125,2.481371917572785,137172,3.941218614578247,1.6795852184295654,0.98336554,6.640750838092645,318.95831298828125,2.0820121525839115,137172,urban
nagapattinam,10.7672,79.8449,step2_building_fraction,2.0009,0.3777862787246704,0.22014130651950836,0.98824346,2.386730852036422,22.628145217895508,10.547620359749466,587493,0.3777862787246704,0.22014130651950836,0.98824346,2.386730852036422,22.628145217895508,10.547620359749466,587493,0.513936460018158,0.25957542657852173,0.9779558,2.4051385683145363,22.628145217895508,10.628969122985955,587493,coastal
nizamabad,18.67,77.85,step2_building_fraction,1.1893,0.5155391097068787,0.39898404479026794,0.99695563,3.0800379494403214,52.300384521484375,5.889130601277087,721319,0.5155391097068787,0.39898404479026794,0.99695563,3.0800379494403214,52.300384521484375,5.889130601277087,721319,0.6089497208595276,0.4259270131587982,0.9957306,3.0954752596881567,52.300384521484375,5.918647229862281,721319,agricultural
pune,18.5204,73.8567,step2_building_fraction,14.9113,0.8037298321723938,0.5854099988937378,0.9995479,4.572154329871085,183.18939208984375,2.49586194796078,158228,0.8037768006324768,0.5854374766349792,0.99954784,4.572134914947452,183.18939208984375,2.4958513496813644,158228,2.55828595161438,1.233662724494934,0.99572396,4.593389413489961,183.18939208984375,2.507453822018892,158228,urban
vembanad,9.4981,76.3388,step2_building_fraction,4.6287,0.5357887148857117,0.31856369972229004,0.9946014,2.894714419030424,50.368377685546875,5.7470868668876305,325335,0.5357108116149902,0.3185298442840576,0.99460304,2.894727243431046,50.368377685546875,5.74711232810201,325335,0.735710084438324,0.401822566986084,0.9900343,2.927272409331854,50.368377685546875,5.811726610706046,325335,coastal
vidisha,23.5251,77.8081,step2_building_fraction,3.2703,0.5302801728248596,0.40315914154052734,0.9974255,1.4351259909650846,70.49853515625,2.035682000745592,503498,0.5302960872650146,0.403169184923172,0.9974253,1.43510841900497,70.49853515625,2.0356570754615766,503498,0.7933522462844849,0.4875878691673279,0.9942384,1.4769048414050259,70.49853515625,2.0949440128531407,503498,agricultural
