n,pearson,spearman,tile_id,category
1194195,-0.12111629121092163,-0.09376879486719943,bathinda,agricultural
559803,0.13286599353170425,0.0748537748081406,fatehpur,agricultural
552384,0.028381728157502478,0.0537433809844734,hisar,agricultural
352982,-0.07881881789377365,-0.20012885108958864,karnal,agricultural
624582,-0.08612871398314056,-0.03744401483902464,kota,agricultural
220429,0.33841830884044455,0.2311059520790554,kurnool,agricultural
721319,0.3462312595325976,0.1969947851483372,nizamabad,agricultural
503498,0.1656252846623293,0.23530470561193098,vidisha,agricultural
1060205,0.20701697214702464,0.32943287600436855,amalapuram,coastal
434280,0.21612264786549248,0.10867184058871475,bhitarkanika,coastal
727088,0.4515578248461547,0.5668632176223394,digha,coastal
728473,0.4348137251074007,0.41251828888808995,goa_estuary,coastal
586309,0.30043097159970544,0.386870335171947,kakinada,coastal
1061324,0.234975261388969,0.3120360787605277,kutch,coastal
587493,0.24525078803120767,0.4389110151548952,nagapattinam,coastal
325335,0.554842413091404,0.04913694177493567,vembanad,coastal
122628,0.10393609628428088,-0.019037601105871632,almora,hilly
24273,0.449090456402673,0.5214638465009129,dehradun,hilly
56878,0.612493706523202,0.47897844432920406,dharamshala,hilly
75182,0.15407534508482013,0.20715176561905127,kohima,hilly
169397,-0.13934033506618726,-0.1760323330813602,manali,hilly
43410,0.29105385137067874,0.4743520142703422,nainital,hilly
102095,0.2058375471010781,0.22484421824992296,ooty,hilly
41423,0.18441786420605732,0.19168895626589155,shimla,hilly
141770,0.2373369992455524,0.27996981611823074,bengaluru,urban
280990,0.6582763628808328,0.7086816740605231,chennai,urban
68961,-0.04261043835147535,0.0071076054935799386,delhi,urban
236072,-0.10069813072158815,-0.18296224751397072,hyderabad,urban
331252,-0.08858231713336161,-0.15273635789166498,jaipur,urban
373853,0.43799486292365736,0.29578531565504146,kochi_city,urban
137172,0.22396283284746227,0.4053456238195779,mumbai,urban
158228,-0.1621322942111617,-0.18976410140116443,pune,urban
