valid_pixels,mae_m,rmse_m,pearson,spearman,tile_id,city,anchor_count,slope,intercept,anchor_agl_min,anchor_agl_max,anchor_agl_std
1048574,3.088886752137667,4.442371170065679,0.7251829435397092,0.6237540432739692,JAX_004_006,JAX,2,37.97340774536133,-8.155125617980957,0.0,28.709165573120117,14.354582786560059
1048573,4.066687432690081,5.2951581460770685,0.7251836845913955,0.6237536981364004,JAX_004_006,JAX,3,37.790008544921875,-10.76578140258789,0.0,29.089448928833008,13.654518127441406
1048571,3.0040962114443914,4.0150171278588935,0.725182728037155,0.6237548218146077,JAX_004_006,JAX,5,32.72763442993164,-5.750840663909912,0.0,28.345598220825195,10.990650177001953
1048566,2.767872071892142,3.9980882259362134,0.7251855567290343,0.6237573127925506,JAX_004_006,JAX,10,32.874778747558594,-6.709536552429199,0.0,27.68474006652832,8.434779167175293
1048556,3.0681492183007326,3.912698355695357,0.725181470863971,0.6237540135870894,JAX_004_006,JAX,20,29.966083526611328,-4.533020973205566,0.0,29.507816314697266,7.269248962402344
1048574,7.85036089200048,9.175637270144495,0.8142866828300548,0.7278337646853426,JAX_004_014,JAX,2,67.69512176513672,-19.50343132019043,0.0,29.340999603271484,14.670499801635742
1048573,3.2143946230634315,4.141242892158992,0.8142839801915002,0.7278327434596699,JAX_004_014,JAX,3,39.902713775634766,-8.310885429382324,0.0,30.38144874572754,14.172181129455566
1048571,2.5717466720185413,3.6108362570325783,0.8142839279647256,0.727832892123739,JAX_004_014,JAX,5,38.95199966430664,-6.4079084396362305,0.0,31.072237014770508,12.024052619934082
1048566,2.536028349065228,3.439362379572546,0.8142831738705254,0.7278316677421377,JAX_004_014,JAX,10,34.02931213378906,-4.038113594055176,0.0,30.292667388916016,9.152854919433594
1048556,2.3139598459131245,3.328013560582448,0.8142848207543718,0.7278333615844553,JAX_004_014,JAX,20,33.9437141418457,-4.945019245147705,0.0,28.77899932861328,7.217148303985596
1048573,4.6373399906498936,5.966928160751777,0.6946098689502864,0.5390225175129492,JAX_004_016,JAX,2,48.991546630859375,-13.035215377807617,0.0,28.974998474121094,14.487499237060547
1048572,3.7222462624766557,5.225248057689778,0.6946100872448646,0.539023383974997,JAX_004_016,JAX,3,41.82477569580078,-7.406126022338867,0.0,28.54693603515625,13.382599830627441
1048570,3.925329233688217,5.330092874290543,0.6946096041841456,0.5390230571824891,JAX_004_016,JAX,5,45.37826919555664,-10.721253395080566,0.0,29.122873306274414,11.267024993896484
1048565,3.0010540366368974,4.1478012523430845,0.6946085744890268,0.5390204609625262,JAX_004_016,JAX,10,31.444095611572266,-5.893436431884766,0.0,28.915237426757812,8.797738075256348
1048555,3.0262652152020486,3.9820009333238136,0.694614106135956,0.5390253427913931,JAX_004_016,JAX,20,24.245872497558594,-3.16064453125,0.0,29.14073944091797,7.307684898376465
1048574,25.695872928702542,38.05102279070084,0.5823018384779245,0.5706874649564646,JAX_018_012,JAX,2,196.18800354003906,-47.19683837890625,0.0,23.488723754882812,11.744361877441406
1048573,10.127633101941546,15.196020735969228,0.582298141961687,0.5706876063571886,JAX_018_012,JAX,3,90.0173110961914,-22.78858184814453,0.0,24.550086975097656,11.52775764465332
1048571,3.0815563560733907,4.249606752579842,0.5822970323425197,0.5706862308650573,JAX_018_012,JAX,5,27.17440414428711,-6.078654766082764,0.0,24.362024307250977,9.434515953063965
1048566,6.408426105006425,9.477531569363803,0.5822968306048102,0.5706843127948663,JAX_018_012,JAX,10,60.45492172241211,-15.184799194335938,0.0,23.61541748046875,7.072231292724609
1048556,2.9194125304527185,3.813023903284177,0.5822976402920994,0.5706864964789876,JAX_018_012,JAX,20,20.764820098876953,-3.7405457496643066,0.0,24.418991088867188,5.969144821166992
1048574,9.170521372839108,11.064391646596537,-0.1674636522073836,-0.1507551110660088,JAX_022_009,JAX,2,-46.1076545715332,28.6174259185791,0.0,22.124000549316406,11.062000274658203
1048573,9.440693009345068,12.093558745204625,-0.16746275704759142,-0.1507541523104735,JAX_022_009,JAX,3,-61.1012077331543,26.194133758544922,0.0,22.435171127319336,10.137781143188477
1048571,6.941854283320383,8.75967531880021,-0.16746207830187085,-0.15075341455121535,JAX_022_009,JAX,5,-39.86692810058594,19.253250122070312,0.0,22.513771057128906,8.503328323364258
1048566,5.034102792496936,5.951031466113408,-0.16746088153077832,-0.15075131813757536,JAX_022_009,JAX,10,-16.17478370666504,11.700506210327148,0.0,22.208999633789062,6.839658260345459
1048556,4.5031569767092625,5.423451373566473,-0.1674626096486587,-0.15075052601393749,JAX_022_009,JAX,20,-11.160724639892578,8.72024917602539,0.0,22.423851013183594,5.918208122253418
1048574,8.371962354576274,10.901338119112557,0.6273844003017057,0.5520808354215477,JAX_031_006,JAX,2,80.16275024414062,-16.69359588623047,0.0,22.69455909729004,11.34727954864502
1048573,5.859345754844326,8.034623896214613,0.6273835325571417,0.5520802252803862,JAX_031_006,JAX,3,58.60250473022461,-8.507025718688965,0.0,23.40399932861328,10.527127265930176
1048571,6.167375855781738,8.133851590780893,0.6273845109291316,0.5520798305477258,JAX_031_006,JAX,5,54.5261116027832,-5.823413848876953,0.0,24.054616928100586,9.173648834228516
1048566,4.106833196549862,5.242511975356619,0.6273851700116311,0.5520799926887857,JAX_031_006,JAX,10,34.633548736572266,-2.7384843826293945,0.0,23.532215118408203,7.502565383911133
1048556,4.125422107693256,5.104768524781364,0.6273867850777313,0.5520840306972916,JAX_031_006,JAX,20,31.299835205078125,-1.628878116607666,0.0,24.29800033569336,6.6913228034973145
1048574,15.39288415054118,17.464425352908624,-0.39126675274004225,-0.309546734604912,JAX_072_015,JAX,2,-53.4062614440918,35.92161560058594,0.0,24.043527603149414,12.021763801574707
1048573,103.64655324613095,133.55607207200578,0.39126500755158233,0.30954454354002925,JAX_072_015,JAX,3,447.7336120605469,-80.23461151123047,0.0,24.119657516479492,11.354355812072754
1048571,16.436780726309685,20.705487133296078,-0.3912649067124781,-0.30954550385114865,JAX_072_015,JAX,5,-89.80711364746094,38.21175003051758,0.0,22.87824249267578,8.854050636291504
1048566,4.941333056341564,6.193522624036102,-0.39126869255825136,-0.3095517071458272,JAX_072_015,JAX,10,-14.038235664367676,9.141963958740234,0.0,22.176998138427734,6.789546489715576
1048556,4.162858108993535,4.977402583603687,-0.3912697648349206,-0.3095434333701438,JAX_072_015,JAX,20,-4.994357109069824,5.705934524536133,0.0,24.06800079345703,6.008197784423828
1048574,7.779395229582036,10.204759417433177,0.6550327220551212,0.4488902472662357,JAX_118_012,JAX,2,54.40228271484375,-5.668949127197266,0.0,20.202999114990234,10.101499557495117
1048573,7.055602806562266,9.565874873195275,0.6550322902988241,0.4488910814110256,JAX_118_012,JAX,3,56.765010833740234,-7.735694408416748,0.0,21.53900146484375,10.14445972442627
1048571,6.330176224127014,8.479222472540027,0.6550335395191889,0.44889278675779937,JAX_118_012,JAX,5,58.22664260864258,-10.750093460083008,0.0,21.48158073425293,8.32895565032959
1048566,2.9923011413221876,3.8123046930203572,0.655034578299387,0.4488923575027103,JAX_118_012,JAX,10,23.128894805908203,-2.3274478912353516,0.0,20.671518325805664,6.303924083709717
1048556,2.400795090189982,3.2330384406737687,0.6550353712597445,0.4488940633956442,JAX_118_012,JAX,20,16.817903518676758,-1.8093140125274658,0.0,20.84200096130371,5.121186256408691
1048574,9.699952487846135,10.659225193410672,0.7426741840724984,0.5474855748453551,JAX_118_015,JAX,2,46.8093147277832,-3.1774473190307617,0.0,20.6560001373291,10.32800006866455
1048573,12.711066946306456,16.366375682307158,0.7426744468040446,0.5474873769016131,JAX_118_015,JAX,3,124.37409973144531,-43.94504928588867,0.0,20.756816864013672,9.773567199707031
1048571,5.014033005944671,6.777466162609406,0.7426736941223914,0.5474853566838961,JAX_118_015,JAX,5,61.055728912353516,-15.367948532104492,0.0,20.652809143066406,7.998987674713135
1048566,4.470837407092568,5.638227350394849,0.742676001153264,0.5474879693072225,JAX_118_015,JAX,10,45.43486404418945,-8.928077697753906,0.0,21.361000061035156,6.500747203826904
1048556,2.154088449867913,2.9719678125879216,0.7426754638227431,0.5474837669542413,JAX_118_015,JAX,20,27.12421226501465,-6.088554382324219,0.0,21.3897647857666,5.366322994232178
1048574,69.13998713796487,103.700601222224,-0.5553875171582552,-0.5004035459867542,JAX_149_006,JAX,2,-394.0682373046875,64.21189880371094,0.0,25.58899688720703,12.794498443603516
1048573,6.779969755094984,8.645383124045713,0.5553797220911304,0.5004006762631846,JAX_149_006,JAX,3,41.023223876953125,-9.17720890045166,0.0,24.695377349853516,11.045689582824707
1048571,3.8625946908113633,5.492041004700344,0.5553815391708914,0.5003988495835817,JAX_149_006,JAX,5,21.421537399291992,-0.9967012405395508,0.0,23.887737274169922,9.081937789916992
1048566,5.0178263604291775,5.657260806017596,0.5553871586026197,0.5004014175408216,JAX_149_006,JAX,10,10.440141677856445,4.315375804901123,0.0,26.020587921142578,8.281852722167969
1048556,4.439146202380305,5.33754152974137,0.5553847886717296,0.5004000671360425,JAX_149_006,JAX,20,14.869836807250977,2.235732078552246,0.0,26.34984016418457,7.356634616851807
1048574,7.557093922975671,9.589299457668279,0.43366632174190045,0.3815442276323003,JAX_149_025,JAX,2,47.87130355834961,-7.776338577270508,0.0,27.345542907714844,13.672771453857422
1048573,7.3655323889576,9.557766175463092,0.4336659463161549,0.3815433385169435,JAX_149_025,JAX,3,42.599998474121094,-3.1495141983032227,0.0,28.036998748779297,12.58995532989502
1048571,5.980404173647761,7.761072355839219,0.4336655386231465,0.38154263695298324,JAX_149_025,JAX,5,36.7788200378418,-5.549908638000488,0.0,25.986495971679688,9.850150108337402
1048566,5.968538741015275,7.608601629862242,0.43366395487338066,0.3815416940427504,JAX_149_025,JAX,10,31.85148048400879,-1.2178802490234375,0.0,28.039701461791992,8.76676082611084
1048556,4.997318509035939,5.875267560867508,0.43367024081625116,0.38154891555655424,JAX_149_025,JAX,20,14.193808555603027,2.393138885498047,0.0,27.203968048095703,7.519975185394287
1048574,4.995938646426199,6.275906789741986,0.7722679309974341,0.597199940786419,JAX_161_001,JAX,2,47.140464782714844,-13.590210914611816,0.0,16.13655662536621,8.068278312683105
1048573,20.28008921612252,24.43798903517669,-0.7723190054662034,-0.5972044898649895,JAX_161_001,JAX,3,-118.36028289794922,43.30544662475586,0.0,40.76075744628906,19.20810890197754
1048571,27.53428907327425,38.32170636611263,-0.7723117796549275,-0.5972028037042766,JAX_161_001,JAX,5,-202.64059448242188,53.62126922607422,0.0,38.28423309326172,14.997552871704102
1048566,4.8277217835850905,5.251669264451043,-0.772300864077672,-0.59720436174099,JAX_161_001,JAX,10,-7.537437915802002,6.761959075927734,0.0,33.289405822753906,9.8741455078125
1048556,3.375332106546892,3.6490345463747205,0.772327403286382,0.5972003886945774,JAX_161_001,JAX,20,2.423640489578247,3.1247105598449707,0.0,43.61143112182617,9.565608024597168
1048574,11.278574528759195,18.704157290685313,0.7298156161615583,0.6106327319423356,JAX_164_008,JAX,2,127.58954620361328,-21.184051513671875,0.0,97.68675231933594,48.84337615966797
1048573,13.505336111236533,22.333996627953095,0.7298169828894041,0.6106320283463953,JAX_164_008,JAX,3,130.89105224609375,-14.438484191894531,0.0,106.55501556396484,50.21235275268555
1048571,12.918163014057608,21.704268874613913,0.7298172868069066,0.6106320051090856,JAX_164_008,JAX,5,141.23226928710938,-22.246797561645508,0.0,109.01300048828125,42.88788604736328
1048566,11.6764720587533,19.303320415294397,0.7298178253948852,0.6106346049170551,JAX_164_008,JAX,10,130.73231506347656,-21.706825256347656,0.0,106.5981216430664,31.5043888092041
1048556,7.719390165528196,12.966383594419122,0.7298183571428594,0.6106327318657269,JAX_164_008,JAX,20,95.03157806396484,-16.0753173828125,0.0,107.65106201171875,24.21270179748535
1048574,15.544234815229832,18.61812489286592,0.7751949928837277,0.6776098394841868,JAX_165_015,JAX,2,102.15735626220703,-11.146297454833984,0.0,78.474853515625,39.2374267578125
1048573,14.852320739784753,18.181848430763836,0.7751941562532473,0.6776109967201649,JAX_165_015,JAX,3,124.00978088378906,-39.995094299316406,0.0,74.99555969238281,33.914459228515625
1048571,11.12959836895279,13.153593542965076,0.775194812290822,0.6776094972144301,JAX_165_015,JAX,5,94.90432739257812,-16.156288146972656,0.0,78.86298370361328,29.811185836791992
1048566,8.601245684078318,10.510433875736153,0.7751957417853157,0.6776095492145504,JAX_165_015,JAX,10,86.46733093261719,-20.514684677124023,0.0,76.70699310302734,22.12356185913086
1048556,7.175707360269152,8.496589466352017,0.775199679276986,0.6776147052761985,JAX_165_015,JAX,20,63.87654113769531,-8.651450157165527,0.0,80.28160095214844,17.98521614074707
1048574,18.018678772785307,24.508062303697645,0.7979231459893068,0.7794461633320046,JAX_166_006,JAX,2,163.52560424804688,-17.990135192871094,0.0,136.62200927734375,68.31100463867188
1048573,15.937015143865333,25.882225441986666,0.7979230795419244,0.7794465504100546,JAX_166_006,JAX,3,151.7281036376953,-6.8747711181640625,0.0,136.6617889404297,64.17865753173828
1048571,13.430329661290708,20.673737511680237,0.7979255386597377,0.7794457813126496,JAX_166_006,JAX,5,137.45217895507812,-9.975118637084961,0.0,128.26535034179688,49.98112869262695
1048566,12.291569501343753,17.2897054820511,0.7979259320722774,0.7794435692768054,JAX_166_006,JAX,10,125.5014877319336,-11.936473846435547,0.0,129.02027893066406,37.76176071166992
1048556,9.104116546377757,12.651808523785828,0.7979241893597524,0.7794466768669841,JAX_166_006,JAX,20,97.56938171386719,-9.151653289794922,0.0,132.19100952148438,29.596765518188477
1048574,7.945691673785738,14.086363570887045,0.7015492001902657,0.6557853918367716,JAX_175_002,JAX,2,64.29216003417969,-5.686943054199219,0.0,53.39466094970703,26.697330474853516
1048573,8.021024617591626,13.521703674856466,0.7015489222553776,0.6557856362192745,JAX_175_002,JAX,3,67.8245620727539,-10.14303207397461,0.0,56.192684173583984,26.483360290527344
1048571,7.887446730960008,13.939012728825071,0.7015491120258373,0.6557853290919433,JAX_175_002,JAX,5,63.56779098510742,-5.510470390319824,0.0,56.828346252441406,22.399723052978516
1048566,7.481445052446446,12.366482653879755,0.7015489429941724,0.6557830913985686,JAX_175_002,JAX,10,63.49366760253906,-9.878238677978516,0.0,57.15299987792969,16.928874969482422
1048556,5.942655524806071,10.47558056399949,0.7015486814253566,0.6557871660311323,JAX_175_002,JAX,20,53.394744873046875,-6.338558673858643,0.0,59.46799850463867,13.320219039916992
1048574,25.155500900198877,32.46261458204555,0.5569725863101738,0.37005659455496986,JAX_204_005,JAX,2,204.5613250732422,-71.49539184570312,0.0,43.661556243896484,21.830778121948242
1048573,13.581317897148377,17.201225847422062,0.5569736897324268,0.3700584035505178,JAX_204_005,JAX,3,112.73181915283203,-36.99429702758789,0.0,43.97782897949219,20.72152328491211
1048571,6.539103211338435,8.058121736343862,0.5569652548164477,0.37005945056747935,JAX_204_005,JAX,5,55.61457824707031,-16.43931007385254,0.0,29.929000854492188,11.67966365814209
1048566,8.597967698572722,10.469627055597696,0.5569721267438327,0.37005832214515744,JAX_204_005,JAX,10,53.84419631958008,-10.329285621643066,0.0,43.316009521484375,12.782642364501953
1048556,3.132111317631748,4.031427110154986,0.5569697853710454,0.3700544270667156,JAX_204_005,JAX,20,23.017040252685547,-5.371717929840088,0.0,35.86684799194336,8.154202461242676
1048574,13.844627015404832,20.012168929838605,0.7325001002383711,0.7435245031364341,JAX_214_015,JAX,2,143.76824951171875,-40.3039665222168,0.0,93.47200775146484,46.73600387573242
1048573,13.571728112721258,19.679654455343883,0.7324999648835981,0.7435244795852072,JAX_214_015,JAX,3,141.5537567138672,-40.282169342041016,0.0,91.73101043701172,42.013675689697266
1048571,13.121718201728827,16.094726591893686,0.7325001170831611,0.7435245822386221,JAX_214_015,JAX,5,107.36129760742188,-19.682575225830078,0.0,91.71923065185547,34.96586608886719
1048566,9.508817858296673,12.794063570799727,0.7325007829099185,0.7435238594621699,JAX_214_015,JAX,10,95.6483383178711,-23.995037078857422,0.0,91.8330078125,26.567523956298828
1048556,9.44226205140511,12.146861704018113,0.7325013729845581,0.7435262595202324,JAX_214_015,JAX,20,89.83880615234375,-19.872190475463867,0.0,97.4469985961914,21.91297149658203
1048574,15.38211751533949,21.42184336854909,0.7269893712212676,0.7723782133276109,JAX_214_023,JAX,2,123.70079040527344,-21.683807373046875,0.0,91.67108154296875,45.835540771484375
1048573,17.66860789851436,21.29450656320018,0.7269898787437017,0.7723785165949787,JAX_214_023,JAX,3,127.94186401367188,-36.6178092956543,0.0,91.39244842529297,41.514991760253906
1048571,14.339000387344557,16.596925481527204,0.7269925344307755,0.7723809486067515,JAX_214_023,JAX,5,93.55108642578125,-28.160266876220703,0.0,93.92921447753906,35.72097396850586
1048566,7.978165667358922,11.56235790341016,0.7269905494452976,0.7723788426896673,JAX_214_023,JAX,10,66.1279067993164,-7.632659912109375,0.0,91.58700561523438,26.483234405517578
1048556,8.509478710722034,11.510328218537218,0.7269899887128157,0.7723764201246233,JAX_214_023,JAX,20,68.2729263305664,-14.193534851074219,0.0,95.14027404785156,21.204429626464844
1048574,220.38412728171977,288.0321817908572,0.5171701079809771,0.41478545176499865,JAX_224_025,JAX,2,970.15869140625,-97.26324462890625,0.0,52.9640007019043,26.48200035095215
1048573,22.741996970109977,25.270176576420415,-0.5171914872949164,-0.4147883399566746,JAX_224_025,JAX,3,-71.45613098144531,43.27420425415039,0.0,70.46592712402344,33.21522521972656
1048571,17.48973104392823,19.972161425663817,-0.5171757851177423,-0.4147858725230405,JAX_224_025,JAX,5,-67.0185546875,34.4897346496582,0.0,57.68013000488281,22.903963088989258
1048566,5.992977902105007,6.44270182521056,0.51716595758761,0.41478520138972425,JAX_224_025,JAX,10,3.367048740386963,5.538467884063721,0.0,51.49393844604492,15.302067756652832
1048556,4.663885494480719,5.364786674745772,0.5171748467368249,0.4147910633684143,JAX_224_025,JAX,20,5.916558265686035,3.1046669483184814,0.0,60.508209228515625,13.376363754272461
1048574,42.44774790482705,50.32012898717185,-0.4479895091733545,-0.32801951722963013,JAX_264_013,JAX,2,-162.92111206054688,107.21664428710938,0.0,40.118621826171875,20.059310913085938
1048573,18.399896167339406,22.27482293644245,0.44798124722103627,0.32801806806058076,JAX_264_013,JAX,3,96.2682876586914,-28.16537094116211,0.0,30.26721954345703,14.255849838256836
1048571,7.087741818965601,7.72019674224674,0.4479882988147713,0.3280164700072566,JAX_264_013,JAX,5,4.198907375335693,7.462175369262695,0.0,40.46842575073242,15.740067481994629
1048566,4.120412370029446,4.966836230154152,0.4479807948275002,0.3280182218027058,JAX_264_013,JAX,10,13.001276016235352,-0.9794812202453613,0.0,28.230117797851562,8.600066184997559
1048556,4.064235117413543,4.941105990199104,0.4479848190692802,0.3280139529870119,JAX_264_013,JAX,20,13.367125511169434,-1.2750310897827148,0.0,38.6451416015625,8.906926155090332
1048574,68.55706006187772,78.31379091304822,0.6096680251026397,0.4516248649191265,JAX_269_009,JAX,2,309.1800537109375,-125.92921447753906,0.0,33.452999114990234,16.726499557495117
1048573,13.994149337755497,15.644947286481008,-0.6096688158335365,-0.45162538658029794,JAX_269_009,JAX,3,-21.772228240966797,22.302570343017578,0.0,31.996675491333008,15.058541297912598
1048571,4.493663741402662,6.486451723153949,0.6096675343468425,0.4516249037781246,JAX_269_009,JAX,5,27.045793533325195,-1.4496407508850098,0.0,31.607999801635742,12.3010892868042
1048566,3.6960721043334854,5.262218504728927,0.6096670086202602,0.45162363274222095,JAX_269_009,JAX,10,21.57967758178711,-1.1236610412597656,0.0,33.28927230834961,10.028494834899902
1048556,3.1083079031116414,4.471656300246144,0.6096718129859986,0.4516324460509831,JAX_269_009,JAX,20,11.022329330444336,0.06530237197875977,0.0,32.528404235839844,7.942988872528076
1048574,69.75585648896406,90.04823034084642,0.5573921074676434,0.46445079164303565,JAX_416_009,JAX,2,355.31982421875,-111.10194396972656,0.0,22.87200164794922,11.43600082397461
1048573,6.415946998025226,7.02325761692765,0.5573919705588786,0.4644495769733767,JAX_416_009,JAX,3,15.727509498596191,2.2701010704040527,0.0,22.906999588012695,10.788107872009277
1048571,28.878553316510974,37.017272816917654,0.5573923698378653,0.4644524039454442,JAX_416_009,JAX,5,130.90330505371094,-29.848526000976562,0.0,22.949668884277344,8.881909370422363
1048566,3.3549069293672895,3.7903998314308294,0.5573923878993929,0.4644499085091392,JAX_416_009,JAX,10,4.433594703674316,2.31864595413208,0.0,22.80500030517578,6.949685573577881
1048556,3.1214184399711016,3.613398321139482,0.5573949827898297,0.46445418533731403,JAX_416_009,JAX,20,4.8918070793151855,1.5239088535308838,0.0,22.7432918548584,5.629247188568115
1048574,11.418426653380466,15.332168231755311,0.672613202573563,0.5933625151540821,JAX_416_022,JAX,2,52.13142776489258,-6.665292739868164,0.0,23.22250747680664,11.61125373840332
1048573,6.390665783028051,7.7229788099292,0.6726137410992339,0.5933647040675576,JAX_416_022,JAX,3,36.23953628540039,-8.700540542602539,0.0,22.747970581054688,10.71432876586914
1048571,3.330302336116851,4.0740030932982245,0.6726139203211069,0.5933642299205678,JAX_416_022,JAX,5,14.49538803100586,-0.06401920318603516,0.0,22.58311653137207,8.741724014282227
1048566,3.2106407921369784,4.302462339877738,0.6726121882062257,0.5933634509645608,JAX_416_022,JAX,10,19.857162475585938,-2.809798240661621,0.0,22.77597427368164,6.946101188659668
1048556,2.161256864440347,3.1706644623710565,0.6726105489069293,0.593358125940549,JAX_416_022,JAX,20,13.616291999816895,-1.5861518383026123,0.0,23.18899917602539,5.701822757720947
1048574,9.709899135118523,12.749423081502174,0.3380231952671856,0.28611310947394286,JAX_505_016,JAX,2,63.943084716796875,-14.817365646362305,0.0,32.3474235534668,16.1737117767334
1048573,26.027161198117195,30.264738975843684,0.3380248813137501,0.28611600675927096,JAX_505_016,JAX,3,139.16722106933594,-67.30303955078125,0.0,33.27299118041992,14.958009719848633
1048571,8.20835584532052,9.6067544666771,-0.3380314566316234,-0.2861181601130614,JAX_505_016,JAX,5,-19.250057220458984,16.596885681152344,0.0,33.702396392822266,12.656123161315918
1048566,6.328047137722817,7.489948185395974,0.33802722423108267,0.28611348246376855,JAX_505_016,JAX,10,18.314102172851562,1.5044054985046387,0.0,33.63800048828125,10.261910438537598
1048556,5.682268537437187,7.100581985449446,0.33802489478240255,0.286113775364755,JAX_505_016,JAX,20,21.686216354370117,-1.9955973625183105,0.0,34.0920524597168,8.821739196777344
1048574,61.84702995130979,72.809936107075,0.2612678048081486,0.2006953651071092,JAX_505_018,JAX,2,247.0384063720703,-162.11874389648438,0.0,34.1016845703125,17.05084228515625
1048573,7.416519481781252,9.45832644088706,0.26126707081554723,0.20069224261987006,JAX_505_018,JAX,3,39.33068084716797,-10.040141105651855,0.0,34.406410217285156,15.569574356079102
1048571,11.48711440789993,14.637677336200206,0.26126655264542553,0.2006928687247774,JAX_505_018,JAX,5,70.76349639892578,-23.31442642211914,0.0,33.36049270629883,12.609366416931152
1048566,7.0305964350333685,8.793005128191313,0.2612679841490302,0.20069366377574077,JAX_505_018,JAX,10,27.845693588256836,-11.345183372497559,0.0,33.35100173950195,10.152222633361816
1048556,5.558214955311141,6.815356019919765,0.2612706773526581,0.20069705378744152,JAX_505_018,JAX,20,10.791679382324219,1.0658659934997559,0.0,33.779998779296875,8.682563781738281
1048574,231.62459449916904,368.7701544447319,0.27664253243552095,0.3404551149474507,OMA_042_011,OMA,2,2763.46142578125,-556.023193359375,0.0,23.2670841217041,11.63354206085205
1048573,19.42384466554069,23.422621851217123,-0.27664319190629105,-0.3404564530971443,OMA_042_011,OMA,3,-142.58018493652344,49.26200485229492,0.0,22.19253921508789,10.033709526062012
1048571,14.904103231976379,20.604032310151748,0.2766396778257907,0.34045373439010135,OMA_042_011,OMA,5,124.27144622802734,-12.423898696899414,0.0,23.407873153686523,8.860197067260742
1048566,6.796722459038504,9.796386970291612,0.27663841743090845,0.3404515749457456,OMA_042_011,OMA,10,73.08140563964844,-10.698545455932617,0.0,23.09836196899414,6.895138263702393
1048556,4.634292063149683,6.0975069265091735,0.27663893906937453,0.34045145610948,OMA_042_011,OMA,20,40.30894470214844,-4.288039207458496,0.0,23.702707290649414,5.893774509429932
1048574,12.358221274179048,16.184878524548825,0.4870342761892166,0.5450002016937401,OMA_084_038,OMA,2,91.9227523803711,-26.13005256652832,0.0,31.988300323486328,15.994150161743164
1048573,10.07509990827718,13.110477549461155,0.4870334833546437,0.5449997904423342,OMA_084_038,OMA,3,77.06299591064453,-22.59622573852539,0.0,32.52299880981445,15.207847595214844
1048571,8.39127054898937,10.986849444234199,0.48703224594266326,0.5449995855126862,OMA_084_038,OMA,5,64.94671630859375,-18.333120346069336,0.0,31.361732482910156,12.108173370361328
1048566,7.197722454712364,9.427362043775192,0.4870324092990197,0.5449994169943322,OMA_084_038,OMA,10,56.31850814819336,-15.732728958129883,0.0,31.48918914794922,9.305773735046387
1048556,3.378485177971064,4.443481350630027,0.48703597050587155,0.5450025042740319,OMA_084_038,OMA,20,16.064340591430664,-1.5327587127685547,0.0,32.94444274902344,7.596122741699219
1048574,407.3912163517281,612.0943658454083,0.25954726741197837,0.32774393679879343,OMA_134_027,OMA,2,2442.3193359375,-1598.43310546875,0.0,26.416654586791992,13.208327293395996
1048573,7.42703461031288,8.249880482182425,0.25954593706349344,0.327745176657934,OMA_134_027,OMA,3,14.83548641204834,0.9351277351379395,0.0,24.040363311767578,11.329524040222168
1048571,17.40991397068646,25.186843041986705,0.2595479848083097,0.32774460385321,OMA_134_027,OMA,5,110.28097534179688,-64.834228515625,0.0,26.941635131835938,10.518333435058594
1048566,2.9897849677060346,3.5260950401393534,0.2595468175344745,0.3277448247193695,OMA_134_027,OMA,10,5.513357162475586,0.4098830223083496,0.0,22.017826080322266,6.545882701873779
1048556,2.774072918080847,3.3637368247005783,0.25954531823591154,0.3277393218483142,OMA_134_027,OMA,20,7.343618392944336,-1.2585630416870117,0.0,27.190519332885742,6.139371871948242
1048574,7.497317761884863,8.884536316726502,0.04694404903165099,0.05686484713884305,OMA_144_030,OMA,2,-26.96467399597168,20.504234313964844,0.0,0.5093263983726501,0.2546631991863251
1048573,0.23379478083331318,0.27953522453548246,-0.04693589395215126,-0.056864794297217726,OMA_144_030,OMA,3,1.3498793840408325,-0.6130945086479187,0.0,0.3877504765987396,0.1787017583847046
1048571,0.06515851401930361,0.0762016486498134,-0.04692748773031789,-0.05686291192846477,OMA_144_030,OMA,5,0.1634325236082077,-0.020030483603477478,0.0,0.27230560779571533,0.10366377979516983
1048566,0.034128529299424455,0.04162541890028849,0.046918302765890534,0.056864745722862375,OMA_144_030,OMA,10,-0.018894795328378677,0.03918737173080444,0.0,0.12755082547664642,0.035331252962350845
1048556,0.07291714771712965,0.08756193129298977,-0.04696593867630096,-0.05685959491617953,OMA_144_030,OMA,20,0.23992325365543365,-0.0536169558763504,0.0,0.8509008884429932,0.18180404603481293
1048574,4.203390424152979,5.4383118872983784,0.5796208612532328,0.6241311361316275,OMA_198_002,OMA,2,33.29352951049805,-8.146673202514648,0.0,19.520858764648438,9.760429382324219
1048573,5.979506468292847,6.7186932705985125,-0.5796295705520033,-0.6241328812258766,OMA_198_002,OMA,3,-6.893863201141357,10.316499710083008,1.2298347428441048e-05,20.764854431152344,9.078407287597656
1048571,4.0268769900467,5.083477282850131,0.5796202996376406,0.6241309524567522,OMA_198_002,OMA,5,30.059402465820312,-7.764594078063965,1.7962538549909368e-06,22.172916412353516,8.110309600830078
1048566,2.6759842630903536,3.467698178553141,0.5796240839408481,0.6241313410638818,OMA_198_002,OMA,10,14.7315092086792,-0.6619296073913574,0.0,20.361257553100586,5.949588775634766
1048556,2.572492091562976,3.455878348662848,0.5796221852487367,0.6241297359606174,OMA_198_002,OMA,20,15.8638277053833,-1.4138922691345215,0.0,22.25336265563965,5.400703430175781
1048574,29.676105962267375,38.68594085474124,-0.11857803591034526,-0.15667017450820733,OMA_211_032,OMA,2,-184.4613037109375,67.83658599853516,0.0,24.827661514282227,12.413830757141113
1048573,10.083104438846274,13.004828200922047,0.11856166181975299,0.15666632921755289,OMA_211_032,OMA,3,46.10996627807617,-8.638731956481934,0.0,25.084840774536133,11.82510757446289
1048571,6.045753086072044,8.07315761369516,0.11855849723829937,0.15666564505100936,OMA_211_032,OMA,5,38.176307678222656,-12.870619773864746,0.0,26.175138473510742,10.468570709228516
1048566,3.1294639771751287,4.003457104590352,0.11856280967913738,0.1566691499326755,OMA_211_032,OMA,10,11.773459434509277,-1.6638896465301514,0.0,28.157678604125977,8.394308090209961
1048556,2.389985827543306,2.991116727347161,-0.11858060269808623,-0.15666880451416965,OMA_211_032,OMA,20,-1.9731589555740356,2.82593035697937,0.0,29.361133575439453,6.535228729248047
1048574,161.23988096228376,199.4921422117506,0.13432393118761343,0.08743466708159676,OMA_211_039,OMA,2,624.3028564453125,-70.29984283447266,0.0,25.209447860717773,12.604723930358887
1048573,14.183080493177265,17.43738384815709,-0.1343261484994157,-0.08743600529345043,OMA_211_039,OMA,3,-56.769596099853516,34.43125915527344,0.0,26.244964599609375,12.371994972229004
1048571,6.284393141512797,7.476982231758515,-0.1343229716146767,-0.08743635746653777,OMA_211_039,OMA,5,-33.31755828857422,12.684412002563477,0.0,24.432388305664062,9.771524429321289
1048566,3.48843512405826,4.449984616833479,-0.1343232730459139,-0.08743511098387938,OMA_211_039,OMA,10,-13.067522048950195,7.632105827331543,0.0,24.32219123840332,7.2545061111450195
1048556,2.744740954611742,3.5479387559675954,-0.1343227668577504,-0.08743684421784968,OMA_211_039,OMA,20,-7.506192684173584,5.003496170043945,0.0,24.564998626708984,5.554200649261475
1048574,7.87501236277495,9.994133877788746,-0.37953914455699733,-0.15241667386560895,OMA_212_033,OMA,2,-40.34130859375,22.973812103271484,0.0,18.819507598876953,9.409753799438477
1048573,4.76289855366455,5.780914624834998,0.3795175190770087,0.15241038088793196,OMA_212_033,OMA,3,35.29876708984375,-14.77151107788086,0.0,16.06243133544922,7.571721076965332
1048571,5.087514937862475,6.910437809542242,-0.3795364984461769,-0.1524145892914164,OMA_212_033,OMA,5,-27.969951629638672,14.439258575439453,0.0,17.125995635986328,6.84870719909668
1048566,3.0845508477487646,4.82252312452313,-0.3795401599814403,-0.15241826005930498,OMA_212_033,OMA,10,-15.118400573730469,7.473349094390869,0.0,18.80205535888672,5.668902397155762
1048556,2.5413137971792725,3.3686449770121447,-0.3795382314253624,-0.152410355296627,OMA_212_033,OMA,20,-0.8696233034133911,2.3110175132751465,0.0,20.839237213134766,5.189318656921387
1048574,18.895536068399117,23.61531578175565,0.6680680655280393,0.6440255631562657,OMA_221_034,OMA,2,123.27604675292969,-56.13800811767578,0.0,29.45560073852539,14.727800369262695
1048573,7.346871224835832,9.19166217846399,0.6680651049791478,0.6440245344223695,OMA_221_034,OMA,3,45.64196014404297,-13.90157413482666,0.0,27.233509063720703,12.405900001525879
1048571,6.399306252026158,8.053285121797858,0.6680647726542497,0.6440246683793363,OMA_221_034,OMA,5,42.287086486816406,-13.380727767944336,0.0,27.083080291748047,10.279725074768066
1048566,3.434534067640297,4.2833669350214265,0.6680657614163151,0.6440246222270845,OMA_221_034,OMA,10,21.193849563598633,-5.769693851470947,0.0,27.260326385498047,8.299734115600586
1048556,3.7993093672463014,4.830525032857191,0.6680671531997768,0.6440227374074201,OMA_221_034,OMA,20,28.134376525878906,-9.42427921295166,0.0,30.799360275268555,7.557693958282471
1048574,36.98841085089551,43.32518309747007,0.4334558078563435,0.3631325314335966,OMA_225_001,OMA,2,184.91864013671875,-98.02650451660156,0.0,19.478471755981445,9.739235877990723
1048573,4.177024965862152,4.92198425394922,0.4334582624483592,0.36313413690638796,OMA_225_001,OMA,3,15.955848693847656,-0.9789872169494629,0.0,19.177032470703125,8.9898099899292
1048571,6.202572724966163,7.73324419410996,0.4334553329971831,0.36313141617012706,OMA_225_001,OMA,5,45.26665496826172,-14.600443840026855,0.0,19.227130889892578,7.430115222930908
1048566,2.7818206190330126,3.5443113548704037,0.43345385348169624,0.3631297159479081,OMA_225_001,OMA,10,18.789709091186523,-5.406476974487305,0.0,17.556358337402344,5.400035858154297
1048556,2.490937070142596,2.9934636680311133,0.43346165835387906,0.36313436336859806,OMA_225_001,OMA,20,5.392229080200195,0.4153118133544922,0.0,18.56790542602539,4.70460844039917
1048574,44.91346455736484,60.63845844647899,0.49335813056141453,0.3259686562739925,OMA_230_036,OMA,2,280.3879089355469,-49.4884147644043,0.0,19.79370880126953,9.896854400634766
1048573,77.8776875502682,94.71088362619243,-0.4933808205148046,-0.3259682693143876,OMA_230_036,OMA,3,-505.7642822265625,174.0598907470703,0.0,32.5232048034668,15.32193374633789
1048571,4.122571230080482,5.360443595375095,0.4933554725615757,0.3259667832409498,OMA_230_036,OMA,5,26.05488395690918,-3.3788528442382812,0.0,20.410625457763672,7.960775852203369
1048566,3.632029990562523,3.952683185764973,-0.49336640927356484,-0.32596589100901285,OMA_230_036,OMA,10,-4.433138847351074,5.030573844909668,0.0,24.28458595275879,7.186698913574219
1048556,3.100800560641291,3.354868795243126,0.49340721989172387,0.3259632788568855,OMA_230_036,OMA,20,0.5872485041618347,3.1957075595855713,0.0,41.172847747802734,8.950677871704102
1048574,16.249707597901708,20.385734209705266,0.6965551178855729,0.5871275172152529,OMA_248_029,OMA,2,97.70512390136719,-15.92733383178711,0.0,36.98088836669922,18.49044418334961
1048573,13.638287581894362,17.012870576053274,0.6965551835230046,0.5871288520268957,OMA_248_029,OMA,3,81.25751495361328,-12.092511177062988,0.0,36.62690734863281,17.260574340820312
1048571,7.097084721658216,8.925237988419717,0.6965525584133794,0.5871274314771098,OMA_248_029,OMA,5,53.46192932128906,-9.662883758544922,0.0,37.717384338378906,14.686391830444336
1048566,5.4110734175854365,6.73297837607281,0.6965518809243479,0.5871261706213032,OMA_248_029,OMA,10,44.690921783447266,-8.988521575927734,0.0,36.510318756103516,11.04720687866211
1048556,3.9546646086615844,5.009617748131796,0.6965526129119781,0.5871260804268672,OMA_248_029,OMA,20,30.539894104003906,-5.4425764083862305,0.0,39.03391647338867,9.552629470825195
1048574,10.983747092781083,13.365132319929089,0.739081045487029,0.5621891368416141,OMA_248_030,OMA,2,75.5615463256836,-28.702716827392578,0.0,36.07530212402344,18.03765106201172
1048573,10.806125117844587,13.34416762002671,0.7390833669231922,0.5621897060979222,OMA_248_030,OMA,3,60.44955825805664,-6.554936408996582,0.0,37.687496185302734,17.76226043701172
1048571,9.651839525249585,11.985682386489243,0.7390847117296153,0.5621919115149222,OMA_248_030,OMA,5,57.91081619262695,-7.135564804077148,0.0,37.655216217041016,14.670965194702148
1048566,3.3858567728345856,4.387317765958777,0.7390857227490162,0.5621905762693155,OMA_248_030,OMA,10,28.409461975097656,-6.514752388000488,0.0,36.76275634765625,11.052162170410156
1048556,3.7182830758522636,4.75289030477725,0.7390842296795885,0.5621884858652461,OMA_248_030,OMA,20,29.720821380615234,-4.768534183502197,0.0,40.11615753173828,9.717828750610352
1048574,29.095023052356968,35.938843307712304,0.07428999591961793,-0.05971169122240978,OMA_258_020,OMA,2,165.47061157226562,-89.89511108398438,0.0,26.283946990966797,13.141973495483398
1048573,28.135017977122686,35.04259448574308,-0.0743021282769118,0.05970825164126374,OMA_258_020,OMA,3,-141.16786193847656,85.41729736328125,0.0,26.074169158935547,12.291481018066406
1048571,4.312958187771785,5.60739466407751,-0.0743110296645701,0.05970500029199894,OMA_258_020,OMA,5,-25.17814826965332,12.760505676269531,0.0,22.492101669311523,8.991743087768555
1048566,2.6414528696241146,3.3097480336598073,-0.07431123889351052,0.059706101259242125,OMA_258_020,OMA,10,-6.260262489318848,5.143237113952637,0.0,23.899654388427734,7.120175838470459
1048556,2.6785693908341828,3.1671637227119143,0.07430233824483917,-0.05970933540083556,OMA_258_020,OMA,20,4.911699295043945,0.42120957374572754,0.0,25.9488525390625,5.76632833480835
1048574,6.52410627834149,8.640580978543797,0.6962553380315954,0.6158191347407592,OMA_269_035,OMA,2,42.5403938293457,-6.1181793212890625,0.0,21.894073486328125,10.947036743164062
1048573,6.5356127537863085,9.190828601809764,0.6962572050944917,0.6158191242434371,OMA_269_035,OMA,3,59.62446975708008,-15.560628890991211,0.0,22.681745529174805,10.559308052062988
1048571,4.615654745196625,5.035436600194505,-0.6962744138384036,-0.6158242630802189,OMA_269_035,OMA,5,-7.093452453613281,7.27577018737793,0.0,22.888383865356445,8.833491325378418
1048566,2.618989832926759,3.5970082202935596,0.6962545150973851,0.6158175932117772,OMA_269_035,OMA,10,27.503684997558594,-6.908903121948242,0.0,21.21535873413086,6.204880237579346
1048556,1.7795750629472078,2.5074366416620384,0.6962633635782196,0.6158206593615427,OMA_269_035,OMA,20,18.378559112548828,-3.673199415206909,0.0,23.062389373779297,5.1942524909973145
1048574,27.93449305134738,33.99182912203508,0.6678561810727677,0.5683643835980631,OMA_281_002,OMA,2,194.78244018554688,-8.007076263427734,0.0,83.75009155273438,41.87504577636719
1048573,16.267427495371418,19.064785986532765,0.6678320886882037,0.5683653154432988,OMA_281_002,OMA,3,156.844970703125,-39.50937271118164,0.0,102.16857147216797,48.161197662353516
1048571,43.69849452165069,61.53852755018759,0.6679388221970439,0.5683652055419983,OMA_281_002,OMA,5,460.95819091796875,-53.87140655517578,0.0,127.06808471679688,50.49368667602539
1048566,9.508682479103006,11.884679502234082,0.6678251815232423,0.5683666101325701,OMA_281_002,OMA,10,120.94213104248047,-24.745264053344727,0.0,95.8155746459961,28.380159378051758
1048556,9.621043572292946,13.167703889365576,0.6678877825162512,0.5683660481700726,OMA_281_002,OMA,20,128.17575073242188,-17.48921012878418,0.0,117.20980072021484,25.33370018005371
1048574,1094.7472570248951,2047.8541882481327,0.8216216057894195,0.5576846780135127,OMA_281_030,OMA,2,12914.14453125,-1601.1019287109375,0.0,115.58256530761719,57.791282653808594
1048573,126.40848178955913,228.221580395475,0.8216014872464258,0.5576823568420276,OMA_281_030,OMA,3,1567.6016845703125,-244.98086547851562,0.0,111.754150390625,52.680084228515625
1048571,16.990598832459217,25.929779605516796,0.8215955304245706,0.5576823492878583,OMA_281_030,OMA,5,172.38131713867188,-13.722328186035156,0.0,116.02114868164062,46.04403305053711
1048566,13.840211197739327,18.97672986863146,0.8215660342741907,0.5576825582654974,OMA_281_030,OMA,10,122.53932189941406,-6.846735954284668,0.0,91.70618438720703,27.146074295043945
1048556,6.5976749779818515,7.60320808220558,0.8216100337117208,0.5576831744115948,OMA_281_030,OMA,20,2.797422170639038,6.997793674468994,0.0,110.80674743652344,23.94266700744629
1048574,5.503017304644914,6.443606854553364,0.6566246562077602,0.5481279991779324,OMA_315_019,OMA,2,24.001672744750977,-1.2317934036254883,0.0,20.585426330566406,10.292713165283203
1048573,3.4014176255584547,4.377111050884009,0.6566243002336154,0.5481290229985533,OMA_315_019,OMA,3,28.10041046142578,-6.552346706390381,0.0,19.82741928100586,9.125617027282715
1048571,4.858801666980806,5.7700543955794155,0.6566251693101055,0.5481269221590835,OMA_315_019,OMA,5,32.926780700683594,-13.126508712768555,0.0,20.61702537536621,7.864311695098877
1048566,3.0556565757947443,3.7338858966683817,0.6566258670736875,0.5481270470900549,OMA_315_019,OMA,10,25.118919372558594,-7.400636196136475,0.0,20.639122009277344,6.209683418273926
1048556,2.6233345351916584,3.29739814161354,0.6566238258292388,0.5481277577732341,OMA_315_019,OMA,20,19.778335571289062,-4.162360191345215,0.0,20.625673294067383,5.151515007019043
1048574,2.2622199678385453,3.1807303962607443,0.8031935098534344,0.6605507788395395,OMA_315_020,OMA,2,25.135684967041016,-3.915072441101074,0.0,20.642745971679688,10.321372985839844
1048573,2.4982010206165155,3.1795330490549865,0.8031934333699869,0.6605501083915234,OMA_315_020,OMA,3,25.641685485839844,-5.498809337615967,0.0,20.512744903564453,9.44638729095459
1048571,2.0765356834884052,2.8143746366898728,0.8031932346167326,0.6605521208367298,OMA_315_020,OMA,5,21.057817459106445,-2.5465383529663086,0.0,19.773406982421875,7.539336204528809
1048566,1.8772196361006792,2.5336739586995822,0.803195267683858,0.6605502935480004,OMA_315_020,OMA,10,18.853221893310547,-2.2941994667053223,0.0,20.638248443603516,6.211306571960449
1048556,1.9040349595177124,2.5836130475008665,0.8031939571711093,0.6605494822750014,OMA_315_020,OMA,20,19.457134246826172,-2.419567108154297,0.0,20.609209060668945,5.177834987640381
1048574,3710.7718703542746,4532.929889295381,-0.26008285488936106,-0.2550953813989077,OMA_332_037,OMA,2,-23974.10546875,12437.552734375,0.0,35.29693603515625,17.648468017578125
1048573,28.965258398332804,35.705908526666,0.26007519757868813,0.2550928637649284,OMA_332_037,OMA,3,187.34365844726562,-101.19143676757812,0.0,40.87041473388672,19.26345443725586
1048571,6.7297179556247695,7.231211512681497,-0.2600823498662165,-0.2550946481908248,OMA_332_037,OMA,5,-8.38266658782959,11.740005493164062,0.0,33.72392272949219,13.276947021484375
1048566,3.651521379711943,4.152879930604295,0.2600830880510447,0.25509570759631633,OMA_332_037,OMA,10,0.2883286774158478,3.821787118911743,0.0,30.065170288085938,8.877416610717773
1048556,5.414848497148929,6.519471752054962,0.26007714264481574,0.25509047588888467,OMA_332_037,OMA,20,30.4251766204834,-10.724248886108398,0.0,49.98875045776367,10.861851692199707
1048574,9.578258787786856,13.044267322307215,0.41962408930269024,0.2699057035601173,OMA_364_003,OMA,2,68.75685119628906,-17.635295867919922,0.0,24.02431869506836,12.01215934753418
1048573,3.775182239642454,5.226374305347452,0.41962627528202384,0.26990746581430825,OMA_364_003,OMA,3,24.578121185302734,-3.9075732231140137,0.0,22.14296531677246,10.429780006408691
1048571,5.316937274104408,5.784558138046674,-0.4196319745649197,-0.2699079881391354,OMA_364_003,OMA,5,-9.644505500793457,8.368280410766602,0.0,22.12714385986328,8.614875793457031
1048566,3.137779272353724,4.19968025170158,0.4196261461421904,0.26990769484794214,OMA_364_003,OMA,10,17.9002628326416,-2.32293963432312,0.0,22.687660217285156,6.864194393157959
1048556,2.466520975707847,3.4791771433234038,0.4196222599671686,0.2699066671421738,OMA_364_003,OMA,20,13.353155136108398,-2.1831483840942383,0.0,24.532386779785156,5.850010395050049
1048574,9.764291872239689,13.689544863198611,0.4483600873420233,0.29943177473501564,OMA_364_043,OMA,2,70.99504089355469,-16.365299224853516,0.0,22.123559951782227,11.061779975891113
1048573,15.393186338682284,19.903680140958684,0.44836233854100105,0.29943242098058714,OMA_364_043,OMA,3,106.373779296875,-29.312686920166016,0.0,24.936952590942383,11.746559143066406
1048571,11.214922118748618,15.455897526028092,0.4483626529456475,0.29943291753355145,OMA_364_043,OMA,5,67.89510345458984,-10.782609939575195,0.0,22.82615089416504,8.871583938598633
1048566,2.868546977719645,3.592088360718846,0.4483635317574156,0.29943461502568847,OMA_364_043,OMA,10,12.037129402160645,-0.6274056434631348,0.0,24.551212310791016,7.3970770835876465
1048556,2.9444349867050543,3.5007443449864706,0.448369916909841,0.2994362650261205,OMA_364_043,OMA,20,3.0745909214019775,1.7754615545272827,0.0,24.195873260498047,5.822592258453369
1048574,5.4724477555232465,6.214466790997728,0.7215916227123175,0.28151920902939565,OMA_376_023,OMA,2,35.24293518066406,-4.896081924438477,0.0,28.08333969116211,14.041669845581055
1048573,3.876736971808187,4.720792516468879,0.7215919962517146,0.28151967276474277,OMA_376_023,OMA,3,40.3818244934082,-9.039458274841309,0.0,28.61819076538086,13.49045467376709
1048571,3.0662698132252184,3.967115641562599,0.7215953545741426,0.28151747837401525,OMA_376_023,OMA,5,41.426231384277344,-12.112829208374023,0.0,25.849254608154297,10.328948974609375
1048566,2.271886205792739,2.861228984242019,0.7215880780178489,0.2815173263955138,OMA_376_023,OMA,10,31.141357421875,-8.682308197021484,0.0,23.61335563659668,7.032710552215576
1048556,1.8517174696373235,2.363914629739639,0.7215950326631045,0.2815128790854757,OMA_376_023,OMA,20,25.564483642578125,-7.339895725250244,0.0,26.197147369384766,5.784961700439453
1048574,3.9046265428093845,5.824118594135403,0.5975914555930282,0.34395766953731977,OMA_376_038,OMA,2,46.04452133178711,-15.865734100341797,0.0,26.36562728881836,13.18281364440918
1048573,6.764655886780792,7.688950512873416,0.5975975082885044,0.34395823041354934,OMA_376_038,OMA,3,39.168426513671875,-4.775080680847168,0.0,25.998754501342773,12.255716323852539
1048571,5.153122063524796,5.553316757978032,0.597600952669001,0.34395784587058836,OMA_376_038,OMA,5,42.82368087768555,-9.41435432434082,0.0,25.835926055908203,10.324736595153809
1048566,3.684771514454816,4.001498459828898,0.5976020341648416,0.34395552150934927,OMA_376_038,OMA,10,30.2756404876709,-6.238483428955078,0.0,26.70181655883789,7.952420234680176
1048556,3.6664711281060614,3.9910590371100576,0.5976081090153721,0.34395594453352185,OMA_376_038,OMA,20,34.15541076660156,-8.29660701751709,0.0,29.283390045166016,6.458278179168701
