anchor_count,city,tiles,mae_mean_m,rmse_mean_m,pearson_mean,spearman_mean
2,JAX,26,29.41037571403626,38.26596542236861,0.479322266072401,0.4123168939680726
2,OMA,24,245.64392573991003,338.692764732983,0.41514331630398177,0.332730863289554
3,JAX,26,15.107442346175182,19.53345088922945,0.44051385997208475,0.38726728903985586
3,OMA,24,17.834814119037965,24.979501786600352,0.3445568581692367,0.265150222363728
5,JAX,26,9.661194561240736,12.745037672632593,0.4313130554059367,0.37618766070331805
5,OMA,24,8.488432155746727,11.297647570733458,0.31073902270086123,0.2649264922435596
10,JAX,26,5.8439312397312255,7.760056778393321,0.4970983079743761,0.4301026615039159
10,OMA,24,4.049951059658591,5.219953815940727,0.3881945300755387,0.3375697477197597
20,JAX,26,4.64889282116121,6.129413002323852,0.5565080905151807,0.47604290296462604
20,OMA,24,3.3216883423512846,4.186588409309877,0.4217150629037925,0.3419634326433092
