tile_id,granule,track
bathinda,ATL03_20251006084247_03332902_007_01.h5,1.1
bathinda,ATL03_20251006084247_03332902_007_01.h5,1.0
bathinda,ATL03_20211230142949_01271406_007_01.h5,2.1
bathinda,ATL03_20211230142949_01271406_007_01.h5,2.0
bathinda,ATL03_20211230142949_01271406_007_01.h5,3.0
bathinda,ATL03_20211230142949_01271406_007_01.h5,3.1
kota,ATL03_20230321171415_00051907_007_01.h5,2.1
kota,ATL03_20230321171415_00051907_007_01.h5,3.1
kota,ATL03_20230321171415_00051907_007_01.h5,2.0
kota,ATL03_20230321171415_00051907_007_01.h5,3.0
kota,ATL03_20200625165545_00050807_007_01.h5,3.0
kota,ATL03_20200625165545_00050807_007_01.h5,2.0
kurnool,ATL03_20190813075337_07060407_007_01.h5,3.1
kurnool,ATL03_20190813075337_07060407_007_01.h5,2.1
kurnool,ATL03_20190813075337_07060407_007_01.h5,1.1
nizamabad,ATL03_20251202175356_12092907_007_01.h5,3.0
nizamabad,ATL03_20251202175356_12092907_007_01.h5,3.1
nizamabad,ATL03_20251202175356_12092907_007_01.h5,1.0
nizamabad,ATL03_20251202175356_12092907_007_01.h5,2.0
nizamabad,ATL03_20251202175356_12092907_007_01.h5,1.1
nizamabad,ATL03_20251202175356_12092907_007_01.h5,2.1
vidisha,ATL03_20230411160643_03251907_007_01.h5,2.1
vidisha,ATL03_20230411160643_03251907_007_01.h5,1.1
vidisha,ATL03_20230411160643_03251907_007_01.h5,2.0
vidisha,ATL03_20230411160643_03251907_007_01.h5,1.0
digha,ATL03_20250716235426_04772807_007_01.h5,1.0
digha,ATL03_20250716235426_04772807_007_01.h5,2.0
digha,ATL03_20250716235426_04772807_007_01.h5,2.1
digha,ATL03_20250716235426_04772807_007_01.h5,1.1
goa_estuary,ATL03_20240223130158_10192201_007_01.h5,2.0
goa_estuary,ATL03_20240223130158_10192201_007_01.h5,2.1
goa_estuary,ATL03_20240223130158_10192201_007_01.h5,1.0
goa_estuary,ATL03_20240223130158_10192201_007_01.h5,1.1
goa_estuary,ATL03_20190603232628_10190301_007_01.h5,3.1
goa_estuary,ATL03_20190603232628_10190301_007_01.h5,1.1
goa_estuary,ATL03_20190603232628_10190301_007_01.h5,2.1
goa_estuary,ATL03_20190603232628_10190301_007_01.h5,3.0
goa_estuary,ATL03_20190603232628_10190301_007_01.h5,1.0
goa_estuary,ATL03_20190603232628_10190301_007_01.h5,2.0
kutch,ATL03_20211130162756_10571307_007_01.h5,1.1
kutch,ATL03_20211130162756_10571307_007_01.h5,1.0
vembanad,ATL03_20191022163508_03940501_007_01.h5,2.1
vembanad,ATL03_20191022163508_03940501_007_01.h5,3.0
vembanad,ATL03_20191022163508_03940501_007_01.h5,1.1
vembanad,ATL03_20240913031401_13392401_007_01.h5,3.1
vembanad,ATL03_20240913031401_13392401_007_01.h5,1.1
vembanad,ATL03_20240913031401_13392401_007_01.h5,2.1
vembanad,ATL03_20240913031401_13392401_007_01.h5,3.0
vembanad,ATL03_20210714222751_03251207_007_01.h5,2.0
vembanad,ATL03_20210714222751_03251207_007_01.h5,3.1
vembanad,ATL03_20210714222751_03251207_007_01.h5,1.1
vembanad,ATL03_20210714222751_03251207_007_01.h5,2.1
vembanad,ATL03_20210714222751_03251207_007_01.h5,3.0
vembanad,ATL03_20210714222751_03251207_007_01.h5,1.0
vembanad,ATL03_20191022163508_03940501_007_01.h5,2.0
vembanad,ATL03_20191022163508_03940501_007_01.h5,1.0
vembanad,ATL03_20191022163508_03940501_007_01.h5,3.1
vembanad,ATL03_20240913031401_13392401_007_01.h5,2.0
vembanad,ATL03_20240913031401_13392401_007_01.h5,1.0
vembanad,ATL03_20230411160643_03251907_007_01.h5,1.0
vembanad,ATL03_20230411160643_03251907_007_01.h5,1.1
dehradun,ATL03_20251107190116_08282906_007_01.h5,3.1
dehradun,ATL03_20251107190116_08282906_007_01.h5,3.0
dehradun,ATL03_20251107190116_08282906_007_01.h5,2.0
dehradun,ATL03_20251107190116_08282906_007_01.h5,1.1
dehradun,ATL03_20251107190116_08282906_007_01.h5,2.1
dehradun,ATL03_20251107190116_08282906_007_01.h5,1.0
dehradun,ATL03_20211115162707_08281306_007_01.h5,1.1
dehradun,ATL03_20211115162707_08281306_007_01.h5,1.0
kohima,ATL03_20220310214528_12011401_007_01.h5,3.0
kohima,ATL03_20220310214528_12011401_007_01.h5,3.1
kohima,ATL03_20210312150557_12011001_007_01.h5,2.1
kohima,ATL03_20210312150557_12011001_007_01.h5,2.0
kohima,ATL03_20210312150557_12011001_007_01.h5,3.1
kohima,ATL03_20210312150557_12011001_007_01.h5,3.0
bengaluru,ATL03_20250903100823_12172801_007_01.h5,3.0
bengaluru,ATL03_20190813075337_07060407_007_01.h5,3.1
bengaluru,ATL03_20190813075337_07060407_007_01.h5,2.1
bengaluru,ATL03_20250903100823_12172801_007_01.h5,3.1
chennai,ATL03_20230123193624_05231807_007_01.h5,2.0
chennai,ATL03_20230123193624_05231807_007_01.h5,2.1
chennai,ATL03_20230123193624_05231807_007_01.h5,1.0
chennai,ATL03_20230123193624_05231807_007_01.h5,1.1
chennai,ATL03_20191031155247_05310501_007_01.h5,2.1
chennai,ATL03_20191031155247_05310501_007_01.h5,2.0
chennai,ATL03_20191031155247_05310501_007_01.h5,1.0
chennai,ATL03_20191031155247_05310501_007_01.h5,1.1
jaipur,ATL03_20190518235950_07750301_007_01.h5,2.1
jaipur,ATL03_20190518235950_07750301_007_01.h5,2.0
jaipur,ATL03_20190518235950_07750301_007_01.h5,3.1
jaipur,ATL03_20190518235950_07750301_007_01.h5,3.0
mumbai,ATL03_20190312153556_11330207_007_01.h5,3.0
mumbai,ATL03_20190312153556_11330207_007_01.h5,3.1
pune,ATL03_20211230143819_01271407_007_01.h5,3.1
pune,ATL03_20211230143819_01271407_007_01.h5,3.0
pune,ATL03_20201228200122_00741001_007_01.h5,2.1
pune,ATL03_20201228200122_00741001_007_01.h5,1.1
pune,ATL03_20201228200122_00741001_007_01.h5,1.0
pune,ATL03_20201228200122_00741001_007_01.h5,2.0
