tile_id,lat,lon,native_res_m,sigma_px,n_photons_total,n_photons_train,n_photons_test,status,alpha,anchor_known_relief_m,anchor_top_model,anchor_n_anchors,held_out_dem_rmse_m,held_out_dem_mae_m,held_out_dem_pearson,icesat2_rmse_m,elev_range_m,icesat2_rmse_pct_of_range,n_icesat2_test_used,category
bathinda,30.28,75.15,28.687925313715294,2.8687925313715295,1194195,597097,597098,ok,15874.775793733867,2.8312979858398535,0.0001783519983291626,5971.0,53.01267623901367,14.925418853759766,0.0912247896194458,33.224628058238316,42.70751953125,77.7957334514058,597098.0,agricultural
kota,25.15,76.15,29.356714358635408,2.935671435863541,624582,312291,312291,"REJECTED: non-physical alpha=-11977.2435 (known_relief_m=3.63, top_model=-0.0003)",,,,,,,,,,,,agricultural
kurnool,15.7,77.9,30.252879954007735,3.0252879954007734,220429,110214,110215,"REJECTED: non-physical alpha=-16065.3025 (known_relief_m=0.77, top_model=-0.0000)",,,,,,,,,,,,agricultural
nizamabad,18.67,77.85,30.017176785536765,3.0017176785536765,721319,360659,360660,ok,2250.5479782139523,-0.21181197509764615,-9.41157341003418e-05,3607.0,2.1275155544281006,1.2343511581420898,0.9509830474853516,3.8776747774376115,52.300384521484375,7.414237606311879,360660.0,agricultural
vidisha,23.5251,77.8081,29.541402747377276,2.9541402747377274,503498,251749,251749,ok,50110.80732272343,3.1600734083319537,6.306171417236328e-05,2518.0,118.06204986572266,50.12795639038086,0.0396144837141037,121.13276400257489,70.49853515625,171.82309353534978,251749.0,agricultural
amalapuram,16.75,82.28,30.174304983136157,3.0174304983136158,1060205,530102,530103,"REJECTED: non-physical alpha=-24532.9217 (known_relief_m=1.73, top_model=-0.0001)",,,,,,,,,,,,coastal
digha,21.627,87.51,29.740892981503936,2.9740892981503935,727088,363544,363544,"REJECTED: non-physical alpha=-180928.7071 (known_relief_m=2.80, top_model=-0.0000)",,,,,,,,,,,,coastal
goa_estuary,15.4909,73.8278,30.267909162164976,3.0267909162164974,728473,364236,364237,"REJECTED: non-physical alpha=-29857.7155 (known_relief_m=3.64, top_model=-0.0001)",,,,,,,,,,,,coastal
kakinada,16.9891,82.2475,30.155687006137526,3.015568700613753,586309,293154,293155,"REJECTED: non-physical alpha=-53962.7932 (known_relief_m=4.07, top_model=-0.0001)",,,,,,,,,,,,coastal
kutch,23.33,68.53,29.562712457045276,2.9562712457045275,1061324,530662,530662,ok,80578.50859271306,1.7794571777343862,2.2083520889282227e-05,5307.0,34.547908782958984,18.37026023864746,0.1468779593706131,35.632227265049636,17.531858444213867,203.24272739499293,530662.0,coastal
nagapattinam,10.7672,79.8449,30.553049968450214,3.055304996845021,587493,293746,293747,"REJECTED: non-physical alpha=-52195.5827 (known_relief_m=0.57, top_model=-0.0000)",,,,,,,,,,,,coastal
vembanad,9.4981,76.3388,30.612012600179458,3.061201260017946,325335,162667,162668,"REJECTED: non-physical alpha=-11143.1983 (known_relief_m=3.04, top_model=-0.0003)",,,,,,,,,,,,coastal
almora,29.5892,79.6467,28.785671861213803,2.8785671861213804,122628,61314,61314,"REJECTED: non-physical alpha=-267748.7456 (known_relief_m=15.00, top_model=-0.0001)",,,,,,,,,,,,hilly
dehradun,30.47,78.15,28.66061575399761,2.866061575399761,24273,12136,12137,ok,172155.38703092554,26.934526654052775,0.00015645474195480347,122.0,240.2359161376953,153.8443145751953,0.7998552322387695,191.83138258703832,1591.389892578125,12.05432958206506,12137.0,hilly
dharamshala,32.219,76.3234,28.40055126024665,2.840055126024665,56878,28439,28439,"REJECTED: non-physical alpha=-215569.1924 (known_relief_m=20.07, top_model=-0.0001)",,,,,,,,,,,,hilly
kohima,25.6751,94.1086,29.294265910273975,2.9294265910273976,75182,37591,37591,ok,107302.42176078448,11.149343653588744,0.00010390579700469971,376.0,62.0468635559082,41.97564697265625,0.9729946851730347,62.972365478443976,1518.001953125,4.148371835016902,37591.0,hilly
manali,32.2432,77.1892,28.396842554730558,2.8396842554730557,169397,84698,84699,ok,325717.8509313316,22.811798742074643,7.003545761108398e-05,847.0,316.8706359863281,204.24317932128906,0.8702933192253113,307.5427310253018,2464.71923828125,12.477799752955391,84699.0,hilly
bengaluru,12.9716,77.5946,30.43290847341113,3.0432908473411127,141770,70885,70885,"REJECTED: non-physical alpha=-88095.4828 (known_relief_m=16.07, top_model=-0.0002)",,,,,,,,,,,,urban
chennai,13.0827,80.2707,30.426256131004546,3.0426256131004545,280990,140495,140495,ok,1723554.9854584828,8.783575967353599,5.0961971282958984e-06,1405.0,2184.113525390625,941.46728515625,0.04627979174256325,2194.6195246385632,54.687225341796875,4013.0387141094143,140495.0,urban
delhi,28.6139,77.209,28.919567036171063,2.8919567036171063,68961,34480,34481,"REJECTED: non-physical alpha=-106172.9864 (known_relief_m=17.20, top_model=-0.0002)",,,,,,,,,,,,urban
hyderabad,17.385,78.4867,30.124266642921338,3.012426664292134,236072,118036,118036,"REJECTED: non-physical alpha=-37147.7820 (known_relief_m=10.45, top_model=-0.0003)",,,,,,,,,,,,urban
jaipur,26.9124,75.7873,29.14174034801888,2.914174034801888,331252,165626,165626,"REJECTED: non-physical alpha=-146287.5798 (known_relief_m=12.33, top_model=-0.0001)",,,,,,,,,,,,urban
kochi_city,9.9312,76.2673,30.592726821350784,3.059272682135078,373853,186926,186927,"REJECTED: non-physical alpha=-663935.3234 (known_relief_m=1.78, top_model=-0.0000)",,,,,,,,,,,,urban
mumbai,19.076,72.8777,29.981713610913157,2.9981713610913157,137172,68586,68586,ok,609059.4075323588,41.022129685376015,6.73532485961914e-05,686.0,504.2057189941406,309.0613708496094,0.05179730802774429,410.78605697280614,318.95831298828125,128.78988891187754,68586.0,urban
pune,18.5204,73.8567,30.0300466216781,3.00300466216781,158228,79114,79114,"REJECTED: non-physical alpha=-78065.0587 (known_relief_m=20.11, top_model=-0.0003)",,,,,,,,,,,,urban
