regressor,placement,anchor_count,region,runs,tiles,all_mae_m_mean,all_mae_m_median,all_mae_m_std,all_mae_m_p05,all_mae_m_p25,all_mae_m_p75,all_mae_m_p95,all_mae_m_min,all_mae_m_max,all_rmse_m_mean,all_rmse_m_median,all_rmse_m_std,all_rmse_m_p05,all_rmse_m_p25,all_rmse_m_p75,all_rmse_m_p95,all_rmse_m_min,all_rmse_m_max,all_bias_m_mean,all_bias_m_median,all_bias_m_std,all_bias_m_p05,all_bias_m_p25,all_bias_m_p75,all_bias_m_p95,all_bias_m_min,all_bias_m_max,all_pearson_mean,all_pearson_median,all_pearson_std,all_pearson_p05,all_pearson_p25,all_pearson_p75,all_pearson_p95,all_pearson_min,all_pearson_max,all_spearman_mean,all_spearman_median,all_spearman_std,all_spearman_p05,all_spearman_p25,all_spearman_p75,all_spearman_p95,all_spearman_min,all_spearman_max,strict_mae_m_mean,strict_mae_m_median,strict_mae_m_std,strict_mae_m_p05,strict_mae_m_p25,strict_mae_m_p75,strict_mae_m_p95,strict_mae_m_min,strict_mae_m_max,strict_rmse_m_mean,strict_rmse_m_median,strict_rmse_m_std,strict_rmse_m_p05,strict_rmse_m_p25,strict_rmse_m_p75,strict_rmse_m_p95,strict_rmse_m_min,strict_rmse_m_max,strict_bias_m_mean,strict_bias_m_median,strict_bias_m_std,strict_bias_m_p05,strict_bias_m_p25,strict_bias_m_p75,strict_bias_m_p95,strict_bias_m_min,strict_bias_m_max,strict_pearson_mean,strict_pearson_median,strict_pearson_std,strict_pearson_p05,strict_pearson_p25,strict_pearson_p75,strict_pearson_p95,strict_pearson_min,strict_pearson_max,strict_spearman_mean,strict_spearman_median,strict_spearman_std,strict_spearman_p05,strict_spearman_p25,strict_spearman_p75,strict_spearman_p95,strict_spearman_min,strict_spearman_max
huber,grid,10,JAX,26,26,3.9729367949113246,3.1368469380477193,1.959392141053433,2.218674885228649,2.693491390076683,4.948611687094304,7.576806223755377,1.9392353682477672,10.676245357377306,6.05107432591634,5.20007729608888,2.8699088224228406,3.2598511406830957,4.315456837401617,7.028656369521858,11.602440185324086,2.4966935599866815,15.193586872229671,-0.8623641957466427,-1.1824239890595156,2.1659317975896024,-3.4851335503081238,-2.358230980712835,-0.032155647199283884,1.808436962884029,-3.7397060893138114,6.833770001238096,0.5864090025812975,0.6410513576686852,0.20871203515266046,0.28150542085802355,0.5266448229341679,0.7290468072973679,0.7921462967062654,-0.16529262768558928,0.8142936299129797,0.49870530875254493,0.5458932115594228,0.1984297541786258,0.22437267250678622,0.38684970579656286,0.6216319824915206,0.7408138142394631,-0.1463056419047284,0.784603917699359,3.9801356261921894,3.141182377878403,1.9633295870465923,2.219036060216854,2.6939143543840878,4.952823492435711,7.582204758895587,1.9434426623673429,10.700766014555033,6.060782093221302,5.208428042470866,2.8765557663432455,3.2641314412208065,4.323778585582453,7.039335626498666,11.624655338601722,2.5020806111925107,15.228518124477649,-0.8635524595946609,-1.1921908876113325,2.1774957876069085,-3.4981577017762433,-2.3706142220539776,-0.021259656484675354,1.8182298257134881,-3.7581294751580323,6.878350298221485,0.5860244195083897,0.6407348833466912,0.20853999283989066,0.2814431055071498,0.5271574952159412,0.7298099395763997,0.7916730309077937,-0.16383064267306363,0.8146891531431291,0.49867141679752003,0.5468032715547472,0.198448206241829,0.22396001521679476,0.3861896983979782,0.6218662165190291,0.7408437362884488,-0.14475319639798528,0.7848216825251646
huber,grid,10,OMA,24,24,2.311249826297915,2.21641406695238,1.1563229493942615,1.0588951124320707,1.2880345651605738,3.049300281024333,4.176003520519728,0.015649409111750782,4.794862339399449,3.870880767096684,3.6136354148768923,1.3026475096387629,3.0023638678604025,3.297458341435058,4.448993673305787,5.838446035138351,0.023030218939290813,7.505968082198899,-0.5290113430536333,-0.9533101215043295,1.4840006104903987,-2.243112520834804,-1.272931964950878,0.0895387193922903,2.2468311057409385,-3.699923507167411,3.0002803153337565,0.41540348790592857,0.4786206460897238,0.34291339804695176,-0.23492367208434853,0.23149583378384897,0.6776143846154578,0.7829262975516187,-0.5231294093318386,0.8266628822856107,0.3811914088052295,0.4762539032894122,0.3228313352511469,-0.2773327440850203,0.17758392480981278,0.6330880946728146,0.7286217381932207,-0.4389328678991526,0.7745994929760067,2.315707623657882,2.2155920187981293,1.1580298661105077,1.0661607311592929,1.2914266407125519,3.054050778699973,4.18353246090712,0.015648504811511196,4.805400619860742,3.8771989889476886,3.622102586740865,1.3050132001830017,3.011189215846526,3.3079540209889235,4.448254393940709,5.847836134265371,0.023045837349408183,7.527949366486174,-0.5286250767876669,-0.9583269716772168,1.4904027585106991,-2.2385807565355167,-1.2775005827430104,0.08970998660240281,2.2613319389223006,-3.7151143558256474,3.0157201663046598,0.41528459948850643,0.47905155719756787,0.34325708734833205,-0.2364213476230032,0.23152558472091997,0.6767014592845035,0.7835573100112259,-0.5240338244503173,0.8241928845645676,0.38098737093843954,0.4764769204581948,0.32350512491017475,-0.2785351462405399,0.17568369354008131,0.6332235537619955,0.7284165868941549,-0.44316582105766217,0.774610219124347
huber,grid,20,JAX,26,26,3.71822417536039,3.148108646189554,1.5301478539884035,2.0179168704720674,2.492524689424873,5.103926505278759,6.5666937681181095,1.8167781427721912,7.084897752834133,5.61149276463695,5.186980069332423,2.475615037345468,2.9503166288314078,3.716091406381904,6.684429188894836,10.562571422791837,2.393679064131293,11.166522291965714,-0.5539143861529038,-0.7553289120669013,1.1073412740864073,-2.0271251599598323,-1.2629822046264405,0.24314907197234004,1.1342058163266588,-3.1632165590806784,1.9042498291280887,0.5991243334154882,0.6410520873099947,0.16878058836747323,0.2815053418267667,0.5266442546078818,0.7290428355188082,0.7921456212902189,0.16528972162392958,0.8142971915597608,0.5099599344338693,0.545888134041297,0.1673986457856359,0.2243753765928575,0.386850878412403,0.6216312261430247,0.7408138127849119,0.14630287201422024,0.7846046825415944,3.7204336277827372,3.1492515420236606,1.52927670616596,2.024623771646455,2.495266466411147,5.101125764501903,6.579407953032667,1.818337578109227,7.070417612878206,5.614079320759443,5.19164160995741,2.4767553249492984,2.9583743303397756,3.724739631869973,6.668143162074159,10.541567576787713,2.397596419449491,11.21583356505192,-0.5491946313588496,-0.7493627864885719,1.1149061568002792,-2.042855794037376,-1.2730542577947255,0.25661622840207793,1.1512465685384736,-3.1815507341348845,1.9144083771449034,0.5992619597986892,0.642215675362365,0.16872084381151664,0.2810555973720236,0.5264218184365881,0.7272354711916671,0.7909954434361772,0.16462374930930615,0.8168702004234488,0.509849756864391,0.5446246639477879,0.1673466517518529,0.22352012574609406,0.38755609735991514,0.6218497607924824,0.7407351874384431,0.1451120990018747,0.7838839669793104
huber,grid,20,OMA,24,24,2.068267348481283,2.181421068801777,0.8466360638920932,1.0870496827685616,1.311906002183512,2.6103316892576864,3.265502829255454,0.016499652376732354,3.4661742309250076,3.744590288653097,3.7947930692225387,1.052362813261868,2.70432478126175,3.2816161742198404,4.398013592684294,5.0752879571029705,0.024344639922600164,5.468841538787946,-1.2684362401828135,-1.313918316497595,0.6803668958726933,-2.256057601841079,-1.817036735678019,-0.8271008972924072,-0.11314687435657267,-2.297995524475998,-0.015106903133870222,0.45852992266720055,0.5039386987699306,0.2826651713735511,-0.1252799859338632,0.27390505088573225,0.6776165331917539,0.7829244110458261,-0.1346071623606102,0.8266634916794806,0.4282692277505255,0.4960918965056289,0.2571230702817562,-0.038887673450704985,0.2360298434693609,0.6330900726755768,0.7286208293998149,-0.15452754356378975,0.7745997344709594,2.0708060206437575,2.187234392342943,0.8457925845501583,1.0818971022608295,1.3263078189481952,2.6160055473212056,3.268676810749653,0.016451572425723582,3.4626607883075278,3.7478314781104487,3.8066523776481453,1.0527970452471378,2.712970622514524,3.28486699048098,4.3932545380888595,5.07049008310625,0.024306240399205217,5.496228147499491,-1.270417712402894,-1.321773966646084,0.6856855362250697,-2.2586696875124854,-1.8285553485581623,-0.8280003540700834,-0.10000524099045428,-2.3007772667311133,-0.0150550751534133,0.45872137699011767,0.5060841978169076,0.28313926689614455,-0.12678142700867462,0.275702954540579,0.678260364391819,0.782955862568651,-0.13587191531304296,0.8269636315360551,0.4282454518151871,0.49768300060315024,0.25730289255697697,-0.04037226770398887,0.23731506420040532,0.6334135437252763,0.7272720432312703,-0.15611474556787067,0.7751418979525113
huber,random,10,JAX,520,26,4.146514752854455,3.4807927712548836,1.928698739117717,2.0894370567378044,2.6416453528885073,5.396207179147627,7.377221770939287,1.6586004581991456,14.823465917218359,6.3131582183415835,5.320001459414975,3.2073627226558745,3.0132779285859717,4.07746333473834,7.417055435335188,12.814434840177789,2.2587619847897846,24.099110500925352,-0.9123762994101138,-0.8774914348324898,2.349760653798212,-4.494121796720863,-2.3081073503114817,0.2976708471773824,2.68740088682763,-10.080688937592662,13.293665131793977,0.5310986726712815,0.626774613309664,0.3246089525140904,-0.3389233110632442,0.44475654202325604,0.7303001940422562,0.7978183383586231,-0.8142933426322432,0.8142947894851714,0.4549344436675164,0.5409888130266308,0.2848086930039965,-0.2882791204362903,0.37481645803834995,0.6247943377357739,0.7446571445451835,-0.729290063108278,0.7846074808724435,4.154197986196801,3.487020979597265,1.9349474872321084,2.0900356650564884,2.6480252156792794,5.408203711112178,7.39648036979485,1.662187714028691,14.906602587174214,6.322050339533283,5.336172095316526,3.2160265841690654,2.9978086174759895,4.084036639167459,7.413684475719901,12.84850812655351,2.2619381823537554,24.18549001949323,-0.9138368492643579,-0.881542126344129,2.3617935165661876,-4.517924611718884,-2.3171611213629415,0.29975640051934993,2.70195756309757,-10.137943805815961,13.392636729822641,0.5307788112708868,0.6271079098930288,0.32502987574220943,-0.33956766964495155,0.44564895179588704,0.7292487965457646,0.7978315893081449,-0.8149854531188718,0.814908036652344,0.4545521379494344,0.5418318998827717,0.2853424186743546,-0.2894310398098995,0.3747427705130233,0.6240312099827598,0.7449555875991437,-0.7310804110155861,0.7862341380624506
huber,random,10,OMA,480,24,2.359567641755755,2.2871378507173,1.099165854599364,1.051563895267509,1.538693435210081,3.1613215873535685,3.9995588652011786,0.013171590393960911,6.890536374199494,3.8439456243631533,3.714069184667611,1.3635889345533785,2.2148503335963787,3.1667027759995414,4.458721115660606,6.170936983650055,0.01886937713388456,8.391462479914342,-0.6394666139997729,-0.8995769468189426,1.3441593947277082,-2.5925322113451013,-1.397859124477768,0.00896729546840745,1.6779935128174213,-4.077424658052735,4.753962442812471,0.4036989690665746,0.4847501968957486,0.35987180530112056,-0.4051138755511675,0.2616571240207853,0.677263159163335,0.7857261698783911,-0.8266662971471825,0.8266665921002959,0.3794748309423846,0.4389236895136612,0.3276738714972394,-0.2644846690989114,0.18526676197601002,0.632519750293764,0.7360215065692552,-0.7746050139447035,0.7746018598690821,2.362493812172184,2.292508420072794,1.1012367853151184,1.053492421218476,1.5356563362078006,3.170424590829529,4.009368805711159,0.013151907346988631,6.908157203454051,3.846910554878627,3.7153016552544686,1.3657612478972918,2.2173019429661975,3.162094459354766,4.461188746441145,6.172677360500025,0.01888185797615656,8.414574617354454,-0.6388349840496573,-0.9003782511372315,1.3503081568388462,-2.593791680703856,-1.4033196789219113,0.009034971795833499,1.6954002419360579,-4.09187398300001,4.783459016802307,0.40325361329566084,0.48528686683606936,0.36025444350088204,-0.406782574890547,0.26114621841815283,0.6773184977229005,0.7863823077793222,-0.8267245287570659,0.8275359047099327,0.37889286925086246,0.4398757710589388,0.3281492571123096,-0.2663295828666808,0.1814395189190584,0.6329018836871263,0.7360795017482321,-0.7774366518827481,0.7763914686374298
huber,random,20,JAX,520,26,3.8473343549144157,3.236957424399076,1.6630374525943583,1.9552582775028517,2.5350487586367962,5.236178137222003,7.09163240802657,1.6522464053886377,10.611027212734047,5.8775552521019,5.025734863224727,2.7663930617874484,2.9764497630483904,3.825886811186852,7.213691976217032,11.43488905657606,2.2619743583453142,15.917539250954784,-0.885369954990512,-0.8766510349556669,1.6809315262748774,-3.4322217771748433,-1.9265166830448366,0.02198454198694795,1.677507078126536,-7.637274624704966,6.992931676534473,0.5771750291053748,0.6267758773485628,0.23303600680231448,0.16529066009736856,0.517761444322309,0.7303025077124398,0.7978183606562764,-0.6948344693235777,0.814295372941682,0.49301149634580294,0.5458914620100939,0.21218129115307124,0.14630583277906473,0.37668764743886096,0.6247935942460792,0.744656974958094,-0.5409995541480418,0.7846064760079915,3.853752773498758,3.2397362821620974,1.6674055895600768,1.9548848725334558,2.537385358549982,5.246269938006862,7.133926455162563,1.6571650575756034,10.671077619011987,5.885407053831503,5.031555558170188,2.7743220042498455,2.9419272879467626,3.8323522766795604,7.202089097567708,11.44563684197937,2.2587547997081625,15.966323640068332,-0.8860087493699669,-0.8826076163019743,1.6955258801933546,-3.474693716907851,-1.9285658756533381,0.026184339297710933,1.690352566548354,-7.683477594529561,7.076616448904709,0.5769212853074185,0.6285885393006962,0.23364568549527095,0.16487339661199257,0.5152570758038286,0.7312208128194081,0.7978116695661183,-0.6976513038519421,0.8163779322243687,0.492679623551326,0.5455765374711667,0.2127146809233418,0.1459516610743674,0.37742646498726407,0.6240364402634846,0.7453697251283343,-0.5442457275051857,0.7876839731412668
huber,random,20,OMA,480,24,2.1333574833415594,2.165457894415389,0.9243657885252043,1.0515192463387233,1.3387651633724054,2.850824683384123,3.5576753294891836,0.013068220017975914,4.328877390154658,3.595490918161288,3.5557013182414554,1.1365040377727433,2.145574752316412,3.1466809691764643,4.353671864872197,5.3255195627529455,0.018899087523410806,7.171641973626167,-0.7116988798768223,-0.916071788046793,0.8952505978512902,-2.0432517188584436,-1.2517455063429532,-0.09120353548874541,0.928938700558281,-3.3727116867481715,2.12411860413169,0.445769136112175,0.5231218986577841,0.30430425398498256,-0.13608074092822361,0.263299985762659,0.6783182259722094,0.7857273302235251,-0.43397975115520826,0.8266689909985694,0.41832115792231256,0.5532568995048404,0.2748974765355724,-0.15320005399663428,0.21948624450278909,0.6342255110018882,0.7360226681868722,-0.3459744367554286,0.7746021365908485,2.134887544238695,2.1733672251132328,0.9253883570704088,1.059396244501196,1.343458027972508,2.8563705882112025,3.5669540874616765,0.013051357752964534,4.323527294345606,3.597507746623884,3.559289953751988,1.1395720501129198,2.1438815429328493,3.143107344062264,4.3524739243657375,5.319818498054419,0.01796126112942196,7.213289690751067,-0.7097660628232685,-0.9116964616063888,0.9021758393426809,-2.051945123582529,-1.2529945566874678,-0.08287897138271938,0.9342148740585082,-3.3953264744422667,2.157809691704707,0.4452811019544185,0.5198812230275488,0.3049044408418149,-0.1376192526252499,0.2626800720259023,0.6776829138708349,0.7871043041405443,-0.4369603171537367,0.8299341191780661,0.4175837248542426,0.5503566306957453,0.27556582539174446,-0.15830962141032145,0.2165209773664818,0.6333721992134337,0.736778231911832,-0.3492266099527659,0.776746602195124
ols,grid,10,JAX,26,26,3.985736128413407,3.3610982928609183,1.9682444874818077,2.2100221134795097,2.5242008594266925,4.947659126356628,7.59424181504317,1.9161987395094529,10.63253146156616,5.854173061998602,4.96292102633109,2.7898339797139755,3.2486475896172555,3.955356750638069,6.917730136613938,10.374267996946251,2.474645004283239,15.152064305737927,-0.3777289542040591,-0.8086775024299904,1.99533106362915,-2.8051762114460685,-1.4647983542396736,0.908686393575083,1.8796551447616245,-3.4841773456039475,6.6953798011068715,0.5465808874769171,0.641051357668685,0.29780121788015446,-0.058377707829006614,0.47188403867995665,0.729046807297368,0.7921462967062656,-0.5177654963569449,0.8142936299129796,0.46660203331605804,0.5458932115594228,0.2652619362567524,-0.05896128620633646,0.3752812632769098,0.6216319824915206,0.7408138142394631,-0.41734258067433044,0.784603917699359,3.992927436718566,3.3633974015766848,1.9718531015068697,2.2104680068719724,2.5342076036167973,4.954453415381361,7.597977570068138,1.9204217179590162,10.65677838337533,5.864338169927449,4.9687371575562125,2.796331964934038,3.2528984930958122,3.955939183354308,6.928717538187168,10.390431665974365,2.4799748740004177,15.186841168101008,-0.37894656783787845,-0.8098782068249727,2.0075509168421903,-2.8224950240799354,-1.475027114235778,0.9134675242429028,1.8894389573179171,-3.5026618269174556,6.739943436659976,0.5461126457230359,0.6407348833466913,0.2977826842769617,-0.05720775838709137,0.4700911542775461,0.7298099395763996,0.7916730309077937,-0.5188530592095997,0.8146891531431292,0.4664755718492794,0.5468032715547472,0.2654343861660225,-0.057828357028905694,0.3739608102710966,0.6218662165190291,0.7408437362884488,-0.4185459843271274,0.7848216825251646
ols,grid,10,OMA,24,24,2.4700976510079706,2.337136333478999,1.1287469861385926,1.0611395378306392,1.7468769119189376,3.28162683229617,4.435162204941288,0.014532941309140379,4.808914620793418,3.741575639538702,3.480091828977479,1.2517077992047565,2.733597103399013,3.1639807225637133,4.483733686826433,6.095531603224699,0.02136709076461333,6.35684947300454,0.057794805913977204,0.0013707046672050962,1.2550002546601189,-1.5064283340798974,-0.8678730519680077,0.6840224004426831,2.3012358321430746,-2.579383882560634,3.0666496705114104,0.4146512224219956,0.4786206460897238,0.34382265787533967,-0.13585951428690402,0.2628905119805622,0.6776143846154576,0.7829262975516188,-0.5231294093318386,0.8266628822856106,0.38444024153127304,0.4762539032894122,0.31895557975732364,-0.213227427977234,0.17758392480981278,0.6330880946728146,0.7286217381932207,-0.4389328678991526,0.7745994929760067,2.4745446355514935,2.3363990329468534,1.1302636891508127,1.0683980719198738,1.75110953797342,3.28771099316257,4.441964031542545,0.014535486386880401,4.818947668450612,3.7480736611588434,3.479955015691501,1.2546911099142124,2.7346047711967914,3.157015128812898,4.495350564831706,6.113181626838811,0.021387313940856703,6.369013653119393,0.05862925416614301,0.0020858085796564728,1.2624676390962712,-1.5168436380632977,-0.872821107507468,0.6844378275210172,2.3157800575045386,-2.5934434086721185,3.081740822685817,0.4145663503026939,0.47905155719756787,0.3441242040076429,-0.13637494969346017,0.26324507599776337,0.6767014592845034,0.7835573100112259,-0.5240338244503173,0.8241928845645676,0.384197346361913,0.4764769204581948,0.31968631767123884,-0.21364973976316537,0.17568369354008131,0.6332235537619955,0.7284165868941549,-0.44316582105766217,0.774610219124347
ols,grid,20,JAX,26,26,3.913417665399445,3.32877655014539,1.5988913717383328,2.0628750724161398,2.777027532605239,5.183345294238487,6.642575200988304,1.8838940785083815,7.9599976021432495,5.471873948649295,4.7505106147181415,2.3950879535551763,2.9578317041566087,3.7702117948698546,6.788189268566091,10.305841455808155,2.461146055612908,11.062559747812214,0.28148862216641746,0.39366935203969733,0.8923561348355443,-1.1803692262690852,-0.32001189746049163,0.8847658131159959,1.5469148065232958,-1.620660926645497,2.063519791158518,0.5991243334154882,0.6410520873099947,0.1687805883674732,0.2815053418267667,0.5266442546078818,0.7290428355188083,0.7921456212902187,0.16528972162392963,0.8142971915597605,0.5099599344338693,0.545888134041297,0.1673986457856359,0.2243753765928575,0.386850878412403,0.6216312261430247,0.7408138127849119,0.14630287201422024,0.7846046825415944,3.9159239325860273,3.328306920377085,1.597669983234215,2.0693650359202267,2.7833773199365766,5.189892977004078,6.656607490004107,1.8864304741494895,7.945903735732482,5.4767510415883045,4.747888795530587,2.39891821671812,2.966121678742598,3.7795181113979925,6.776904404236305,10.31778527985591,2.465982664205304,11.11072175972274,0.28539943005975366,0.39835838234546794,0.9026799844491864,-1.1952554125022843,-0.32294615852251146,0.9025563768424022,1.559619594266611,-1.642829585275299,2.0906341858136246,0.5992619597986892,0.6422156753623649,0.16872084381151667,0.2810555973720236,0.5264218184365881,0.7272354711916671,0.7909954434361772,0.16462374930930618,0.8168702004234489,0.509849756864391,0.5446246639477879,0.1673466517518529,0.22352012574609406,0.38755609735991514,0.6218497607924824,0.7407351874384431,0.1451120990018747,0.7838839669793104
ols,grid,20,OMA,24,24,2.278262278536626,2.351026766605547,0.8197984575036213,1.2479854385719926,1.7589376260162148,2.835160445128253,3.4124308825893404,0.01385719550865144,3.6548353193056844,3.400825015709595,3.473864418153968,1.0402082585760852,2.2091837329392026,2.9103520103638156,4.231949255791893,4.7092246895092424,0.021049456204676232,5.2895319479890714,-0.27866786801861676,-0.24867883221238624,0.5699748093250031,-1.2589659063222918,-0.6436962012462324,0.16909184669882316,0.40504597116040647,-1.4168613434913864,0.8068242447698615,0.44646544757585005,0.5039386987699306,0.3013600723548556,-0.1269293258853746,0.2628882556283981,0.677616533191754,0.7829244110458261,-0.2774404635138614,0.8266634916794806,0.41311529252997925,0.4960918965056289,0.2808247848517257,-0.038887673450704985,0.21093793227984983,0.6330900726755768,0.7286208293998149,-0.3363747662103437,0.7745997344709594,2.2804272145989724,2.350673854605555,0.8181312153785713,1.2526967865401089,1.761728370267618,2.8307411498231607,3.415479678893745,0.013815783940973726,3.650647314178669,3.4041421861659313,3.4779571759600607,1.0403517008934617,2.217081818623226,2.917520357511421,4.2360901594426545,4.705398346978522,0.021018812660408268,5.315641534314438,-0.28039110193250294,-0.24017537735509825,0.576392436899305,-1.2768043528117323,-0.6491041694348028,0.17119232797614195,0.40245858355274183,-1.434725713737255,0.8165029406513664,0.44652293049118397,0.5060841978169076,0.30201062681925805,-0.12839533769482117,0.2615320470001113,0.678260364391819,0.7829558625686509,-0.28035455484595784,0.8269636315360551,0.4131065611871955,0.49768300060315024,0.28096603820154276,-0.04037226770398887,0.21312476679122327,0.6334135437252763,0.7272720432312703,-0.337781433103769,0.7751418979525113
ols,random,10,JAX,520,26,4.222868173129709,3.6388031960267537,1.8847070533788688,2.0922237084955717,2.8033833223874187,5.452828457547646,7.517966138164287,1.64944020777036,14.567890172310147,6.095576003241683,5.038608381526178,3.047652667824693,3.006101973718454,3.951197935150193,7.324440940360161,12.308728174959137,2.267911119572123,23.71275415463087,-0.2219693339879115,-0.31484573619304,2.025862246121796,-3.036357727867493,-1.2750276891025873,0.7816496081912966,2.8704104765486926,-10.099385809986012,12.808403790828194,0.5373652617662341,0.6267748432150627,0.31412632429072024,-0.26237058504917365,0.44475749221793426,0.7303001940422562,0.797818338358623,-0.8142933426322432,0.8142947894851714,0.4582326788073856,0.54098876329951,0.2794712001597387,-0.20307749483283002,0.37481645803834995,0.6247943377357739,0.7446571445451835,-0.729290063108278,0.7846074808724435,4.229697726833979,3.6481448610429643,1.8899090145688402,2.0973660852477614,2.8087395629698526,5.468167506655151,7.509938225604538,1.6515017752951782,14.648169713695472,6.104726302718628,5.035440605505027,3.0560987709813756,3.0046161336630006,3.9631606139963598,7.334716143494045,12.34678039810077,2.2716437731056582,23.79760669615527,-0.22315394487659573,-0.31728775161165224,2.039079030078159,-3.0584087682693917,-1.2875297706213196,0.7874086967437466,2.8931398406282245,-10.168720108832519,12.90698941239249,0.537012121806664,0.6271269364549185,0.3146244549488109,-0.26455011288524927,0.4463716558853306,0.7292487965457646,0.7978315893081449,-0.814985453118872,0.814908036652344,0.4578682914497544,0.5414626293619349,0.2799903028574652,-0.20563653921155073,0.3747427705130233,0.6240312099827598,0.7449555875991437,-0.7310804110155861,0.7862341380624506
ols,random,10,OMA,480,24,2.5709568358991572,2.5356851796591897,1.1415326276932511,1.083843793531645,1.955494752884736,3.2691153262960073,4.2158188334578774,0.013259489399880885,8.628378801168818,3.7520587702235493,3.5801429427265425,1.361958353485323,2.074672142583204,3.0610558215662915,4.458886776741226,5.87575430531783,0.019032423551015275,11.527185702010586,-0.03330891777432981,-0.10474731593044362,1.239562387280373,-1.702911317555595,-0.8820878019618373,0.6227930145361023,2.1446666019719527,-4.716110699313909,5.299644534420136,0.4031677506299303,0.48475001479884194,0.35804520266128476,-0.40511163467597294,0.1360823162452921,0.677262623412285,0.7857262206163238,-0.7857293404092474,0.8266665921002964,0.37417418832271926,0.4389229703868658,0.3317190811505041,-0.3332961096829196,0.1545208592873356,0.6325193735127848,0.736021487615527,-0.7746050139447035,0.7746018598690821,2.574198065031866,2.5347552724994786,1.1434090082942776,1.088248256491981,1.9604471707885638,3.2699638704997005,4.222554748369281,0.01325286297789496,8.67077237676801,3.756033537464437,3.584511687506819,1.36414853737376,2.066073037503625,3.0689040181868528,4.468381419179126,5.895813081363998,0.01904723453562085,11.56620030131394,-0.03256712225144644,-0.10201142908516314,1.2468376129505379,-1.7079409267797832,-0.8870437629230581,0.6222892780499543,2.1545061069126845,-4.746499668797275,5.328381055786675,0.40261202084225156,0.48509933133625577,0.3585558883629643,-0.4059531327260472,0.13744669510912388,0.6771919456333207,0.7866714406614775,-0.7880885318744548,0.8275359047099329,0.3735711123562784,0.43886506980144896,0.33220743546865245,-0.3352755407206532,0.15559680865260053,0.6328130773920504,0.7360754853734007,-0.7774366518827481,0.7763914686374298
ols,random,20,JAX,520,26,3.983497219064078,3.4036714078395276,1.6973624787475445,2.0287706834843386,2.6871547062499026,5.39032903063017,7.287733647544032,1.6512499847965807,10.920370857232982,5.667278336107503,4.765472561702676,2.6738014851959773,2.91596607270809,3.6752771986357122,6.935344506333003,10.846503828006345,2.2581911320310133,16.98161350670873,-0.037752814860298974,-0.11082938186633724,1.3580356812417218,-2.0943209196778545,-0.817399599645551,0.645155833795169,2.091633523278631,-6.559476467089198,6.37797811003144,0.586821743747752,0.6410486449860209,0.20755008011081622,0.25750701216716604,0.5177614965438067,0.7303025077124395,0.7978183606562763,-0.5588634452185142,0.814295372941682,0.5003983583372764,0.5458940213019268,0.19412037198055915,0.20022975196657566,0.3766881349530217,0.6247935942460792,0.744656974958094,-0.3748270351936763,0.7846064760079915,3.988855193065385,3.4130140095187538,1.7004189886435939,2.03006607286772,2.6902109308803235,5.397200411519695,7.304867607713832,1.654997809888169,10.966991252555097,5.675978693135347,4.7642517006142695,2.6819323813230236,2.922489633593326,3.689972957008016,6.944610061002273,10.866608105546138,2.2614754489530386,17.04375311722538,-0.038370925995017735,-0.11285663709220375,1.3747474450812496,-2.111217913925995,-0.8257166232436933,0.6525964467320147,2.1129837430447367,-6.635463761242716,6.465169383829327,0.5866418752597847,0.640377378245658,0.20803794361366393,0.25336242580581647,0.5155967850258826,0.7312208128194082,0.7978116695661183,-0.5636622897773812,0.8163779322243687,0.5001588742854614,0.5455765374711667,0.19447839832869754,0.1966345503952962,0.37801194480478734,0.6240364402634846,0.7453697251283343,-0.37898736594600146,0.7876839731412668
ols,random,20,OMA,480,24,2.3858336837160454,2.3908843122254764,0.8833568818316904,1.1341445754974866,1.8782448448067912,3.0168472987898114,3.7024894886215405,0.013069301881113382,4.566323279880472,3.446060691736684,3.408622590912911,1.0910545715310147,2.149477643674172,2.926147802726906,4.309043379193917,5.0748439124903175,0.018897230296346122,6.746632471241398,0.0018782358209800268,-0.023378742065880347,0.7631586965610545,-1.1056265567561743,-0.4974214321148842,0.42903904637047285,1.463390671732902,-2.2761671358202324,2.430450498255188,0.4600066885250141,0.48475317789961286,0.28025613562244084,-0.08342409124204282,0.2633021570398797,0.6772638138499137,0.7857272933293706,-0.7670623075363336,0.8266689909985694,0.4252259096301778,0.43892871479955736,0.2621244634653399,-0.039796637582712305,0.21948879341496083,0.6325208272727837,0.7360226549359791,-0.6866976719693724,0.7746021365908485,2.3879106101889604,2.3904939397843865,0.88333736155138,1.1419615123639577,1.880197470156338,3.0130011441608735,3.705475376832831,0.013054498203335822,4.576186499692166,3.4496445044665194,3.411511774622123,1.093281656868095,2.154671258008347,2.9265821367521694,4.302657395475038,5.083202083117166,0.01808921809707013,6.793445210740573,0.0036827926741664057,-0.017920273636719164,0.7721244238718593,-1.1148646096160493,-0.4972093975492461,0.4285940824869474,1.488020022752001,-2.2994859397646983,2.44086312721431,0.45949244334040007,0.48719096460873823,0.28097795954295574,-0.08447052736056071,0.26386460483487506,0.6774129805171868,0.7870903296626903,-0.7692877801693653,0.8299341191780661,0.4245651738087893,0.44111617095124345,0.26272280431279355,-0.04325910068273727,0.21909335982245312,0.6332730832063093,0.7367509245794629,-0.6923036218324883,0.776746602195124
ransac,grid,10,JAX,26,26,4.386377836408672,3.3984032704050926,2.2230254001820824,2.4827345594013517,2.945295260344486,5.556534803153394,9.432292689028827,1.8961955371722459,10.398914625360025,7.460707501659211,5.816279468080939,4.251515649552532,4.026302350910787,5.045253769969958,8.285728300340141,17.345418463661417,2.51315012265028,19.65568596917273,-3.368200253721535,-3.020912044546024,2.7246495982671197,-9.207888601191984,-3.707657320951702,-2.072550879254052,-0.44146687554507874,-10.378992161311123,2.279594835989203,0.17418640196510068,0.4720307441670994,0.5930347953214045,-0.7217481364262279,-0.4729862955077934,0.70167380626996,0.7748572549885352,-0.7342623910061441,0.8142936299129796,0.1403444869178521,0.34256017437642616,0.5093958522457696,-0.656335644131626,-0.39440040266198995,0.5577055474167165,0.7218682914670488,-0.712031009659964,0.7446557184459578,4.390311947119254,3.4032148048146125,2.223145995501221,2.492021297442753,2.9465662004732054,5.5678174936391756,9.4361056890904,1.8990259233108433,10.4021213519194,7.464012215277905,5.816984742924852,4.249228366377814,4.03186626242163,5.046187774575245,8.30242627855801,17.348798413171327,2.5169227292439866,19.68132692519433,-3.370034106468025,-3.019568279986972,2.7259248935456784,-9.226124423320217,-3.6968797754348945,-2.0545011008664478,-0.44900698276498485,-10.382234644305669,2.286973298389065,0.17413427915676194,0.4710543252136673,0.592569392479313,-0.7220377783273916,-0.47136144438360383,0.7013380530838886,0.7745278161129133,-0.7334898026215149,0.8146891531431293,0.1403252955678895,0.3418985627725256,0.509317858536887,-0.6553442420078361,-0.39393944810656073,0.5568508620684292,0.7234163589902763,-0.7125305745339992,0.7440999435538246
ransac,grid,10,OMA,24,24,2.397177701393821,2.2856352796676203,1.200516250220723,1.0583135708160345,1.2879169072649326,3.5634334135663357,4.055499959007305,0.018797327755938956,4.730357000093958,4.479031955818979,4.081677510693073,1.6797007719359112,3.0175022104535505,3.40903628887769,5.430810489458244,7.575018920559639,0.026525109522364348,7.847941935809851,-1.4238436002004058,-1.6522113764718382,1.8864229908190298,-3.8713964707364408,-2.2975721484437086,-1.0788029099686751,2.6065958657955672,-4.0768726913784015,3.299138443864905,0.16218905381974957,0.27742302459583157,0.5452431598384345,-0.5475839745578854,-0.40510958540057007,0.6786824004151877,0.7939135832651244,-0.6454022354620729,0.8266628822856105,0.1744286886766384,0.3363683479438473,0.5032833792858442,-0.48425900641384284,-0.3332959303754502,0.6348005142233173,0.7437370486018265,-0.6655635604726038,0.7745994929760067,2.3996513805247712,2.2837405243677935,1.2009197286456617,1.0655763802498055,1.2913087849651161,3.5704055251181757,4.068609831614396,0.018788536114150246,4.742236976548736,4.48200517366654,4.0768692262950506,1.677845443237965,3.0272779760276034,3.4195458977690167,5.43426877963704,7.577432350941009,0.026529975438836825,7.870398262706752,-1.4236110062310054,-1.6569085648081825,1.8890279472156841,-3.8697093484530236,-2.2941037767908634,-1.083510285235763,2.6211014795884444,-4.092267553165487,3.309575898634882,0.1619259514017654,0.27550077955580937,0.5457759256924807,-0.548586445270297,-0.40447144242329824,0.6804316221869207,0.7938511307193524,-0.6467969285502155,0.8241928845645676,0.174164134683309,0.33590288339149793,0.5040306527197614,-0.4877210518608301,-0.3346161828241067,0.6356730046395628,0.7433664159254373,-0.6659419750735018,0.774610219124347
ransac,grid,20,JAX,26,26,4.141562073010904,3.6208793310495415,1.526716727192202,2.4790509046587554,3.0560921798737333,5.203910804574683,6.9901041059641,2.1438630308420237,7.334483682149081,7.194542411346674,6.329060825000629,2.6311959863678953,4.928336584254591,5.164102441872067,8.473191119767288,12.291872920240124,4.150359311550979,14.729399795739292,-3.0931480561341207,-3.0772974095814387,1.6835843776754054,-4.943076094252702,-3.9157879036871606,-2.5353191618475237,-0.06209511668333745,-6.9564493135492,2.3417218211490494,0.07335522494352545,0.13292473864472282,0.61810667758382,-0.7612946920995487,-0.5477112020926369,0.700008108865797,0.7671806568819173,-0.8142971915597608,0.7978168530735137,0.0810914545054701,0.11425675237431292,0.5305710295001493,-0.6201188001274309,-0.43999359108366887,0.5851710298129047,0.736498464691575,-0.7292891607486117,0.7846046825415944,4.1398070185514175,3.6266646211530897,1.5223378499709157,2.4763087422236882,3.0546745715035257,5.185045920144267,6.9676441318825395,2.145353026695053,7.3466395221234855,7.19105786458305,6.333321746587945,2.6201838509592648,4.933617497577831,5.16147430255608,8.489598135090073,12.278200204724094,4.149408843078115,14.675127024581473,-3.089516042877961,-3.0797139854022415,1.6801555706519729,-4.923495702424863,-3.8903312377816692,-2.5400499512692676,-0.05181241803086589,-6.941991908624966,2.3240668096941532,0.07351186998438429,0.1344529762050516,0.6182051638167018,-0.760983347234281,-0.5481358480394598,0.6997795780927453,0.7666878395756055,-0.8168702004234487,0.7965264549821749,0.08109844855565912,0.11650053714304485,0.5304476581804275,-0.6205969165393471,-0.4405839175915706,0.5843883518016564,0.7353981572228045,-0.7305187894395919,0.7838839669793104
ransac,grid,20,OMA,24,24,2.3705797953093977,2.2552375378976857,1.1569180362963734,1.0603891772282084,1.287981787475915,3.3777961150713174,4.057135149543636,0.01982672964786903,4.645210453636218,4.6437758668885625,4.155742030443264,1.8320427138845825,3.0175015336704525,3.408094616765954,5.666397838548592,7.595805858295945,0.027418654146608303,7.851450578822873,-2.2572777217972853,-2.191270595556861,1.1856135384012187,-4.057079254312465,-3.332848584250245,-1.1333786618802757,-0.639979327109548,-4.642711396648499,-0.019644623095900725,0.21384578225782822,0.44226124579533527,0.5189117260155754,-0.6660208896997973,-0.3369976187708864,0.6598475711884016,0.7698587882004992,-0.7452840037028847,0.7857241873698247,0.2151814458317796,0.367808883143312,0.48130269879822823,-0.6371582700363794,-0.15419398994332245,0.6241823242522465,0.6998731202072798,-0.7360210809471935,0.7745997344709594,2.3733728119237822,2.257366429088178,1.1570091722430174,1.0592876043317774,1.303378485368417,3.3932819227417976,4.051068713263319,0.01977551716662937,4.653507374090915,4.647564184935052,4.158640610019506,1.8328979684816304,3.026262405728973,3.4157051587930507,5.6549473789028895,7.605550408136328,0.027376135980077924,7.846087225515191,-2.2598274348596115,-2.1968147345502924,1.1869999641280324,-4.051012838168078,-3.313960331832328,-1.1374529774700302,-0.6300020445725948,-4.651029045178785,-0.019592695269885146,0.2141264045222152,0.44260281187158756,0.519275140711527,-0.6658298973363085,-0.33730752502117733,0.6601461525454848,0.7696636494232557,-0.7451289502045952,0.78580419395695,0.21493086637354972,0.36754215241239463,0.4816656900596259,-0.6381883599260967,-0.15598333623089566,0.6247222495028545,0.6986879738565255,-0.7346972088194221,0.7751418979525113
ransac,random,10,JAX,520,26,4.57718734560278,3.6980334826662085,2.4660212594196143,2.2395529360259454,2.8790149330732606,5.574119248049069,9.948668229701097,2.0094551247145795,18.38684099733352,7.493664183263723,6.255007000925634,3.8828213350293534,3.753150329803493,5.019816917332336,8.615919374176336,16.014083485030465,2.87475215575732,25.386099846804424,-2.4951016527556984,-2.621382087204801,3.11055324717059,-7.528363002293668,-3.6506697381249382,-1.1167040318897403,2.4501558370774816,-11.266441348920512,14.618264719050838,0.24712491316201132,0.5532844422657662,0.5699673451322479,-0.7342656173609345,-0.3907813448731619,0.7222189582917693,0.7978180755865312,-0.8142947894851714,0.8142937797365197,0.22041433149334888,0.4173413513501482,0.48822655820615435,-0.6247987883719943,-0.31031068060919675,0.6060820159850109,0.744656483679961,-0.7846073827900081,0.7846074808724435,4.583707904902094,3.695552600444602,2.473209227038354,2.2428070704097895,2.8848165696304946,5.588078828481389,9.982403138420503,2.001032131174866,18.44566338078013,7.49950054074067,6.257028852391376,3.8885484286181633,3.7510561296248386,5.012057807974901,8.632027469491282,16.03379101555563,2.87729948128944,25.478987168201247,-2.497357353653159,-2.6200079991713707,3.118491938313106,-7.514937856842475,-3.651227831803105,-1.108616306884314,2.450005140788309,-11.283617735801002,14.683723654573384,0.24696710259781493,0.5526053194315395,0.5699771233877823,-0.7358426376655907,-0.3913147949640254,0.7217677465727033,0.7977413040994026,-0.8149854531188718,0.814908036652344,0.22002004820831159,0.41818592237761354,0.48835306596696637,-0.6272439055915977,-0.3103477939788823,0.6061117004245009,0.7445858459241639,-0.7851032349252909,0.7862341380624506
ransac,random,10,OMA,480,24,2.4536476797772235,2.2505156439036638,1.436200032085417,1.0537340424310009,1.3378235704664152,3.3254617739572474,4.439270676679174,0.013273058007349329,11.745909381425578,4.470905652267107,4.0623905044408435,1.9892538162938318,2.2682900564639863,3.304383174098992,5.421424887082443,7.6453052313872165,0.01888826230912781,18.043739082526375,-1.477349776985637,-1.494621975529284,1.6626772565755876,-3.9244185191483494,-2.3191955834842015,-1.051381887092308,1.563689943372652,-6.046055620370852,7.1223547565002185,0.24891150640944143,0.4724933247691112,0.49867894901159343,-0.6772625221542595,-0.2633014859455251,0.6646649200788911,0.7857257015739582,-0.8266661736991001,0.8266665921002961,0.2581920229450224,0.3992479600204466,0.4507441468063382,-0.62723352173814,-0.15319228825869188,0.6325148091404986,0.7514529080682533,-0.7746018598690821,0.7746050139447035,2.4547119171146288,2.2425877628081095,1.439236470412784,1.045634549257825,1.3261765429381946,3.329051888352531,4.441126519435705,0.013287809492251725,11.790998457931547,4.471158533608248,4.055933174996373,1.9919183348781744,2.2697220836844254,3.317590924943049,5.4218764164652855,7.671437976707377,0.018924429274034413,18.100674827572085,-1.4765961402321726,-1.494092530364617,1.665699845707629,-3.9295123314188065,-2.319989311745526,-1.0459132925604009,1.5651514234592991,-6.0577194540698285,7.12355332138456,0.24877079617935285,0.47325213099046426,0.4987116812205894,-0.6773527025024855,-0.2631592828271326,0.6650778626173446,0.7860729502749196,-0.8272579464702613,0.8275359047099327,0.2578048751579813,0.39927321904213176,0.45073700394993654,-0.6269497766933224,-0.15356166254728537,0.6311928161633042,0.751435213883838,-0.775425149518122,0.7774366518827481
ransac,random,20,JAX,520,26,4.301186615240924,3.5145971430705556,2.048659447837857,2.1507413075298767,2.6683456472788447,5.528079181003925,7.9423702518931805,1.9417628815667152,14.07048868718045,7.345986488484964,6.239752402344854,3.601367472044951,3.7646530114369905,5.028868668209652,8.547088082801928,14.80529767518861,2.939912780438281,22.589965176118195,-3.0632394151248405,-2.9316014584151864,2.421464125840982,-7.016895983697702,-3.75496807990566,-2.138578279418256,0.4210925777257297,-11.222263704531862,5.9077828470715605,0.17994038957051267,0.5177625789925852,0.5958676454468481,-0.7433236129706677,-0.5177628211732159,0.7017422055335165,0.79781640996617,-0.8142947573836687,0.814295372941682,0.16639512390330102,0.3766885698230649,0.5102880545199124,-0.6247956084250214,-0.37668623219206254,0.6060772210848769,0.7446542911956308,-0.7846062140043281,0.7846064760079915,4.305460639946975,3.5113584937658455,2.0558102280881925,2.1564470439617875,2.6724312949297113,5.5272454288139805,7.946743727643178,1.9377289748023332,14.14722433944412,7.348993183678665,6.2416039089672495,3.607903987918943,3.755972099953334,5.039392754775871,8.517147800822285,14.824604906244057,2.9271029625085294,22.708063679838265,-3.0645931417887438,-2.9362473989986926,2.4306066586511053,-7.03614493358155,-3.763769290599947,-2.136135341751224,0.42271064510742373,-11.26117584102988,5.926131792865559,0.1799102404217935,0.5154674908187074,0.5958697686430243,-0.7414246101684618,-0.5173516803704586,0.7047386644926643,0.7966933821990456,-0.8163779322243687,0.8161621570335698,0.1659980364392062,0.37834827121460735,0.5103189187570096,-0.6252241362787312,-0.3768809698497984,0.6027001833815556,0.7436170381728816,-0.7858891378902446,0.7876839731412668
ransac,random,20,OMA,480,24,2.274865801043048,2.2182185152418343,1.0916213267222061,1.056343212289865,1.287871568149415,3.1088372597425717,4.070502476630282,0.013306109760381338,5.0008092014953,4.36251510875081,4.065708934577399,1.7279500708577393,2.2966463179036065,3.304402733597886,5.253296296104377,7.643502632287605,0.01910087552877258,7.990762580005297,-1.8160014230483015,-1.8123462446496856,1.274180436537492,-3.925821037076436,-2.5817344952456884,-1.1115041737007618,0.04926965741550564,-4.641800556235526,2.3684390629896357,0.20835343227846664,0.47248248686497407,0.5225989413432097,-0.699889705485861,-0.40511106802995667,0.6646640081314835,0.785725365259043,-0.8266670772336722,0.82666662883178,0.2297873975302192,0.39923936994701276,0.4701053215822433,-0.6325169027278884,-0.15452777262683692,0.6272402300823301,0.7360236015623641,-0.7746009209178576,0.7746021365908485,2.273380893100684,2.219813368411645,1.0920387360248176,1.0479733211597133,1.2644979459420387,3.1190650342990236,4.066033643890469,0.013280644572902595,5.023452190556459,4.3609303885813295,4.049601060327619,1.7284929864604264,2.2952498552216754,3.3311530081903666,5.2592960728088585,7.631794836330978,0.019144845896986194,8.000982942732652,-1.813189226698097,-1.8075625377533748,1.2757393850164358,-3.951046859054099,-2.581028026710482,-1.1022980574602708,0.04708559917955052,-4.657955640319091,2.3864959450126704,0.20832833034708587,0.4666750292765417,0.5225181635085521,-0.6990610401563511,-0.40417286209056225,0.6656474716359897,0.7862987708262588,-0.8275959056752304,0.8299341191780663,0.22952518922698864,0.3942331597791261,0.46975479039215134,-0.6311948084613636,-0.16097009760696487,0.628337134116265,0.7377820231884681,-0.7744850177394272,0.776746602195124
