tile_id,city,samples,dav2_min,dav2_max,dav2_mean,agl_min,agl_max,agl_mean
JAX_505_025,JAX,10000,0.0007891543791629374,0.9966780543327332,0.38007232284065684,-0.8896399736404419,34.25196075439453,6.14353399305643
JAX_072_020,JAX,10000,0.014178209938108921,0.9973383545875549,0.36926982161030175,-0.07999992370605469,23.432498931884766,2.97168176445168
JAX_122_020,JAX,10000,0.004328882321715355,0.992817223072052,0.4177767647096887,-0.02799987606704235,44.53600311279297,2.8695407809508127
OMA_281_034,OMA,10000,0.0011793753365054727,0.9714195728302002,0.2743922916427604,-1.428297996520996,95.07717895507812,2.8490539704485096
OMA_211_012,OMA,10000,0.007349305786192417,0.9975082278251648,0.5383398241334595,-0.06247115135192871,24.21701431274414,0.9053566496185631
OMA_144_010,OMA,10000,0.004647429566830397,0.9910522699356079,0.46876234089634383,-0.17084556818008423,0.6156392693519592,-0.0008548295368886429
JAX_264_014,JAX,10000,0.0015688699204474688,0.992579996585846,0.3642126958455425,-0.1719989776611328,29.113691329956055,3.313973488106286
OMA_331_031,OMA,10000,0.003947457764297724,0.993751585483551,0.3199346841239836,-2.066190242767334,19.484880447387695,2.804352839386771
OMA_342_012,OMA,10000,0.013655251823365688,0.9946280121803284,0.4546858522370458,-0.2836298942565918,24.046810150146484,1.8310760570605267
JAX_167_009,JAX,10000,0.0020409603603184223,0.9930923581123352,0.19825815155373422,-0.08799965679645538,164.29470825195312,14.10128890671794
JAX_251_009,JAX,10000,0.0014944133581593633,0.9902346730232239,0.46520670181681634,-0.148673877120018,48.45000076293945,7.850193691972902
OMA_355_030,OMA,10000,0.0035653291270136833,0.9982667565345764,0.46871705140117553,-0.6618136763572693,21.353849411010742,1.932162249300735
OMA_315_004,OMA,10000,0.009388374164700508,0.9964738488197327,0.29877889199517665,-0.4190925359725952,20.62474250793457,2.285497012795301
JAX_280_025,JAX,10000,0.0006744482088834047,0.9866862297058105,0.406917100055411,-0.07456453144550323,26.100000381469727,4.2271675060210585
OMA_367_029,OMA,10000,0.007359121460467577,0.9913304448127747,0.4016280755198095,-0.07880973815917969,18.40641212463379,2.7626602426762483
OMA_342_026,OMA,10000,0.001003891695290804,1.0,0.22504638766907156,-0.3000890016555786,20.724933624267578,1.863912424181624
JAX_207_008,JAX,10000,0.002112909220159054,0.9957786798477173,0.3703587142555043,-1.157354474067688,29.59518814086914,4.949487406730459
OMA_258_027,OMA,10000,0.006099445279687643,0.9548208117485046,0.3963408737122081,-0.03826083242893219,23.00357437133789,0.9175526775845556
JAX_359_011,JAX,10000,0.0011376936454325914,0.9962289333343506,0.4244519024261856,-0.13094639778137207,33.96599578857422,5.474791611361955
JAX_264_002,JAX,10000,0.001944470452144742,0.978804886341095,0.322379598379205,-0.12469291687011719,37.801326751708984,3.362297230488097
OMA_181_022,OMA,10000,0.0023934345226734877,0.9992205500602722,0.48929086977092084,-0.6654344797134399,10.291558265686035,0.03193304159571426
JAX_079_019,JAX,10000,0.0006701732636429369,0.9968201518058777,0.29152678832025847,-0.2080925852060318,20.902000427246094,2.636411714622651
OMA_251_009,OMA,10000,2.4471735287079355e-06,0.9985957145690918,0.28074532716293904,-0.09869620203971863,43.59101867675781,9.108137783383915
JAX_505_012,JAX,10000,0.005266580730676651,0.9964893460273743,0.40587310388395564,-0.13305267691612244,33.70530319213867,5.790174934560161
JAX_251_003,JAX,10000,0.0002545990573707968,0.9952455759048462,0.4272061063658359,-0.39999961853027344,39.965877532958984,7.96534945846561
JAX_214_020,JAX,10000,0.0022514131851494312,0.9871450066566467,0.31657615447563586,-0.5760002136230469,91.58700561523438,10.074956997826979
JAX_412_007,JAX,10000,0.001865975558757782,0.9950044751167297,0.2944833082312718,-0.05299949645996094,28.917999267578125,6.339812403449545
JAX_260_015,JAX,10000,0.047308195382356644,0.9746150374412537,0.4115327015422285,-0.9979991912841797,61.276424407958984,3.843411378433439
OMA_181_023,OMA,10000,0.0020408134441822767,0.9906532168388367,0.5047266922256677,-0.6848801374435425,11.967569351196289,0.030806663416405058
OMA_212_036,OMA,10000,0.00611942820250988,0.9947074055671692,0.21803962514614686,-0.20249435305595398,21.46021270751953,1.052054954240042
JAX_033_002,JAX,10000,0.0007827252265997231,0.9989854097366333,0.28230412951110045,-0.09123300015926361,21.111774444580078,1.3003482686778622
JAX_105_021,JAX,10000,0.006636949721723795,0.9988000988960266,0.4436021076185163,-0.16200050711631775,20.47111701965332,3.454682273653032
JAX_204_009,JAX,10000,0.0007180051179602742,0.9985264539718628,0.40320464552963386,-0.15099984407424927,44.683372497558594,2.819910207436613
JAX_276_020,JAX,10000,0.0015416255919262767,0.998873233795166,0.405062243423413,-0.12802211940288544,28.925491333007812,6.136018358431247
OMA_251_020,OMA,10000,0.0029391960706561804,0.9993953704833984,0.2608961279295152,-0.036984287202358246,43.427268981933594,9.06497835076112
OMA_084_016,OMA,10000,0.02695949375629425,0.9972023367881775,0.26068752331621947,-0.04075057804584503,31.984607696533203,3.7044268698729246
OMA_221_041,OMA,10000,0.0015962091274559498,0.9880516529083252,0.3882681964796153,-0.5674208402633667,28.092205047607422,3.1415247628719922
OMA_225_015,OMA,10000,0.0023498605005443096,0.9971756935119629,0.43719025972597303,-0.39705890417099,17.504480361938477,1.4977120233684273
OMA_292_040,OMA,10000,0.003175076562911272,0.9554373025894165,0.32625366381364873,-0.2191549837589264,34.69276428222656,3.9731492201297653
JAX_280_003,JAX,10000,0.0008961707935668528,0.9916200637817383,0.4256949746195343,-0.1552209109067917,26.00299835205078,4.254306909804487
JAX_314_008,JAX,10000,0.005263791419565678,0.9973160028457642,0.3646113631802611,-0.2010776400566101,28.00603485107422,5.64742492495167
OMA_391_014,OMA,10000,0.004926443099975586,0.9913437962532043,0.49876288982452827,-0.6234821081161499,20.68651008605957,1.2089736446933383
JAX_164_009,JAX,10000,0.01047854870557785,0.9987238645553589,0.2663977934334427,-0.11438928544521332,103.64620208740234,6.924760058268398
JAX_118_013,JAX,10000,0.03145471215248108,0.9905033111572266,0.35414679176472125,-0.027713118121027946,21.270000457763672,2.479483762072726
OMA_172_043,OMA,10000,0.012164433486759663,0.9980762600898743,0.4837010597209446,-0.04357427731156349,16.801136016845703,1.3620122093776785
OMA_389_023,OMA,10000,0.0010706431930884719,0.9965541958808899,0.46405063717403683,-1.578484296798706,19.398191452026367,1.143644623602612
JAX_122_018,JAX,10000,0.010155564174056053,0.9954961538314819,0.38932392432764173,-0.069000244140625,41.000999450683594,2.368709985515418
JAX_113_019,JAX,10000,0.0,0.996873676776886,0.3912749562108365,-0.09800337255001068,19.576210021972656,2.2957795673141583
OMA_230_031,OMA,10000,0.0021328695584088564,0.9936439394950867,0.4098227251993027,-0.3394128978252411,35.651790618896484,1.3330354921694987
JAX_416_013,JAX,10000,0.0015730878803879023,0.9938839077949524,0.3687506333977799,-0.10522257536649704,22.80500030517578,2.8915498243851405
OMA_144_009,OMA,10000,0.08442835509777069,0.9980480670928955,0.46256978372856977,-0.16082338988780975,0.16973188519477844,-0.00047662454695448277
OMA_332_015,OMA,10000,0.013420588336884975,0.9970677495002747,0.5107703913629986,-0.9468232989311218,36.10960388183594,1.4072662887589669
JAX_028_001,JAX,10000,0.004083541221916676,0.9939820766448975,0.43799231555117296,-1.3450013399124146,21.490549087524414,4.26650219493028
OMA_198_001,OMA,10000,0.036063000559806824,0.9991127252578735,0.42890758321247996,-1.2296086549758911,25.18665885925293,3.312630964444934
OMA_144_039,OMA,10000,0.17317664623260498,0.9876078963279724,0.5493341537937522,-0.1783517450094223,0.12064357101917267,-0.00044498797516178855
JAX_269_016,JAX,10000,0.0034512695856392384,0.980004608631134,0.3999045852237847,-0.203903466463089,33.16509246826172,3.0478732358240967
OMA_225_030,OMA,10000,0.04022439196705818,0.9959012866020203,0.46950380405709147,-0.35806310176849365,17.695512771606445,1.5523218686547775
JAX_559_009,JAX,10000,0.013595931231975555,0.9991700053215027,0.40757140235956757,-0.037668585777282715,32.98139953613281,6.800488616697531
OMA_331_041,OMA,10000,0.00012862258881796151,0.9927927851676941,0.26218715259506864,-2.0196144580841064,19.679359436035156,2.863957675721424
JAX_505_026,JAX,10000,0.006120277103036642,0.9987804889678955,0.4197695845099166,-0.04601706564426422,33.606197357177734,6.645344784098939
OMA_331_013,OMA,10000,0.004733510315418243,0.9745907187461853,0.4988037419288419,-1.3036565780639648,19.244678497314453,2.83436870230073
JAX_559_001,JAX,10000,0.004478374496102333,0.9692622423171997,0.47085304761864244,-0.07059700787067413,32.58599853515625,6.655109699620918
JAX_149_007,JAX,10000,1.7400167052983306e-05,0.9649062752723694,0.2747244987746539,-0.08000048995018005,25.33300018310547,5.2716900160549365
JAX_070_019,JAX,10000,0.0020432500168681145,0.9974843263626099,0.31973618478376886,-0.28451839089393616,44.80405807495117,2.5178890013017967
JAX_161_004,JAX,10000,0.006277184933423996,0.9971312880516052,0.41103988011684267,-0.09115220606327057,38.853580474853516,2.1142360997688168
OMA_163_019,OMA,10000,0.03540024906396866,0.9965460896492004,0.19049644088298082,-0.04409810155630112,24.26128387451172,2.1741441442444125
JAX_166_009,JAX,10000,0.005726077128201723,0.9844850301742554,0.2933220382075291,-0.6290541887283325,83.33772277832031,9.591744349378333
OMA_376_003,OMA,10000,0.004679790697991848,0.9934988021850586,0.28646997705651445,-2.457493782043457,27.831565856933594,0.7393514166984675
JAX_474_002,JAX,10000,0.0029243940953165293,0.9860621690750122,0.36639729723839554,-0.1528691202402115,23.54221534729004,1.9416579396737583
OMA_225_010,OMA,10000,0.0009522667387500405,0.9938016533851624,0.3046455257143942,-0.4023806154727936,20.170875549316406,1.4328951247575559
JAX_178_006,JAX,10000,0.0015710793668404222,0.963069498538971,0.39462870933135274,-0.04500007629394531,28.35042381286621,3.2895978557848022
OMA_198_038,OMA,10000,0.03341510146856308,0.960040807723999,0.3055014680314809,-1.071302056312561,20.505327224731445,3.1527322683615244
OMA_288_026,OMA,10000,0.026610486209392548,0.998407244682312,0.22149266445823013,-2.670067310333252,88.11841583251953,7.714385305597825
JAX_166_005,JAX,10000,0.0018159693572670221,0.9970993995666504,0.21737227394764777,-0.36279404163360596,91.1610107421875,9.897552368296019
OMA_163_012,OMA,10000,0.0021977524738758802,0.9918859004974365,0.43633306106419767,-0.03711603954434395,25.81549835205078,2.067765531337006
OMA_142_002,OMA,10000,0.02930566295981407,0.9987844824790955,0.5268708100751043,-0.08853444457054138,0.8764808773994446,-0.0006580680173157845
JAX_118_020,JAX,10000,0.008648384362459183,0.9937289953231812,0.40963377558225766,-0.8740736246109009,21.38652229309082,2.532401024536688
OMA_225_018,OMA,10000,0.0006551368860527873,0.9649775624275208,0.40859777329033825,-0.3977855443954468,18.323171615600586,1.6059182229626796
OMA_026_029,OMA,10000,0.0011329492554068565,0.9997491836547852,0.5320477750081569,-0.6056062579154968,30.98602294921875,2.780829906972492
OMA_132_027,OMA,10000,0.008275994099676609,0.9942493438720703,0.3395123861772008,-0.8482787609100342,16.65594482421875,1.692022022837489
JAX_017_011,JAX,10000,0.0019723002333194017,0.9907220005989075,0.29435003368658946,-0.05771278589963913,23.72599983215332,3.695463028915413
JAX_280_006,JAX,10000,0.0007938086055219173,0.9992631673812866,0.3820125277942978,-0.06999970227479935,26.98900032043457,4.239484796372697
JAX_167_016,JAX,10000,0.006458235438913107,0.9767346382141113,0.17018183480552398,-0.3789997100830078,166.0606231689453,14.41105398367152
OMA_374_014,OMA,10000,0.0,0.9956719279289246,0.5500413739628857,-0.07140795141458511,27.39558982849121,5.833642956337496
OMA_381_028,OMA,10000,0.0003058645233977586,0.9808777570724487,0.06228032706437807,-0.41287216544151306,25.085899353027344,0.6447335343158161
JAX_416_012,JAX,10000,0.0009518609731458127,0.992967963218689,0.3874220369670482,-0.15621733665466309,23.185882568359375,2.8566042763194726
OMA_288_015,OMA,10000,0.014706113375723362,0.9974974989891052,0.287431588760484,-2.6704652309417725,96.45735931396484,8.574176592054698
JAX_161_006,JAX,10000,4.9909787776414305e-05,0.9914591312408447,0.39257306597140634,-0.3732174038887024,34.33987045288086,2.1262197018618143
OMA_376_006,OMA,10000,0.0014255899004638195,0.9802279472351074,0.25733572129975074,-1.0057786703109741,29.296493530273438,0.8120961525280707
JAX_224_003,JAX,10000,0.004069057293236256,0.9889527559280396,0.2835895685454365,-0.1577656865119934,60.0539665222168,2.4405526911326447
JAX_118_003,JAX,10000,0.007031028158962727,0.9811356663703918,0.19516548984088003,-0.18499982357025146,21.237092971801758,2.5970594735975174
OMA_225_032,OMA,10000,5.334212619345635e-05,0.9967463612556458,0.37291987486271394,-0.38790541887283325,18.786792755126953,1.7020533500578305
OMA_042_035,OMA,10000,0.008117716759443283,0.9961389899253845,0.2875337934154086,-0.06633612513542175,22.40793228149414,3.282886396593666
JAX_156_025,JAX,10000,0.008409518748521805,0.9988533854484558,0.43463002139171586,-0.25195297598838806,15.334278106689453,3.189158599150692
JAX_070_005,JAX,10000,0.0013119237264618278,0.9859147667884827,0.40183507301970384,-0.06692183762788773,44.409175872802734,2.5841213177923557
OMA_389_010,OMA,10000,0.0033925892785191536,0.9776375889778137,0.4182918489994947,-0.6635926961898804,19.49831199645996,1.067590034289727
OMA_287_006,OMA,10000,0.0008416505879722536,0.9926127791404724,0.28454684239639316,-0.9416021108627319,54.838138580322266,3.770022793128824
JAX_028_006,JAX,10000,0.0037141195498406887,0.9980561137199402,0.42956548326949123,-0.2833518087863922,21.898000717163086,4.196467449336622
JAX_122_009,JAX,10000,0.0009697332279756665,0.9933887720108032,0.2842262224933249,-0.4650001525878906,44.56599426269531,2.673829985392334
OMA_172_003,OMA,10000,0.014169872738420963,0.9991150498390198,0.5032274214976468,-0.03288519009947777,17.016931533813477,1.3278471372578278
JAX_022_012,JAX,10000,0.0007818913436494768,0.9975338578224182,0.4064498359870573,-0.09799966216087341,21.812164306640625,3.7865769313095865
JAX_149_013,JAX,10000,0.008103322237730026,0.9928255677223206,0.36536638054810466,-0.062000274658203125,26.912065505981445,5.626567821694222
OMA_230_002,OMA,10000,0.0008322042995132506,0.997016191482544,0.35062024947209863,-0.21661728620529175,39.79959487915039,1.193045737483319
OMA_244_034,OMA,10000,0.015054520219564438,0.9869051575660706,0.43826644341014326,-0.14119280874729156,22.822967529296875,2.9313729863471023
OMA_129_041,OMA,10000,0.0013020012993365526,0.9996410608291626,0.42809267197785666,-0.4579084515571594,29.073070526123047,2.8152257645452186
OMA_244_015,OMA,10000,0.010678377002477646,0.9975470304489136,0.3967621866666712,-0.12993565201759338,20.65082359313965,2.975427437579594
JAX_068_022,JAX,10000,0.01609795354306698,0.9508647322654724,0.21532147501930596,-0.08308275043964386,43.43410873413086,6.036466362849623
JAX_224_012,JAX,10000,0.0007051015272736549,0.9940603375434875,0.21987777744681808,-0.013000489212572575,63.830562591552734,2.2897624119719207
OMA_134_005,OMA,10000,8.76232807058841e-05,0.9974340796470642,0.4460070886992893,-0.12126699090003967,22.516382217407227,1.9036993009137644
OMA_247_032,OMA,10000,0.0036686521489173174,0.9994075298309326,0.29439788245989473,-0.07457958161830902,34.15496826171875,2.3852793793757527
OMA_315_007,OMA,10000,0.008108111098408699,0.9996669888496399,0.2916093309318647,-0.40606892108917236,20.63819122314453,2.3252669112937765
JAX_004_019,JAX,10000,0.000998291070573032,0.99617999792099,0.4328672612082679,-0.13143391907215118,28.6708984375,3.4031846432437445
OMA_391_034,OMA,10000,0.006048667710274458,0.9942513704299927,0.5042809022405651,-0.5689364075660706,21.840227127075195,1.1885547801899548
OMA_258_036,OMA,10000,0.0031778819393366575,0.9876185655593872,0.21000568909423892,-0.07056160271167755,21.95716094970703,0.9304709107406366
JAX_264_019,JAX,10000,0.0006050718366168439,0.9997978210449219,0.49340353708511103,-0.1423090696334839,34.762794494628906,3.2836083823425355
OMA_176_015,OMA,10000,0.0012008106568828225,0.9890151023864746,0.3258850029340014,-0.06305091083049774,30.65621566772461,1.3696149461557747
JAX_251_001,JAX,10000,0.0008033764897845685,0.9980331063270569,0.4100200452186924,-0.23595738410949707,44.746273040771484,8.051202994120343
JAX_167_006,JAX,10000,0.0594162754714489,0.9912961721420288,0.18653806475810705,-0.35148441791534424,173.72483825683594,14.059770676868792
OMA_288_040,OMA,10000,0.0005600749282166362,0.9930394887924194,0.21663857626558164,-2.8273701667785645,85.8455581665039,7.635298654020793
JAX_122_012,JAX,10000,0.0050398181192576885,0.9965680837631226,0.2128783028118778,-0.11162807792425156,44.763954162597656,2.511500411016545
JAX_165_018,JAX,10000,0.0016356749692931771,0.9964619874954224,0.3959516132571851,-1.8671386241912842,80.01631164550781,10.823872621648931
OMA_124_023,OMA,10000,0.0003848802880384028,0.9958202838897705,0.3779215267101739,-0.41278350353240967,22.95467758178711,2.804256419621894
OMA_269_005,OMA,10000,0.049390759319067,0.9921605587005615,0.316617070357874,-0.2648797035217285,22.900075912475586,1.6382651106600776
OMA_269_028,OMA,10000,0.010902770794928074,0.9995108842849731,0.33420038841934874,-0.20400308072566986,24.29234504699707,1.707735088838401
JAX_118_018,JAX,10000,0.030393002554774284,0.9963799118995667,0.37185638771969826,-0.1924743950366974,22.32117462158203,2.347036688469855
JAX_118_005,JAX,10000,0.022062227129936218,0.9858099222183228,0.2868053141243756,-0.15784232318401337,21.538999557495117,2.5797145330885956
OMA_367_006,OMA,10000,0.004005303140729666,0.9979143738746643,0.367191906356439,-0.06954766064882278,18.463415145874023,2.8052429638296643
OMA_248_040,OMA,10000,0.0023622852750122547,0.9991847276687622,0.2752601234589005,-0.8199361562728882,38.49749755859375,3.3861245523665975
JAX_359_005,JAX,10000,0.00041883610538206995,0.9981014132499695,0.48468451376617594,-0.2589988708496094,34.38393783569336,5.802486037351664
JAX_164_010,JAX,10000,0.028413889929652214,0.9903439283370972,0.2767057257885113,-0.0792665034532547,106.36499786376953,6.572716518462828
OMA_329_008,OMA,10000,0.005640529561787844,0.9756324887275696,0.28398644123254346,-0.06168896704912186,23.024951934814453,1.8137549502518162
JAX_168_016,JAX,10000,0.01283695176243782,0.9928212761878967,0.22525879340935498,-0.39800018072128296,60.39767074584961,3.410014713155693
JAX_505_020,JAX,10000,0.005923641379922628,0.9991418719291687,0.4214808229524177,-0.3339996337890625,34.336997985839844,6.585352091003103
OMA_269_004,OMA,10000,0.0017379558412358165,0.9964672327041626,0.44578900112597036,-0.25350603461265564,25.390623092651367,1.6205615835758178
JAX_166_013,JAX,10000,0.004619190469384193,0.9818142056465149,0.2615852411796339,-0.2760363817214966,86.6310043334961,10.033576809447704
OMA_225_017,OMA,10000,0.02880437672138214,0.99424147605896,0.45342715699840336,-0.36732032895088196,18.192174911499023,1.608156338591464
JAX_018_015,JAX,10000,0.002541814697906375,0.9964902400970459,0.32937169532978444,-0.14799880981445312,25.02902603149414,3.516574844619111
OMA_124_008,OMA,10000,0.00017356208991259336,0.9935788512229919,0.19441545839750324,-0.39323389530181885,22.12946128845215,2.6018275452585233
JAX_179_014,JAX,10000,5.087691170047037e-05,0.9998564124107361,0.08859275234330889,-0.1320832371711731,76.51366424560547,3.7883778613571915
OMA_212_037,OMA,10000,0.005272607319056988,0.9994673728942871,0.210167769309273,-0.24549391865730286,17.91992950439453,1.0410982812693514
OMA_353_028,OMA,10000,0.00748188141733408,0.9829857349395752,0.25396819572886453,-0.3276110887527466,24.527746200561523,1.7449946207600378
OMA_342_038,OMA,10000,0.022387748584151268,0.9871453642845154,0.2436541594846174,-0.29927825927734375,19.427934646606445,1.926663457871326
OMA_367_021,OMA,10000,0.007094847038388252,0.9903498291969299,0.3794883953982033,-0.0636812224984169,17.625343322753906,2.8135506799850916
JAX_175_004,JAX,10000,0.014614702202379704,0.9871217012405396,0.24317765835272148,-0.14299964904785156,59.531864166259766,3.7554455519413854
JAX_314_010,JAX,10000,0.0054379114881157875,0.9880961179733276,0.489139507660456,-0.09042984992265701,28.709001541137695,6.341149948907026
JAX_159_002,JAX,10000,0.0019172426545992494,0.9985784292221069,0.43637020393827697,-0.2533857822418213,32.405330657958984,2.7208711612057273
JAX_028_011,JAX,10000,0.005775852128863335,0.9993542432785034,0.3613626673845574,-0.387778103351593,21.23000144958496,4.038071395907138
OMA_132_006,OMA,10000,0.005999287124723196,0.9819905161857605,0.3093824964990374,-0.7403240203857422,17.0659236907959,1.783556125041567
JAX_505_002,JAX,10000,0.0006121772457845509,0.9865134954452515,0.41879107245156194,-0.024999618530273438,34.148651123046875,5.673458161760569
JAX_359_014,JAX,10000,0.0010621948167681694,0.9954223036766052,0.38942747885414863,-0.1830005645751953,33.205078125,6.024664264417182
OMA_342_018,OMA,10000,0.0029032176826149225,0.9893908500671387,0.2584834514633985,-0.24925357103347778,18.943008422851562,1.8220079383590575
OMA_355_011,OMA,10000,0.0005597821436822414,0.9999987483024597,0.23034669282245449,-0.6800347566604614,20.637290954589844,1.887005719242027
JAX_467_006,JAX,10000,0.0006138716707937419,0.9994350075721741,0.33194311391305525,-0.04199981689453125,27.677947998046875,4.17425072055625
JAX_031_020,JAX,10000,0.009935317561030388,0.9936773180961609,0.3839631167575717,-0.1891193687915802,23.854799270629883,4.775966633541968
JAX_070_020,JAX,10000,0.0009049081709235907,0.9983334541320801,0.3014087156939786,-0.05911498889327049,44.52256774902344,3.021131590692405
JAX_214_014,JAX,10000,0.0014003453543409705,0.9897125363349915,0.27324890500191834,-0.9650001525878906,91.93351745605469,10.508823270614247
OMA_331_036,OMA,10000,0.001342720352113247,0.9878214597702026,0.3090877797651803,-2.459887981414795,19.400846481323242,2.87186434797791
OMA_212_002,OMA,10000,0.030963702127337456,0.9987117648124695,0.25371587614733726,-0.15665657818317413,21.303539276123047,1.082684010657182
JAX_105_014,JAX,10000,0.0018709157593548298,0.9865811467170715,0.35396910061960807,-0.11299936473369598,20.2777042388916,3.2212903391484757
JAX_264_025,JAX,10000,0.00044212365173734725,0.981225311756134,0.36880951709346266,-0.12604662775993347,27.08592987060547,3.567321708157014
OMA_342_017,OMA,10000,0.0192522294819355,0.9947101473808289,0.39481491074915975,-0.29164057970046997,23.96102523803711,1.8260215951767365
OMA_221_020,OMA,10000,0.00028585715335793793,0.9978859424591064,0.49970080118957266,-0.6418952941894531,28.028352737426758,3.2411956714333443
OMA_329_001,OMA,10000,0.005814469885081053,0.9934594631195068,0.3383736422206275,-0.05714375153183937,22.695491790771484,1.8080980812789988
OMA_364_019,OMA,10000,0.04410137981176376,0.9986207485198975,0.44204691110514105,-0.5360676646232605,26.134586334228516,1.9962800553793674
JAX_236_020,JAX,10000,0.015307791531085968,0.9975484013557434,0.3142600648501888,-0.1421312689781189,29.148906707763672,2.3351681231512833
JAX_204_007,JAX,10000,0.0005283088539727032,0.9952187538146973,0.3756948468378687,-0.6193521022796631,40.62851333618164,2.382707240963329
OMA_124_021,OMA,10000,0.0039048343896865845,0.9923605918884277,0.43544437710326167,-0.35839688777923584,22.400400161743164,2.926698925262846
JAX_175_006,JAX,10000,0.0021018944680690765,0.9912785291671753,0.2470038850985933,-0.04501751437783241,57.385711669921875,3.8702867342504947
OMA_389_041,OMA,10000,0.02337130904197693,0.9905436038970947,0.3032544238556176,-1.2081098556518555,18.76601219177246,1.1152360741106306
JAX_207_019,JAX,10000,0.004720455035567284,0.9798632860183716,0.4259443891881034,-0.5599994659423828,30.481122970581055,4.771132959423055
JAX_175_001,JAX,10000,0.001966357696801424,0.9911407232284546,0.23117150243476497,-0.05923359841108322,59.24654769897461,3.8645557021861983
JAX_427_026,JAX,10000,0.0009184337104670703,0.9758915901184082,0.36265937365423306,-0.7468360662460327,28.715316772460938,4.600798451895364
JAX_117_001,JAX,10000,0.026686932891607285,0.9869403839111328,0.35564708246514204,-0.0890503004193306,20.5339412689209,3.9648420964434736
JAX_207_012,JAX,10000,0.0010893716244027019,0.9915988445281982,0.35290281916805544,-0.08066257834434509,29.596115112304688,4.996526238889429
OMA_287_029,OMA,10000,0.0008544295560568571,0.9884812831878662,0.38057490621730683,-0.920202910900116,54.85570526123047,3.866642774466679
OMA_383_028,OMA,10000,0.0013811829267069697,0.9978277683258057,0.21510563315217152,-0.7675464749336243,20.019594192504883,1.0368106267883463
OMA_211_017,OMA,10000,0.01736167073249817,0.9990907311439514,0.573318108933419,-0.06537263840436935,29.4648380279541,0.9000593441356667
JAX_164_007,JAX,10000,0.021401984617114067,0.9928987622261047,0.23160473756249994,-0.0809994488954544,109.0531234741211,6.779323424063844
OMA_269_042,OMA,10000,0.045991163700819016,0.9917569756507874,0.35451527751125395,-0.2680864930152893,22.113435745239258,1.5762783094558988
OMA_389_008,OMA,10000,0.01817692071199417,0.9997554421424866,0.24687308592703194,-0.6656205058097839,20.132179260253906,1.0709855499667862
JAX_017_001,JAX,10000,8.760004857322201e-05,0.9962184429168701,0.38352545040420594,-0.01950814761221409,24.06648826599121,3.8340695585319065
JAX_178_015,JAX,10000,0.004882010165601969,0.9858445525169373,0.42735291373310613,-0.40851521492004395,35.134796142578125,3.2684003263579835
OMA_251_011,OMA,10000,0.0013411586405709386,0.997431218624115,0.2677239934332087,-0.08820723742246628,43.45745849609375,8.879623691593759
OMA_211_031,OMA,10000,0.004938628990203142,0.9988690614700317,0.33171717035397885,-0.05660853534936905,25.466856002807617,0.9662958829876981
OMA_251_038,OMA,10000,0.006098967976868153,0.9674164652824402,0.2543776116676163,-0.08767135441303253,43.05815887451172,9.310609103706598
OMA_084_009,OMA,10000,0.002931776689365506,0.9974357485771179,0.3485544968652772,-0.05072250962257385,31.713769912719727,3.8331795657519177
JAX_559_016,JAX,10000,0.012514039874076843,0.9869082570075989,0.4646141543129459,-0.07900047302246094,32.77199935913086,6.816386636241146
OMA_144_023,OMA,10000,0.02572833187878132,0.9966675043106079,0.48934770907443015,-0.125515416264534,0.7504196166992188,-0.0008325109053018878
JAX_416_025,JAX,10000,0.0009101203759200871,0.9853821396827698,0.43769822755713833,-0.14417903125286102,22.94042205810547,3.01565243572836
JAX_276_013,JAX,10000,0.001214045099914074,0.9931666254997253,0.4534556732645957,-0.11050634831190109,28.7536678314209,5.824557501684779
OMA_172_040,OMA,10000,0.02581852115690708,0.9924549460411072,0.2741925355169922,-0.08024590462446213,17.561412811279297,1.3081418702912773
OMA_391_036,OMA,10000,0.052460260689258575,0.9739323258399963,0.2878155697833747,-0.4388684928417206,21.97943687438965,1.1291017097713463
JAX_113_020,JAX,10000,0.0012717312201857567,0.9927952289581299,0.338520382067631,-0.22647465765476227,21.97176742553711,2.3777773803093645
OMA_374_027,OMA,10000,0.001853022607974708,0.9980051517486572,0.44894766183983303,-0.05764193832874298,28.523984909057617,5.904617442326201
JAX_264_021,JAX,10000,0.0019557324703782797,0.994682252407074,0.38716005902921313,-0.11599922180175781,45.35448455810547,3.410821839263015
OMA_124_017,OMA,10000,0.008702063001692295,0.9561767578125,0.3807692911290564,-0.40237754583358765,23.81722068786621,2.9013247068762387
JAX_072_019,JAX,10000,0.0034527452662587166,0.9786535501480103,0.3906755206122063,-0.14200063049793243,20.388166427612305,2.5858478265933926
JAX_505_007,JAX,10000,0.001215037889778614,0.9831112027168274,0.35099316293043087,-0.10468856990337372,34.3886833190918,5.75984530567182
OMA_353_011,OMA,10000,0.00041130909812636673,0.9974750280380249,0.2962662327510567,-0.32992926239967346,23.770099639892578,1.8019013310873067
OMA_059_019,OMA,10000,0.010901759378612041,0.9956269264221191,0.5181362775122746,-0.027010688558220863,6.296494007110596,0.010998193384021278
