tile_id,city,rgb_path,agl_path,agl_p95,agl_max
JAX_505_025,JAX,data/dfc2019/raw/RGB/Track1-RGB/JAX_505_025_RGB.tif,data/dfc2019/raw/Truth/Track1-Truth/JAX_505_025_AGL.tif,21.004409790039062,34.55999755859375
JAX_072_020,JAX,data/dfc2019/raw/RGB/Track1-RGB/JAX_072_020_RGB.tif,data/dfc2019/raw/Truth/Track1-Truth/JAX_072_020_AGL.tif,13.1510009765625,24.121000289916992
JAX_122_020,JAX,data/dfc2019/raw/RGB/Track1-RGB/JAX_122_020_RGB.tif,data/dfc2019/raw/Truth/Track1-Truth/JAX_122_020_AGL.tif,12.342348098754883,44.76599884033203
OMA_281_034,OMA,data/dfc2019/raw/RGB/Track1-RGB/OMA_281_034_RGB.tif,data/dfc2019/raw/Truth/Track1-Truth/OMA_281_034_AGL.tif,13.404753684997559,131.44615173339844
OMA_211_012,OMA,data/dfc2019/raw/RGB/Track1-RGB/OMA_211_012_RGB.tif,data/dfc2019/raw/Truth/Track1-Truth/OMA_211_012_AGL.tif,7.854372501373291,30.876962661743164
OMA_144_010,OMA,data/dfc2019/raw/RGB/Track1-RGB/OMA_144_010_RGB.tif,data/dfc2019/raw/Truth/Track1-Truth/OMA_144_010_AGL.tif,0.04417703300714493,1.0157724618911743
JAX_264_014,JAX,data/dfc2019/raw/RGB/Track1-RGB/JAX_264_014_RGB.tif,data/dfc2019/raw/Truth/Track1-Truth/JAX_264_014_AGL.tif,13.370000839233398,45.61199951171875
OMA_331_031,OMA,data/dfc2019/raw/RGB/Track1-RGB/OMA_331_031_RGB.tif,data/dfc2019/raw/Truth/Track1-Truth/OMA_331_031_AGL.tif,11.249998092651367,21.6512393951416
OMA_342_012,OMA,data/dfc2019/raw/RGB/Track1-RGB/OMA_342_012_RGB.tif,data/dfc2019/raw/Truth/Track1-Truth/OMA_342_012_AGL.tif,11.43247127532959,25.247623443603516
JAX_167_009,JAX,data/dfc2019/raw/RGB/Track1-RGB/JAX_167_009_RGB.tif,data/dfc2019/raw/Truth/Track1-Truth/JAX_167_009_AGL.tif,84.16163635253906,166.1429901123047
JAX_251_009,JAX,data/dfc2019/raw/RGB/Track1-RGB/JAX_251_009_RGB.tif,data/dfc2019/raw/Truth/Track1-Truth/JAX_251_009_AGL.tif,22.142717361450195,48.45000076293945
OMA_355_030,OMA,data/dfc2019/raw/RGB/Track1-RGB/OMA_355_030_RGB.tif,data/dfc2019/raw/Truth/Track1-Truth/OMA_355_030_AGL.tif,9.792059898376465,24.59258460998535
OMA_315_004,OMA,data/dfc2019/raw/RGB/Track1-RGB/OMA_315_004_RGB.tif,data/dfc2019/raw/Truth/Track1-Truth/OMA_315_004_AGL.tif,9.996232032775879,20.694522857666016
JAX_280_025,JAX,data/dfc2019/raw/RGB/Track1-RGB/JAX_280_025_RGB.tif,data/dfc2019/raw/Truth/Track1-Truth/JAX_280_025_AGL.tif,16.160999298095703,27.669002532958984
OMA_367_029,OMA,data/dfc2019/raw/RGB/Track1-RGB/OMA_367_029_RGB.tif,data/dfc2019/raw/Truth/Track1-Truth/OMA_367_029_AGL.tif,10.158618927001953,19.8380184173584
OMA_342_026,OMA,data/dfc2019/raw/RGB/Track1-RGB/OMA_342_026_RGB.tif,data/dfc2019/raw/Truth/Track1-Truth/OMA_342_026_AGL.tif,11.539706230163574,25.15800666809082
JAX_207_008,JAX,data/dfc2019/raw/RGB/Track1-RGB/JAX_207_008_RGB.tif,data/dfc2019/raw/Truth/Track1-Truth/JAX_207_008_AGL.tif,15.682998657226562,30.53400230407715
OMA_258_027,OMA,data/dfc2019/raw/RGB/Track1-RGB/OMA_258_027_RGB.tif,data/dfc2019/raw/Truth/Track1-Truth/OMA_258_027_AGL.tif,6.407981872558594,35.95025634765625
JAX_359_011,JAX,data/dfc2019/raw/RGB/Track1-RGB/JAX_359_011_RGB.tif,data/dfc2019/raw/Truth/Track1-Truth/JAX_359_011_AGL.tif,19.615970611572266,34.520999908447266
JAX_264_002,JAX,data/dfc2019/raw/RGB/Track1-RGB/JAX_264_002_RGB.tif,data/dfc2019/raw/Truth/Track1-Truth/JAX_264_002_AGL.tif,13.386448860168457,45.61199951171875
OMA_181_022,OMA,data/dfc2019/raw/RGB/Track1-RGB/OMA_181_022_RGB.tif,data/dfc2019/raw/Truth/Track1-Truth/OMA_181_022_AGL.tif,0.04152430221438408,15.540538787841797
JAX_079_019,JAX,data/dfc2019/raw/RGB/Track1-RGB/JAX_079_019_RGB.tif,data/dfc2019/raw/Truth/Track1-Truth/JAX_079_019_AGL.tif,11.028387069702148,21.14699935913086
OMA_251_009,OMA,data/dfc2019/raw/RGB/Track1-RGB/OMA_251_009_RGB.tif,data/dfc2019/raw/Truth/Track1-Truth/OMA_251_009_AGL.tif,36.1944694519043,43.798606872558594
JAX_505_012,JAX,data/dfc2019/raw/RGB/Track1-RGB/JAX_505_012_RGB.tif,data/dfc2019/raw/Truth/Track1-Truth/JAX_505_012_AGL.tif,20.342775344848633,34.55999755859375
JAX_251_003,JAX,data/dfc2019/raw/RGB/Track1-RGB/JAX_251_003_RGB.tif,data/dfc2019/raw/Truth/Track1-Truth/JAX_251_003_AGL.tif,22.86849594116211,48.45000076293945
JAX_214_020,JAX,data/dfc2019/raw/RGB/Track1-RGB/JAX_214_020_RGB.tif,data/dfc2019/raw/Truth/Track1-Truth/JAX_214_020_AGL.tif,39.05952835083008,97.4469985961914
JAX_412_007,JAX,data/dfc2019/raw/RGB/Track1-RGB/JAX_412_007_RGB.tif,data/dfc2019/raw/Truth/Track1-Truth/JAX_412_007_AGL.tif,20.40557098388672,29.09400177001953
JAX_260_015,JAX,data/dfc2019/raw/RGB/Track1-RGB/JAX_260_015_RGB.tif,data/dfc2019/raw/Truth/Track1-Truth/JAX_260_015_AGL.tif,13.360319137573242,62.388999938964844
OMA_181_023,OMA,data/dfc2019/raw/RGB/Track1-RGB/OMA_181_023_RGB.tif,data/dfc2019/raw/Truth/Track1-Truth/OMA_181_023_AGL.tif,0.04065850377082825,15.452712059020996
OMA_212_036,OMA,data/dfc2019/raw/RGB/Track1-RGB/OMA_212_036_RGB.tif,data/dfc2019/raw/Truth/Track1-Truth/OMA_212_036_AGL.tif,12.202045440673828,23.244884490966797
JAX_033_002,JAX,data/dfc2019/raw/RGB/Track1-RGB/JAX_033_002_RGB.tif,data/dfc2019/raw/Truth/Track1-Truth/JAX_033_002_AGL.tif,7.668614387512207,27.224000930786133
JAX_105_021,JAX,data/dfc2019/raw/RGB/Track1-RGB/JAX_105_021_RGB.tif,data/dfc2019/raw/Truth/Track1-Truth/JAX_105_021_AGL.tif,13.320999145507812,22.256000518798828
JAX_204_009,JAX,data/dfc2019/raw/RGB/Track1-RGB/JAX_204_009_RGB.tif,data/dfc2019/raw/Truth/Track1-Truth/JAX_204_009_AGL.tif,13.594999313354492,46.552001953125
JAX_276_020,JAX,data/dfc2019/raw/RGB/Track1-RGB/JAX_276_020_RGB.tif,data/dfc2019/raw/Truth/Track1-Truth/JAX_276_020_AGL.tif,18.472000122070312,29.719999313354492
OMA_251_020,OMA,data/dfc2019/raw/RGB/Track1-RGB/OMA_251_020_RGB.tif,data/dfc2019/raw/Truth/Track1-Truth/OMA_251_020_AGL.tif,36.112548828125,43.53174591064453
OMA_084_016,OMA,data/dfc2019/raw/RGB/Track1-RGB/OMA_084_016_RGB.tif,data/dfc2019/raw/Truth/Track1-Truth/OMA_084_016_AGL.tif,13.699260711669922,33.51028060913086
OMA_221_041,OMA,data/dfc2019/raw/RGB/Track1-RGB/OMA_221_041_RGB.tif,data/dfc2019/raw/Truth/Track1-Truth/OMA_221_041_AGL.tif,14.599000930786133,35.52532958984375
OMA_225_015,OMA,data/dfc2019/raw/RGB/Track1-RGB/OMA_225_015_RGB.tif,data/dfc2019/raw/Truth/Track1-Truth/OMA_225_015_AGL.tif,9.26313591003418,20.20951271057129
OMA_292_040,OMA,data/dfc2019/raw/RGB/Track1-RGB/OMA_292_040_RGB.tif,data/dfc2019/raw/Truth/Track1-Truth/OMA_292_040_AGL.tif,24.55678939819336,42.02009582519531
JAX_280_003,JAX,data/dfc2019/raw/RGB/Track1-RGB/JAX_280_003_RGB.tif,data/dfc2019/raw/Truth/Track1-Truth/JAX_280_003_AGL.tif,16.015357971191406,27.66900062561035
JAX_314_008,JAX,data/dfc2019/raw/RGB/Track1-RGB/JAX_314_008_RGB.tif,data/dfc2019/raw/Truth/Track1-Truth/JAX_314_008_AGL.tif,16.483081817626953,29.2239990234375
OMA_391_014,OMA,data/dfc2019/raw/RGB/Track1-RGB/OMA_391_014_RGB.tif,data/dfc2019/raw/Truth/Track1-Truth/OMA_391_014_AGL.tif,6.613510608673096,24.502161026000977
JAX_164_009,JAX,data/dfc2019/raw/RGB/Track1-RGB/JAX_164_009_RGB.tif,data/dfc2019/raw/Truth/Track1-Truth/JAX_164_009_AGL.tif,37.18698501586914,109.74500274658203
JAX_118_013,JAX,data/dfc2019/raw/RGB/Track1-RGB/JAX_118_013_RGB.tif,data/dfc2019/raw/Truth/Track1-Truth/JAX_118_013_AGL.tif,11.721561431884766,22.40500259399414
OMA_172_043,OMA,data/dfc2019/raw/RGB/Track1-RGB/OMA_172_043_RGB.tif,data/dfc2019/raw/Truth/Track1-Truth/OMA_172_043_AGL.tif,7.100033760070801,19.625083923339844
OMA_389_023,OMA,data/dfc2019/raw/RGB/Track1-RGB/OMA_389_023_RGB.tif,data/dfc2019/raw/Truth/Track1-Truth/OMA_389_023_AGL.tif,6.692077159881592,26.394804000854492
JAX_122_018,JAX,data/dfc2019/raw/RGB/Track1-RGB/JAX_122_018_RGB.tif,data/dfc2019/raw/Truth/Track1-Truth/JAX_122_018_AGL.tif,11.03588581085205,43.36448669433594
JAX_113_019,JAX,data/dfc2019/raw/RGB/Track1-RGB/JAX_113_019_RGB.tif,data/dfc2019/raw/Truth/Track1-Truth/JAX_113_019_AGL.tif,10.393810272216797,36.448001861572266
OMA_230_031,OMA,data/dfc2019/raw/RGB/Track1-RGB/OMA_230_031_RGB.tif,data/dfc2019/raw/Truth/Track1-Truth/OMA_230_031_AGL.tif,7.416292190551758,42.14849090576172
JAX_416_013,JAX,data/dfc2019/raw/RGB/Track1-RGB/JAX_416_013_RGB.tif,data/dfc2019/raw/Truth/Track1-Truth/JAX_416_013_AGL.tif,9.690999984741211,23.347000122070312
OMA_144_009,OMA,data/dfc2019/raw/RGB/Track1-RGB/OMA_144_009_RGB.tif,data/dfc2019/raw/Truth/Track1-Truth/OMA_144_009_AGL.tif,0.04627351462841034,0.9675015807151794
OMA_332_015,OMA,data/dfc2019/raw/RGB/Track1-RGB/OMA_332_015_RGB.tif,data/dfc2019/raw/Truth/Track1-Truth/OMA_332_015_AGL.tif,7.655620574951172,52.60919952392578
JAX_028_001,JAX,data/dfc2019/raw/RGB/Track1-RGB/JAX_028_001_RGB.tif,data/dfc2019/raw/Truth/Track1-Truth/JAX_028_001_AGL.tif,14.613727569580078,21.897998809814453
OMA_198_001,OMA,data/dfc2019/raw/RGB/Track1-RGB/OMA_198_001_RGB.tif,data/dfc2019/raw/Truth/Track1-Truth/OMA_198_001_AGL.tif,11.532538414001465,26.976646423339844
OMA_144_039,OMA,data/dfc2019/raw/RGB/Track1-RGB/OMA_144_039_RGB.tif,data/dfc2019/raw/Truth/Track1-Truth/OMA_144_039_AGL.tif,0.04570966958999634,0.9722226858139038
JAX_269_016,JAX,data/dfc2019/raw/RGB/Track1-RGB/JAX_269_016_RGB.tif,data/dfc2019/raw/Truth/Track1-Truth/JAX_269_016_AGL.tif,15.362393379211426,33.61399841308594
OMA_225_030,OMA,data/dfc2019/raw/RGB/Track1-RGB/OMA_225_030_RGB.tif,data/dfc2019/raw/Truth/Track1-Truth/OMA_225_030_AGL.tif,9.673918724060059,20.153581619262695
JAX_559_009,JAX,data/dfc2019/raw/RGB/Track1-RGB/JAX_559_009_RGB.tif,data/dfc2019/raw/Truth/Track1-Truth/JAX_559_009_AGL.tif,21.59288215637207,33.13600158691406
OMA_331_041,OMA,data/dfc2019/raw/RGB/Track1-RGB/OMA_331_041_RGB.tif,data/dfc2019/raw/Truth/Track1-Truth/OMA_331_041_AGL.tif,11.366360664367676,20.918989181518555
JAX_505_026,JAX,data/dfc2019/raw/RGB/Track1-RGB/JAX_505_026_RGB.tif,data/dfc2019/raw/Truth/Track1-Truth/JAX_505_026_AGL.tif,21.63241195678711,34.560001373291016
OMA_331_013,OMA,data/dfc2019/raw/RGB/Track1-RGB/OMA_331_013_RGB.tif,data/dfc2019/raw/Truth/Track1-Truth/OMA_331_013_AGL.tif,11.29811954498291,21.216611862182617
JAX_559_001,JAX,data/dfc2019/raw/RGB/Track1-RGB/JAX_559_001_RGB.tif,data/dfc2019/raw/Truth/Track1-Truth/JAX_559_001_AGL.tif,21.27623176574707,33.1359977722168
JAX_149_007,JAX,data/dfc2019/raw/RGB/Track1-RGB/JAX_149_007_RGB.tif,data/dfc2019/raw/Truth/Track1-Truth/JAX_149_007_AGL.tif,17.561527252197266,27.025001525878906
JAX_070_019,JAX,data/dfc2019/raw/RGB/Track1-RGB/JAX_070_019_RGB.tif,data/dfc2019/raw/Truth/Track1-Truth/JAX_070_019_AGL.tif,13.979000091552734,45.064002990722656
JAX_161_004,JAX,data/dfc2019/raw/RGB/Track1-RGB/JAX_161_004_RGB.tif,data/dfc2019/raw/Truth/Track1-Truth/JAX_161_004_AGL.tif,9.322678565979004,45.86699676513672
OMA_163_019,OMA,data/dfc2019/raw/RGB/Track1-RGB/OMA_163_019_RGB.tif,data/dfc2019/raw/Truth/Track1-Truth/OMA_163_019_AGL.tif,9.241512298583984,29.57958221435547
JAX_166_009,JAX,data/dfc2019/raw/RGB/Track1-RGB/JAX_166_009_RGB.tif,data/dfc2019/raw/Truth/Track1-Truth/JAX_166_009_AGL.tif,48.57177734375,89.37200164794922
OMA_376_003,OMA,data/dfc2019/raw/RGB/Track1-RGB/OMA_376_003_RGB.tif,data/dfc2019/raw/Truth/Track1-Truth/OMA_376_003_AGL.tif,4.76890230178833,29.94574546813965
JAX_474_002,JAX,data/dfc2019/raw/RGB/Track1-RGB/JAX_474_002_RGB.tif,data/dfc2019/raw/Truth/Track1-Truth/JAX_474_002_AGL.tif,9.41229248046875,26.909000396728516
OMA_225_010,OMA,data/dfc2019/raw/RGB/Track1-RGB/OMA_225_010_RGB.tif,data/dfc2019/raw/Truth/Track1-Truth/OMA_225_010_AGL.tif,9.287513732910156,20.27157211303711
JAX_178_006,JAX,data/dfc2019/raw/RGB/Track1-RGB/JAX_178_006_RGB.tif,data/dfc2019/raw/Truth/Track1-Truth/JAX_178_006_AGL.tif,14.927000045776367,32.720001220703125
OMA_198_038,OMA,data/dfc2019/raw/RGB/Track1-RGB/OMA_198_038_RGB.tif,data/dfc2019/raw/Truth/Track1-Truth/OMA_198_038_AGL.tif,11.22427749633789,23.044504165649414
OMA_288_026,OMA,data/dfc2019/raw/RGB/Track1-RGB/OMA_288_026_RGB.tif,data/dfc2019/raw/Truth/Track1-Truth/OMA_288_026_AGL.tif,31.58770751953125,89.46336364746094
JAX_166_005,JAX,data/dfc2019/raw/RGB/Track1-RGB/JAX_166_005_RGB.tif,data/dfc2019/raw/Truth/Track1-Truth/JAX_166_005_AGL.tif,50.02963638305664,91.32300567626953
OMA_163_012,OMA,data/dfc2019/raw/RGB/Track1-RGB/OMA_163_012_RGB.tif,data/dfc2019/raw/Truth/Track1-Truth/OMA_163_012_AGL.tif,9.198101043701172,29.69536018371582
OMA_142_002,OMA,data/dfc2019/raw/RGB/Track1-RGB/OMA_142_002_RGB.tif,data/dfc2019/raw/Truth/Track1-Truth/OMA_142_002_AGL.tif,0.02192460000514984,2.0196893215179443
JAX_118_020,JAX,data/dfc2019/raw/RGB/Track1-RGB/JAX_118_020_RGB.tif,data/dfc2019/raw/Truth/Track1-Truth/JAX_118_020_AGL.tif,11.797521591186523,22.405000686645508
OMA_225_018,OMA,data/dfc2019/raw/RGB/Track1-RGB/OMA_225_018_RGB.tif,data/dfc2019/raw/Truth/Track1-Truth/OMA_225_018_AGL.tif,9.639300346374512,20.149202346801758
OMA_026_029,OMA,data/dfc2019/raw/RGB/Track1-RGB/OMA_026_029_RGB.tif,data/dfc2019/raw/Truth/Track1-Truth/OMA_026_029_AGL.tif,14.101551055908203,32.16345977783203
OMA_132_027,OMA,data/dfc2019/raw/RGB/Track1-RGB/OMA_132_027_RGB.tif,data/dfc2019/raw/Truth/Track1-Truth/OMA_132_027_AGL.tif,7.344977855682373,20.13531494140625
JAX_017_011,JAX,data/dfc2019/raw/RGB/Track1-RGB/JAX_017_011_RGB.tif,data/dfc2019/raw/Truth/Track1-Truth/JAX_017_011_AGL.tif,14.851106643676758,24.230998992919922
JAX_280_006,JAX,data/dfc2019/raw/RGB/Track1-RGB/JAX_280_006_RGB.tif,data/dfc2019/raw/Truth/Track1-Truth/JAX_280_006_AGL.tif,16.084999084472656,27.66900062561035
JAX_167_016,JAX,data/dfc2019/raw/RGB/Track1-RGB/JAX_167_016_RGB.tif,data/dfc2019/raw/Truth/Track1-Truth/JAX_167_016_AGL.tif,86.63768768310547,166.1429901123047
OMA_374_014,OMA,data/dfc2019/raw/RGB/Track1-RGB/OMA_374_014_RGB.tif,data/dfc2019/raw/Truth/Track1-Truth/OMA_374_014_AGL.tif,15.4783935546875,32.591156005859375
OMA_381_028,OMA,data/dfc2019/raw/RGB/Track1-RGB/OMA_381_028_RGB.tif,data/dfc2019/raw/Truth/Track1-Truth/OMA_381_028_AGL.tif,4.26138973236084,25.17568588256836
JAX_416_012,JAX,data/dfc2019/raw/RGB/Track1-RGB/JAX_416_012_RGB.tif,data/dfc2019/raw/Truth/Track1-Truth/JAX_416_012_AGL.tif,9.680000305175781,23.347002029418945
OMA_288_015,OMA,data/dfc2019/raw/RGB/Track1-RGB/OMA_288_015_RGB.tif,data/dfc2019/raw/Truth/Track1-Truth/OMA_288_015_AGL.tif,31.808305740356445,98.68638610839844
JAX_161_006,JAX,data/dfc2019/raw/RGB/Track1-RGB/JAX_161_006_RGB.tif,data/dfc2019/raw/Truth/Track1-Truth/JAX_161_006_AGL.tif,9.39228343963623,45.86699676513672
OMA_376_006,OMA,data/dfc2019/raw/RGB/Track1-RGB/OMA_376_006_RGB.tif,data/dfc2019/raw/Truth/Track1-Truth/OMA_376_006_AGL.tif,5.405738830566406,29.984914779663086
JAX_224_003,JAX,data/dfc2019/raw/RGB/Track1-RGB/JAX_224_003_RGB.tif,data/dfc2019/raw/Truth/Track1-Truth/JAX_224_003_AGL.tif,15.736811637878418,74.53700256347656
JAX_118_003,JAX,data/dfc2019/raw/RGB/Track1-RGB/JAX_118_003_RGB.tif,data/dfc2019/raw/Truth/Track1-Truth/JAX_118_003_AGL.tif,11.83743953704834,22.40500259399414
OMA_225_032,OMA,data/dfc2019/raw/RGB/Track1-RGB/OMA_225_032_RGB.tif,data/dfc2019/raw/Truth/Track1-Truth/OMA_225_032_AGL.tif,9.711763381958008,21.694562911987305
OMA_042_035,OMA,data/dfc2019/raw/RGB/Track1-RGB/OMA_042_035_RGB.tif,data/dfc2019/raw/Truth/Track1-Truth/OMA_042_035_AGL.tif,12.31317138671875,25.017044067382812
JAX_156_025,JAX,data/dfc2019/raw/RGB/Track1-RGB/JAX_156_025_RGB.tif,data/dfc2019/raw/Truth/Track1-Truth/JAX_156_025_AGL.tif,8.90291976928711,15.687999725341797
JAX_070_005,JAX,data/dfc2019/raw/RGB/Track1-RGB/JAX_070_005_RGB.tif,data/dfc2019/raw/Truth/Track1-Truth/JAX_070_005_AGL.tif,14.258642196655273,45.064002990722656
OMA_389_010,OMA,data/dfc2019/raw/RGB/Track1-RGB/OMA_389_010_RGB.tif,data/dfc2019/raw/Truth/Track1-Truth/OMA_389_010_AGL.tif,6.428170204162598,26.209009170532227
OMA_287_006,OMA,data/dfc2019/raw/RGB/Track1-RGB/OMA_287_006_RGB.tif,data/dfc2019/raw/Truth/Track1-Truth/OMA_287_006_AGL.tif,16.919063568115234,55.35367965698242
JAX_028_006,JAX,data/dfc2019/raw/RGB/Track1-RGB/JAX_028_006_RGB.tif,data/dfc2019/raw/Truth/Track1-Truth/JAX_028_006_AGL.tif,14.686073303222656,21.898000717163086
JAX_122_009,JAX,data/dfc2019/raw/RGB/Track1-RGB/JAX_122_009_RGB.tif,data/dfc2019/raw/Truth/Track1-Truth/JAX_122_009_AGL.tif,12.076420783996582,44.7660026550293
OMA_172_003,OMA,data/dfc2019/raw/RGB/Track1-RGB/OMA_172_003_RGB.tif,data/dfc2019/raw/Truth/Track1-Truth/OMA_172_003_AGL.tif,7.142666339874268,20.17101287841797
JAX_022_012,JAX,data/dfc2019/raw/RGB/Track1-RGB/JAX_022_012_RGB.tif,data/dfc2019/raw/Truth/Track1-Truth/JAX_022_012_AGL.tif,14.11371898651123,23.703001022338867
JAX_149_013,JAX,data/dfc2019/raw/RGB/Track1-RGB/JAX_149_013_RGB.tif,data/dfc2019/raw/Truth/Track1-Truth/JAX_149_013_AGL.tif,17.788999557495117,28.470998764038086
OMA_230_002,OMA,data/dfc2019/raw/RGB/Track1-RGB/OMA_230_002_RGB.tif,data/dfc2019/raw/Truth/Track1-Truth/OMA_230_002_AGL.tif,7.122069358825684,41.572933197021484
OMA_244_034,OMA,data/dfc2019/raw/RGB/Track1-RGB/OMA_244_034_RGB.tif,data/dfc2019/raw/Truth/Track1-Truth/OMA_244_034_AGL.tif,8.837550163269043,26.645307540893555
OMA_129_041,OMA,data/dfc2019/raw/RGB/Track1-RGB/OMA_129_041_RGB.tif,data/dfc2019/raw/Truth/Track1-Truth/OMA_129_041_AGL.tif,14.824881553649902,31.719379425048828
OMA_244_015,OMA,data/dfc2019/raw/RGB/Track1-RGB/OMA_244_015_RGB.tif,data/dfc2019/raw/Truth/Track1-Truth/OMA_244_015_AGL.tif,8.290209770202637,25.008440017700195
JAX_068_022,JAX,data/dfc2019/raw/RGB/Track1-RGB/JAX_068_022_RGB.tif,data/dfc2019/raw/Truth/Track1-Truth/JAX_068_022_AGL.tif,32.85648727416992,48.25
JAX_224_012,JAX,data/dfc2019/raw/RGB/Track1-RGB/JAX_224_012_RGB.tif,data/dfc2019/raw/Truth/Track1-Truth/JAX_224_012_AGL.tif,15.163999557495117,74.53700256347656
OMA_134_005,OMA,data/dfc2019/raw/RGB/Track1-RGB/OMA_134_005_RGB.tif,data/dfc2019/raw/Truth/Track1-Truth/OMA_134_005_AGL.tif,9.076730728149414,29.336997985839844
OMA_247_032,OMA,data/dfc2019/raw/RGB/Track1-RGB/OMA_247_032_RGB.tif,data/dfc2019/raw/Truth/Track1-Truth/OMA_247_032_AGL.tif,10.901622772216797,44.02421569824219
OMA_315_007,OMA,data/dfc2019/raw/RGB/Track1-RGB/OMA_315_007_RGB.tif,data/dfc2019/raw/Truth/Track1-Truth/OMA_315_007_AGL.tif,9.877375602722168,20.69945526123047
JAX_004_019,JAX,data/dfc2019/raw/RGB/Track1-RGB/JAX_004_019_RGB.tif,data/dfc2019/raw/Truth/Track1-Truth/JAX_004_019_AGL.tif,14.876620292663574,29.41900062561035
OMA_391_034,OMA,data/dfc2019/raw/RGB/Track1-RGB/OMA_391_034_RGB.tif,data/dfc2019/raw/Truth/Track1-Truth/OMA_391_034_AGL.tif,6.51641845703125,25.918550491333008
OMA_258_036,OMA,data/dfc2019/raw/RGB/Track1-RGB/OMA_258_036_RGB.tif,data/dfc2019/raw/Truth/Track1-Truth/OMA_258_036_AGL.tif,6.413750171661377,35.6351432800293
JAX_264_019,JAX,data/dfc2019/raw/RGB/Track1-RGB/JAX_264_019_RGB.tif,data/dfc2019/raw/Truth/Track1-Truth/JAX_264_019_AGL.tif,13.388001441955566,45.61199951171875
OMA_176_015,OMA,data/dfc2019/raw/RGB/Track1-RGB/OMA_176_015_RGB.tif,data/dfc2019/raw/Truth/Track1-Truth/OMA_176_015_AGL.tif,10.838212966918945,31.69536781311035
JAX_251_001,JAX,data/dfc2019/raw/RGB/Track1-RGB/JAX_251_001_RGB.tif,data/dfc2019/raw/Truth/Track1-Truth/JAX_251_001_AGL.tif,22.76693344116211,48.45000076293945
JAX_167_006,JAX,data/dfc2019/raw/RGB/Track1-RGB/JAX_167_006_RGB.tif,data/dfc2019/raw/Truth/Track1-Truth/JAX_167_006_AGL.tif,73.37510681152344,174.82699584960938
OMA_288_040,OMA,data/dfc2019/raw/RGB/Track1-RGB/OMA_288_040_RGB.tif,data/dfc2019/raw/Truth/Track1-Truth/OMA_288_040_AGL.tif,32.13722610473633,88.42121124267578
JAX_122_012,JAX,data/dfc2019/raw/RGB/Track1-RGB/JAX_122_012_RGB.tif,data/dfc2019/raw/Truth/Track1-Truth/JAX_122_012_AGL.tif,11.752946853637695,44.76599884033203
JAX_165_018,JAX,data/dfc2019/raw/RGB/Track1-RGB/JAX_165_018_RGB.tif,data/dfc2019/raw/Truth/Track1-Truth/JAX_165_018_AGL.tif,29.87064552307129,81.45600128173828
OMA_124_023,OMA,data/dfc2019/raw/RGB/Track1-RGB/OMA_124_023_RGB.tif,data/dfc2019/raw/Truth/Track1-Truth/OMA_124_023_AGL.tif,11.537033081054688,25.514516830444336
OMA_269_005,OMA,data/dfc2019/raw/RGB/Track1-RGB/OMA_269_005_RGB.tif,data/dfc2019/raw/Truth/Track1-Truth/OMA_269_005_AGL.tif,7.797740459442139,26.475181579589844
OMA_269_028,OMA,data/dfc2019/raw/RGB/Track1-RGB/OMA_269_028_RGB.tif,data/dfc2019/raw/Truth/Track1-Truth/OMA_269_028_AGL.tif,8.664104461669922,25.446632385253906
JAX_118_018,JAX,data/dfc2019/raw/RGB/Track1-RGB/JAX_118_018_RGB.tif,data/dfc2019/raw/Truth/Track1-Truth/JAX_118_018_AGL.tif,11.98388671875,22.405000686645508
JAX_118_005,JAX,data/dfc2019/raw/RGB/Track1-RGB/JAX_118_005_RGB.tif,data/dfc2019/raw/Truth/Track1-Truth/JAX_118_005_AGL.tif,11.838494300842285,22.405000686645508
OMA_367_006,OMA,data/dfc2019/raw/RGB/Track1-RGB/OMA_367_006_RGB.tif,data/dfc2019/raw/Truth/Track1-Truth/OMA_367_006_AGL.tif,10.365108489990234,20.042160034179688
OMA_248_040,OMA,data/dfc2019/raw/RGB/Track1-RGB/OMA_248_040_RGB.tif,data/dfc2019/raw/Truth/Track1-Truth/OMA_248_040_AGL.tif,18.597145080566406,39.61583709716797
JAX_359_005,JAX,data/dfc2019/raw/RGB/Track1-RGB/JAX_359_005_RGB.tif,data/dfc2019/raw/Truth/Track1-Truth/JAX_359_005_AGL.tif,19.966001510620117,34.520999908447266
JAX_164_010,JAX,data/dfc2019/raw/RGB/Track1-RGB/JAX_164_010_RGB.tif,data/dfc2019/raw/Truth/Track1-Truth/JAX_164_010_AGL.tif,34.764129638671875,109.7449951171875
OMA_329_008,OMA,data/dfc2019/raw/RGB/Track1-RGB/OMA_329_008_RGB.tif,data/dfc2019/raw/Truth/Track1-Truth/OMA_329_008_AGL.tif,10.276863098144531,32.80083465576172
JAX_168_016,JAX,data/dfc2019/raw/RGB/Track1-RGB/JAX_168_016_RGB.tif,data/dfc2019/raw/Truth/Track1-Truth/JAX_168_016_AGL.tif,11.536328315734863,61.573001861572266
JAX_505_020,JAX,data/dfc2019/raw/RGB/Track1-RGB/JAX_505_020_RGB.tif,data/dfc2019/raw/Truth/Track1-Truth/JAX_505_020_AGL.tif,21.644241333007812,34.55999755859375
OMA_269_004,OMA,data/dfc2019/raw/RGB/Track1-RGB/OMA_269_004_RGB.tif,data/dfc2019/raw/Truth/Track1-Truth/OMA_269_004_AGL.tif,8.055211067199707,26.126237869262695
JAX_166_013,JAX,data/dfc2019/raw/RGB/Track1-RGB/JAX_166_013_RGB.tif,data/dfc2019/raw/Truth/Track1-Truth/JAX_166_013_AGL.tif,49.47255325317383,89.37199401855469
OMA_225_017,OMA,data/dfc2019/raw/RGB/Track1-RGB/OMA_225_017_RGB.tif,data/dfc2019/raw/Truth/Track1-Truth/OMA_225_017_AGL.tif,9.695396423339844,20.250795364379883
JAX_018_015,JAX,data/dfc2019/raw/RGB/Track1-RGB/JAX_018_015_RGB.tif,data/dfc2019/raw/Truth/Track1-Truth/JAX_018_015_AGL.tif,13.59615421295166,25.293001174926758
OMA_124_008,OMA,data/dfc2019/raw/RGB/Track1-RGB/OMA_124_008_RGB.tif,data/dfc2019/raw/Truth/Track1-Truth/OMA_124_008_AGL.tif,10.811939239501953,25.240121841430664
JAX_179_014,JAX,data/dfc2019/raw/RGB/Track1-RGB/JAX_179_014_RGB.tif,data/dfc2019/raw/Truth/Track1-Truth/JAX_179_014_AGL.tif,37.5127067565918,77.91600036621094
OMA_212_037,OMA,data/dfc2019/raw/RGB/Track1-RGB/OMA_212_037_RGB.tif,data/dfc2019/raw/Truth/Track1-Truth/OMA_212_037_AGL.tif,11.989279747009277,22.28449821472168
OMA_353_028,OMA,data/dfc2019/raw/RGB/Track1-RGB/OMA_353_028_RGB.tif,data/dfc2019/raw/Truth/Track1-Truth/OMA_353_028_AGL.tif,9.44513988494873,28.56528091430664
OMA_342_038,OMA,data/dfc2019/raw/RGB/Track1-RGB/OMA_342_038_RGB.tif,data/dfc2019/raw/Truth/Track1-Truth/OMA_342_038_AGL.tif,11.570043563842773,25.092025756835938
OMA_367_021,OMA,data/dfc2019/raw/RGB/Track1-RGB/OMA_367_021_RGB.tif,data/dfc2019/raw/Truth/Track1-Truth/OMA_367_021_AGL.tif,10.422733306884766,20.057401657104492
JAX_175_004,JAX,data/dfc2019/raw/RGB/Track1-RGB/JAX_175_004_RGB.tif,data/dfc2019/raw/Truth/Track1-Truth/JAX_175_004_AGL.tif,19.797861099243164,59.88999938964844
JAX_314_010,JAX,data/dfc2019/raw/RGB/Track1-RGB/JAX_314_010_RGB.tif,data/dfc2019/raw/Truth/Track1-Truth/JAX_314_010_AGL.tif,17.100534439086914,33.4904899597168
JAX_159_002,JAX,data/dfc2019/raw/RGB/Track1-RGB/JAX_159_002_RGB.tif,data/dfc2019/raw/Truth/Track1-Truth/JAX_159_002_AGL.tif,12.163000106811523,37.19900131225586
JAX_028_011,JAX,data/dfc2019/raw/RGB/Track1-RGB/JAX_028_011_RGB.tif,data/dfc2019/raw/Truth/Track1-Truth/JAX_028_011_AGL.tif,14.694000244140625,21.897998809814453
OMA_132_006,OMA,data/dfc2019/raw/RGB/Track1-RGB/OMA_132_006_RGB.tif,data/dfc2019/raw/Truth/Track1-Truth/OMA_132_006_AGL.tif,7.607326030731201,20.69145965576172
JAX_505_002,JAX,data/dfc2019/raw/RGB/Track1-RGB/JAX_505_002_RGB.tif,data/dfc2019/raw/Truth/Track1-Truth/JAX_505_002_AGL.tif,20.184999465942383,34.560001373291016
JAX_359_014,JAX,data/dfc2019/raw/RGB/Track1-RGB/JAX_359_014_RGB.tif,data/dfc2019/raw/Truth/Track1-Truth/JAX_359_014_AGL.tif,20.00129508972168,34.52099609375
OMA_342_018,OMA,data/dfc2019/raw/RGB/Track1-RGB/OMA_342_018_RGB.tif,data/dfc2019/raw/Truth/Track1-Truth/OMA_342_018_AGL.tif,11.525857925415039,25.037506103515625
OMA_355_011,OMA,data/dfc2019/raw/RGB/Track1-RGB/OMA_355_011_RGB.tif,data/dfc2019/raw/Truth/Track1-Truth/OMA_355_011_AGL.tif,9.607736587524414,24.679712295532227
JAX_467_006,JAX,data/dfc2019/raw/RGB/Track1-RGB/JAX_467_006_RGB.tif,data/dfc2019/raw/Truth/Track1-Truth/JAX_467_006_AGL.tif,18.48499870300293,28.21500015258789
JAX_031_020,JAX,data/dfc2019/raw/RGB/Track1-RGB/JAX_031_020_RGB.tif,data/dfc2019/raw/Truth/Track1-Truth/JAX_031_020_AGL.tif,15.820898056030273,24.450000762939453
JAX_070_020,JAX,data/dfc2019/raw/RGB/Track1-RGB/JAX_070_020_RGB.tif,data/dfc2019/raw/Truth/Track1-Truth/JAX_070_020_AGL.tif,14.439384460449219,45.064002990722656
JAX_214_014,JAX,data/dfc2019/raw/RGB/Track1-RGB/JAX_214_014_RGB.tif,data/dfc2019/raw/Truth/Track1-Truth/JAX_214_014_AGL.tif,39.71885299682617,97.44700622558594
OMA_331_036,OMA,data/dfc2019/raw/RGB/Track1-RGB/OMA_331_036_RGB.tif,data/dfc2019/raw/Truth/Track1-Truth/OMA_331_036_AGL.tif,11.123393058776855,21.527971267700195
OMA_212_002,OMA,data/dfc2019/raw/RGB/Track1-RGB/OMA_212_002_RGB.tif,data/dfc2019/raw/Truth/Track1-Truth/OMA_212_002_AGL.tif,12.03826904296875,22.84139060974121
JAX_105_014,JAX,data/dfc2019/raw/RGB/Track1-RGB/JAX_105_014_RGB.tif,data/dfc2019/raw/Truth/Track1-Truth/JAX_105_014_AGL.tif,12.889625549316406,22.256000518798828
JAX_264_025,JAX,data/dfc2019/raw/RGB/Track1-RGB/JAX_264_025_RGB.tif,data/dfc2019/raw/Truth/Track1-Truth/JAX_264_025_AGL.tif,13.368999481201172,45.61199951171875
OMA_342_017,OMA,data/dfc2019/raw/RGB/Track1-RGB/OMA_342_017_RGB.tif,data/dfc2019/raw/Truth/Track1-Truth/OMA_342_017_AGL.tif,11.474185943603516,24.926483154296875
OMA_221_020,OMA,data/dfc2019/raw/RGB/Track1-RGB/OMA_221_020_RGB.tif,data/dfc2019/raw/Truth/Track1-Truth/OMA_221_020_AGL.tif,14.568283081054688,35.62419891357422
OMA_329_001,OMA,data/dfc2019/raw/RGB/Track1-RGB/OMA_329_001_RGB.tif,data/dfc2019/raw/Truth/Track1-Truth/OMA_329_001_AGL.tif,10.585542678833008,33.110191345214844
OMA_364_019,OMA,data/dfc2019/raw/RGB/Track1-RGB/OMA_364_019_RGB.tif,data/dfc2019/raw/Truth/Track1-Truth/OMA_364_019_AGL.tif,10.597763061523438,27.076759338378906
JAX_236_020,JAX,data/dfc2019/raw/RGB/Track1-RGB/JAX_236_020_RGB.tif,data/dfc2019/raw/Truth/Track1-Truth/JAX_236_020_AGL.tif,14.607319831848145,30.19000244140625
JAX_204_007,JAX,data/dfc2019/raw/RGB/Track1-RGB/JAX_204_007_RGB.tif,data/dfc2019/raw/Truth/Track1-Truth/JAX_204_007_AGL.tif,12.458000183105469,46.552001953125
OMA_124_021,OMA,data/dfc2019/raw/RGB/Track1-RGB/OMA_124_021_RGB.tif,data/dfc2019/raw/Truth/Track1-Truth/OMA_124_021_AGL.tif,11.708986282348633,25.550939559936523
JAX_175_006,JAX,data/dfc2019/raw/RGB/Track1-RGB/JAX_175_006_RGB.tif,data/dfc2019/raw/Truth/Track1-Truth/JAX_175_006_AGL.tif,19.74856185913086,59.88999938964844
OMA_389_041,OMA,data/dfc2019/raw/RGB/Track1-RGB/OMA_389_041_RGB.tif,data/dfc2019/raw/Truth/Track1-Truth/OMA_389_041_AGL.tif,6.770310878753662,26.10264015197754
JAX_207_019,JAX,data/dfc2019/raw/RGB/Track1-RGB/JAX_207_019_RGB.tif,data/dfc2019/raw/Truth/Track1-Truth/JAX_207_019_AGL.tif,15.80105209350586,30.53400421142578
JAX_175_001,JAX,data/dfc2019/raw/RGB/Track1-RGB/JAX_175_001_RGB.tif,data/dfc2019/raw/Truth/Track1-Truth/JAX_175_001_AGL.tif,20.140949249267578,59.88999938964844
JAX_427_026,JAX,data/dfc2019/raw/RGB/Track1-RGB/JAX_427_026_RGB.tif,data/dfc2019/raw/Truth/Track1-Truth/JAX_427_026_AGL.tif,18.857030868530273,29.04400062561035
JAX_117_001,JAX,data/dfc2019/raw/RGB/Track1-RGB/JAX_117_001_RGB.tif,data/dfc2019/raw/Truth/Track1-Truth/JAX_117_001_AGL.tif,14.038000106811523,21.81800079345703
JAX_207_012,JAX,data/dfc2019/raw/RGB/Track1-RGB/JAX_207_012_RGB.tif,data/dfc2019/raw/Truth/Track1-Truth/JAX_207_012_AGL.tif,15.684374809265137,30.53400421142578
OMA_287_029,OMA,data/dfc2019/raw/RGB/Track1-RGB/OMA_287_029_RGB.tif,data/dfc2019/raw/Truth/Track1-Truth/OMA_287_029_AGL.tif,16.975927352905273,55.4031982421875
OMA_383_028,OMA,data/dfc2019/raw/RGB/Track1-RGB/OMA_383_028_RGB.tif,data/dfc2019/raw/Truth/Track1-Truth/OMA_383_028_AGL.tif,11.125273704528809,20.285518646240234
OMA_211_017,OMA,data/dfc2019/raw/RGB/Track1-RGB/OMA_211_017_RGB.tif,data/dfc2019/raw/Truth/Track1-Truth/OMA_211_017_AGL.tif,7.0450544357299805,34.29196548461914
JAX_164_007,JAX,data/dfc2019/raw/RGB/Track1-RGB/JAX_164_007_RGB.tif,data/dfc2019/raw/Truth/Track1-Truth/JAX_164_007_AGL.tif,37.84409713745117,109.74501037597656
OMA_269_042,OMA,data/dfc2019/raw/RGB/Track1-RGB/OMA_269_042_RGB.tif,data/dfc2019/raw/Truth/Track1-Truth/OMA_269_042_AGL.tif,7.498478412628174,25.752599716186523
OMA_389_008,OMA,data/dfc2019/raw/RGB/Track1-RGB/OMA_389_008_RGB.tif,data/dfc2019/raw/Truth/Track1-Truth/OMA_389_008_AGL.tif,6.442727565765381,24.771657943725586
JAX_017_001,JAX,data/dfc2019/raw/RGB/Track1-RGB/JAX_017_001_RGB.tif,data/dfc2019/raw/Truth/Track1-Truth/JAX_017_001_AGL.tif,14.781367301940918,24.230998992919922
JAX_178_015,JAX,data/dfc2019/raw/RGB/Track1-RGB/JAX_178_015_RGB.tif,data/dfc2019/raw/Truth/Track1-Truth/JAX_178_015_AGL.tif,14.908592224121094,41.88199996948242
OMA_251_011,OMA,data/dfc2019/raw/RGB/Track1-RGB/OMA_251_011_RGB.tif,data/dfc2019/raw/Truth/Track1-Truth/OMA_251_011_AGL.tif,36.32793426513672,43.48799133300781
OMA_211_031,OMA,data/dfc2019/raw/RGB/Track1-RGB/OMA_211_031_RGB.tif,data/dfc2019/raw/Truth/Track1-Truth/OMA_211_031_AGL.tif,7.378636837005615,30.57520866394043
OMA_251_038,OMA,data/dfc2019/raw/RGB/Track1-RGB/OMA_251_038_RGB.tif,data/dfc2019/raw/Truth/Track1-Truth/OMA_251_038_AGL.tif,36.57807159423828,43.41883087158203
OMA_084_009,OMA,data/dfc2019/raw/RGB/Track1-RGB/OMA_084_009_RGB.tif,data/dfc2019/raw/Truth/Track1-Truth/OMA_084_009_AGL.tif,13.905535697937012,33.36252212524414
JAX_559_016,JAX,data/dfc2019/raw/RGB/Track1-RGB/JAX_559_016_RGB.tif,data/dfc2019/raw/Truth/Track1-Truth/JAX_559_016_AGL.tif,21.408910751342773,33.13600158691406
OMA_144_023,OMA,data/dfc2019/raw/RGB/Track1-RGB/OMA_144_023_RGB.tif,data/dfc2019/raw/Truth/Track1-Truth/OMA_144_023_AGL.tif,0.04456104338169098,1.0258713960647583
JAX_416_025,JAX,data/dfc2019/raw/RGB/Track1-RGB/JAX_416_025_RGB.tif,data/dfc2019/raw/Truth/Track1-Truth/JAX_416_025_AGL.tif,9.749192237854004,23.347000122070312
JAX_276_013,JAX,data/dfc2019/raw/RGB/Track1-RGB/JAX_276_013_RGB.tif,data/dfc2019/raw/Truth/Track1-Truth/JAX_276_013_AGL.tif,18.115503311157227,29.191999435424805
OMA_172_040,OMA,data/dfc2019/raw/RGB/Track1-RGB/OMA_172_040_RGB.tif,data/dfc2019/raw/Truth/Track1-Truth/OMA_172_040_AGL.tif,7.094781398773193,19.957422256469727
OMA_391_036,OMA,data/dfc2019/raw/RGB/Track1-RGB/OMA_391_036_RGB.tif,data/dfc2019/raw/Truth/Track1-Truth/OMA_391_036_AGL.tif,6.416133880615234,23.598613739013672
JAX_113_020,JAX,data/dfc2019/raw/RGB/Track1-RGB/JAX_113_020_RGB.tif,data/dfc2019/raw/Truth/Track1-Truth/JAX_113_020_AGL.tif,11.075423240661621,36.448001861572266
OMA_374_027,OMA,data/dfc2019/raw/RGB/Track1-RGB/OMA_374_027_RGB.tif,data/dfc2019/raw/Truth/Track1-Truth/OMA_374_027_AGL.tif,15.143168449401855,32.691680908203125
JAX_264_021,JAX,data/dfc2019/raw/RGB/Track1-RGB/JAX_264_021_RGB.tif,data/dfc2019/raw/Truth/Track1-Truth/JAX_264_021_AGL.tif,13.367219924926758,45.939998626708984
OMA_124_017,OMA,data/dfc2019/raw/RGB/Track1-RGB/OMA_124_017_RGB.tif,data/dfc2019/raw/Truth/Track1-Truth/OMA_124_017_AGL.tif,11.696799278259277,25.27789306640625
JAX_072_019,JAX,data/dfc2019/raw/RGB/Track1-RGB/JAX_072_019_RGB.tif,data/dfc2019/raw/Truth/Track1-Truth/JAX_072_019_AGL.tif,12.871760368347168,23.093002319335938
JAX_505_007,JAX,data/dfc2019/raw/RGB/Track1-RGB/JAX_505_007_RGB.tif,data/dfc2019/raw/Truth/Track1-Truth/JAX_505_007_AGL.tif,20.315399169921875,34.560001373291016
OMA_353_011,OMA,data/dfc2019/raw/RGB/Track1-RGB/OMA_353_011_RGB.tif,data/dfc2019/raw/Truth/Track1-Truth/OMA_353_011_AGL.tif,9.493497848510742,28.9642391204834
OMA_059_019,OMA,data/dfc2019/raw/RGB/Track1-RGB/OMA_059_019_RGB.tif,data/dfc2019/raw/Truth/Track1-Truth/OMA_059_019_AGL.tif,0.002699771663174033,9.188847541809082
