lat,lon,rh98,elev_lowestmode,date,sensitivity,beam,delta_time
10.77798843383789,79.799263,2.390000104904175,-90.40353393554688,2019-11-10,0.9537979960441589,5,58588888.220543
10.777571678161621,79.799572,2.4700000286102295,-90.255524,2019-11-10,0.9548730254173279,5,58588888.228807
10.772993087768555,79.802964,3.140000104904175,-89.76757049560547,2019-11-10,0.9596520066261292,5,58588888.319711
10.772160530090332,79.80358123779297,6.769999980926514,-88.754509,2019-11-10,0.958666980266571,5,58588888.336239
10.770495414733887,79.804814,6.440000057220459,-89.21187591552734,2019-11-10,0.9579979777336121,5,58588888.369295
10.762603759765625,79.820953,3.630000114440918,-89.474701,2019-11-10,0.9650189876556396,3,58588888.278392
10.762187957763672,79.821261,8.720000267028809,-93.703278,2019-11-10,0.9835669994354248,3,58588888.286656
10.762142181396484,79.828049,4.639999866485596,-93.296127,2019-11-10,0.9516270160675049,2,58588888.406484
10.761727333068848,79.828357,7.449999809265137,-91.763252,2019-11-10,0.9547759890556335,2,58588888.414748
10.761323928833008,79.811606,4.829999923706055,-90.269417,2019-11-10,0.9520890116691589,5,58588888.551103
10.760907173156738,79.811914,6.25,-90.76298522949219,2019-11-10,0.9664090275764465,5,58588888.559367
10.760489463806152,79.812224,3.440000057220459,-91.526749,2019-11-10,0.955016016960144,5,58588888.567631
10.760520935058594,79.82249450683594,4.380000114440918,-92.197647,2019-11-10,0.9580029845237732,3,58588888.319712
10.760475158691406,79.829283,4.639999866485596,-93.76166534423828,2019-11-10,0.9716119766235352,2,58588888.43954
10.759834289550781,79.805966,2.5,-91.50223541259766,2019-11-10,0.9522020220756531,6,58588888.464331
10.760058403015137,79.829592,3.2899999618530273,-93.049026,2019-11-10,0.9559059739112854,2,58588888.447804
10.75965404510498,79.812842,3.069999933242798,-91.842583,2019-11-10,0.9516940116882324,5,58588888.584159
10.759689331054688,79.823111,7.190000057220459,-91.858498,2019-11-10,0.9682679772377014,3,58588888.33624
10.759641647338867,79.829901,3.630000114440918,-92.666199,2019-11-10,0.9726259708404541,2,58588888.456068
10.759272575378418,79.823419,8.270000457763672,-91.418831,2019-11-10,0.9693800210952759,3,58588888.344504
10.759223937988281,79.83020782470703,2.5399999618530273,-93.697319,2019-11-10,0.9525589942932129,2,58588888.464332
10.758820533752441,79.813459,12.359999656677246,-96.33773040771484,2019-11-10,0.9897350072860718,5,58588888.600687
10.758856773376465,79.823728,8.380000114440918,-91.6369857788086,2019-11-10,0.9638329744338989,3,58588888.352768
10.758585929870605,79.80689239501953,13.399999618530273,-89.13912963867188,2019-11-10,0.9501010179519653,6,58588888.489123
10.758403778076172,79.813768,7.75,-90.976646,2019-11-10,0.9718970060348511,5,58588888.608951
10.758169174194336,79.807199,9.170000076293945,-85.392731,2019-11-10,0.9557499885559082,6,58588888.497387
10.757332801818848,79.807818,4.940000057220459,-86.917381,2019-11-10,0.9526780247688293,6,58588888.513915
10.757569313049316,79.814387,2.690000057220459,-88.4284439086914,2019-11-10,0.9548230171203613,5,58588888.625479
10.757150650024414,79.814696,2.990000009536743,-89.729584,2019-11-10,0.9589120149612427,5,58588888.633743
10.756733894348145,79.815005,5.159999847412109,-91.200562,2019-11-10,0.972582995891571,5,58588888.642007
10.756500244140625,79.808435,6.03000020980835,-86.748123,2019-11-10,0.9544960260391235,6,58588888.530443
10.754935264587402,79.799487,10.300000190734863,-89.106522,2019-11-10,0.9580230116844177,8,58588888.807287
10.755064964294434,79.816242,3.4000000953674316,-91.808868,2019-11-10,0.9557499885559082,5,58588888.675063
10.755105972290039,79.826505,3.9600000381469727,-91.203987,2019-11-10,0.9577869772911072,3,58588888.427144
10.754648208618164,79.8165512084961,6.440000057220459,-91.831429,2019-11-10,0.9802370071411133,5,58588888.683327
10.75451946258545,79.799796,12.170000076293945,-89.92189025878906,2019-11-10,0.9619600176811218,8,58588888.815551
10.754231452941895,79.816859,4.900000095367432,-91.58433532714844,2019-11-10,0.97748202085495,5,58588888.691591
10.754101753234863,79.800105,6.440000057220459,-85.5169448852539,2019-11-10,0.9565799832344055,8,58588888.823815
10.753995895385742,79.81028747558594,4.190000057220459,-87.62751007080078,2019-11-10,0.9597319960594177,6,58588888.580027
10.75368595123291,79.800414,10.039999961853027,-89.193642,2019-11-10,0.956063985824585,8,58588888.832079
10.753812789916992,79.817168,3.180000066757202,-88.777924,2019-11-10,0.954321026802063,5,58588888.699855
10.753578186035156,79.810599,5.949999809265137,-91.002869,2019-11-10,0.9539309740066528,6,58588888.588291
10.75326919555664,79.800723,7.599999904632568,-90.168152,2019-11-10,0.9666500091552734,8,58588888.840343
10.753396987915039,79.817477,8.3100004196167,-90.941139,2019-11-10,0.9830809831619263,5,58588888.708119
10.752853393554688,79.801031,6.889999866485596,-87.132011,2019-11-10,0.9527999758720398,8,58588888.848607
10.75298023223877,79.817786,8.539999961853027,-91.704567,2019-11-10,0.9825490117073059,5,58588888.716383
10.752434730529785,79.801341,4.679999828338623,-90.925461,2019-11-10,0.9546189904212952,8,58588888.856871
10.752561569213867,79.818096,4.53000020980835,-91.597778,2019-11-10,0.9769539833068848,5,58588888.724647
10.751909255981445,79.811835,3.0299999713897705,-88.4527359008789,2019-11-10,0.9553920030593872,6,58588888.621347
10.751727104187012,79.818714,3.2200000286102295,-91.378113,2019-11-10,0.954105019569397,5,58588888.741175
10.75149154663086,79.812144,2.5399999618530273,-88.563652,2019-11-10,0.9507780075073242,6,58588888.629611
10.751311302185059,79.819023,3.25,-89.46239471435547,2019-11-10,0.9516249895095825,5,58588888.749439
10.75118637084961,79.802267,4.269999980926514,-91.33375549316406,2019-11-10,0.9599199891090393,8,58588888.881668
10.750768661499023,79.802576,2.430000066757202,-91.602074,2019-11-10,0.9617760181427002,8,58588888.889934
10.750893592834473,79.819331,5.880000114440918,-91.91448974609375,2019-11-10,0.9664250016212463,5,58588888.757703
10.750351905822754,79.802884,2.509999990463257,-91.61775970458984,2019-11-10,0.9554529786109924,8,58588888.8982
10.750475883483887,79.819641,4.860000133514404,-92.14532470703125,2019-11-10,0.9533969759941101,5,58588888.765967
10.749520301818848,79.803502,2.390000104904175,-91.77202606201172,2019-11-10,0.9571769833564758,8,58588888.914732
10.748988151550293,79.813999,3.549999952316284,-91.69424438476562,2019-11-10,0.9844310283660889,6,58588888.679195
10.749225616455078,79.820567,4.789999961853027,-92.531005859375,2019-11-10,0.9738439917564392,5,58588888.790759
10.748808860778809,79.820876,3.2899999618530273,-89.610268,2019-11-10,0.9568660259246826,5,58588888.799023
10.748686790466309,79.804119,2.390000104904175,-91.8259048461914,2019-11-10,0.9563949704170227,8,58588888.931264
10.748393058776855,79.821184,7.670000076293945,-92.05224609375,2019-11-10,0.9627749919891357,5,58588888.807287
10.74755859375,79.821802,6.289999961853027,-91.770432,2019-11-10,0.9819930195808411,5,58588888.823815
10.746257781982422,79.799269,2.7300000190734863,-91.402039,2019-11-10,0.9679669737815857,11,58588888.861003
10.745841026306152,79.799578,2.5799999237060547,-91.885162,2019-11-10,0.9553210139274597,11,58588888.869269
10.745651245117188,79.816471,2.950000047683716,-90.193703,2019-11-10,0.9618430137634277,6,58588888.745307
10.74547004699707,79.84490203857422,5.760000228881836,-90.525978,2019-11-10,0.9519889950752258,1,58588889.055255
10.745059967041016,79.82365417480469,5.239999771118164,-91.596092,2019-11-10,0.9554259777069092,5,58588888.873402
10.74459171295166,79.800504,2.619999885559082,-92.144142,2019-11-10,0.952351987361908,11,58588888.894067
10.74417495727539,79.800813,2.359999895095825,-92.0641098022461,2019-11-10,0.9582329988479614,11,58588888.902333
10.743759155273438,79.801121,2.390000104904175,-92.197838,2019-11-10,0.9648600220680237,11,58588888.910599
10.74368953704834,79.807823,2.430000066757202,-92.80615997314453,2019-11-10,0.9547849893569946,8,58588889.030456
10.743844985961914,79.834845,2.7699999809265137,-93.947159,2019-11-10,0.953827977180481,3,58588888.650272
10.743343353271484,79.80142974853516,2.7699999809265137,-92.204788,2019-11-10,0.9586640000343323,11,58588888.918865
10.743273735046387,79.808132,5.539999961853027,-92.527138,2019-11-10,0.9630510210990906,8,58588889.038722
10.742857933044434,79.80844116210938,8.350000381469727,-92.083878,2019-11-10,0.9530799984931946,8,58588889.046988
10.74296760559082,79.846754,2.990000009536743,-93.170647,2019-11-10,0.9543470144271851,1,58588889.104847
10.742315292358398,79.818943,2.430000066757202,-92.607613,2019-11-10,0.9512990117073059,6,58588888.811419
10.742094993591309,79.802355,7.900000095367432,-92.101059,2019-11-10,0.952688992023468,11,58588888.943663
10.742024421691895,79.809058,8.569999694824219,-92.62203979492188,2019-11-10,0.953885018825531,8,58588889.06352
10.741678237915039,79.802665,3.2200000286102295,-92.499817,2019-11-10,0.9541860222816467,11,58588888.951929
10.741260528564453,79.802973,2.5,-92.845421,2019-11-10,0.9506160020828247,11,58588888.960195
10.7408447265625,79.803282,2.430000066757202,-92.942062,2019-11-10,0.9588670134544373,11,58588888.968461
10.740428924560547,79.8035888671875,3.930000066757202,-92.696342,2019-11-10,0.9628490209579468,11,58588888.976727
10.740233421325684,79.820486,2.9200000762939453,-89.409683,2019-11-10,0.9510279893875122,6,58588888.852739
10.740012168884277,79.803899,2.5,-92.653839,2019-11-10,0.9545080065727234,11,58588888.984993
10.739938735961914,79.810602,2.359999895095825,-93.297928,2019-11-10,0.9601920247077942,8,58588889.104847
10.739596366882324,79.804208,2.390000104904175,-92.639763,2019-11-10,0.9536200165748596,11,58588888.993259
10.739178657531738,79.804517,2.5399999618530273,-92.708359,2019-11-10,0.951324999332428,11,58588889.001525
10.739105224609375,79.81121826171875,2.430000066757202,-93.390572,2019-11-10,0.9590449929237366,8,58588889.121375
10.739217758178711,79.84953308105469,7.369999885559082,-93.637482,2019-11-10,0.9512739777565002,1,58588889.179223
10.738813400268555,79.828284,2.5,-93.21097564697266,2019-11-10,0.9672589898109436,5,58588888.997392
10.73879337310791,79.845344,6.590000152587891,-91.427292,2019-11-10,0.9900360107421875,2,58588888.86927
10.738801002502441,79.849838,9.25,-93.478394,2019-11-10,0.9555910229682922,1,58588889.187487
10.738346099853516,79.805134,2.5,-92.778603,2019-11-10,0.9607279896736145,11,58588889.018057
10.738568305969238,79.82171630859375,4.269999980926514,-88.636002,2019-11-10,0.9563329815864563,6,58588888.885801
10.738396644592285,79.828593,2.5,-93.061981,2019-11-10,0.9520660042762756,5,58588889.005658
10.737930297851562,79.805443,2.5799999237060547,-92.721268,2019-11-10,0.9515550136566162,11,58588889.026323
10.7377347946167,79.822337,3.3299999237060547,-90.25262451171875,2019-11-10,0.9579409956932068,6,58588888.902333
10.737966537475586,79.850455,7.449999809265137,-90.67070007324219,2019-11-10,0.9630190134048462,1,58588889.204015
10.73731803894043,79.822646,3.4800000190734863,-92.12649536132812,2019-11-10,0.9560109972953796,6,58588888.910599
10.737550735473633,79.850763,8.800000190734863,-88.33526611328125,2019-11-10,0.9687659740447998,1,58588889.212279
10.737095832824707,79.80606079101562,2.6500000953674316,-92.79924011230469,2019-11-10,0.9638360142707825,11,58588889.042855
10.737022399902344,79.812763,4.599999904632568,-92.774261,2019-11-10,0.9547200202941895,8,58588889.162695
10.73717212677002,79.839789,4.300000190734863,-93.547379,2019-11-10,0.9674829840660095,3,58588888.782496
10.737133026123047,79.851073,5.429999828338623,-89.54006958007812,2019-11-10,0.9601989984512329,1,58588889.220543
10.736680030822754,79.806369,2.5,-92.81076049804688,2019-11-10,0.9591420292854309,11,58588889.051121
10.736712455749512,79.84688568115234,11.079999923706055,-92.3335952758789,2019-11-10,0.9623399972915649,2,58588888.9106
10.73648452758789,79.823263,4.269999980926514,-92.455688,2019-11-10,0.9512709975242615,6,58588888.927131
10.736263275146484,79.806678,2.5,-92.903572,2019-11-10,0.9600589871406555,11,58588889.059387
10.736313819885254,79.830136,2.430000066757202,-94.026512,2019-11-10,0.963782012462616,5,58588889.046988
10.73634147644043,79.840404,11.380000114440918,-90.775307,2019-11-10,0.9655330181121826,3,58588888.799024
10.736068725585938,79.823572,6.329999923706055,-92.39596557617188,2019-11-10,0.9544159770011902,6,58588888.935397
10.735845565795898,79.806987,2.4700000286102295,-92.901299,2019-11-10,0.9549599885940552,11,58588889.067653
10.735877990722656,79.847504,6.619999885559082,-92.83613586425781,2019-11-10,0.9514790177345276,2,58588888.927132
10.735428810119629,79.807295,2.6500000953674316,-92.44013977050781,2019-11-10,0.9539999961853027,11,58588889.075919
10.735235214233398,79.82418823242188,2.5,-93.862587,2019-11-10,0.9588860273361206,6,58588888.951929
10.735507011413574,79.841022,10.289999961853027,-90.68507385253906,2019-11-10,0.964963972568512,3,58588888.815552
10.73501205444336,79.807604,2.4700000286102295,-92.948624,2019-11-10,0.9614650011062622,11,58588889.084185
10.734936714172363,79.814306,4.53000020980835,-93.227982,2019-11-10,0.9573280215263367,8,58588889.204015
10.734820365905762,79.824498,3.2899999618530273,-92.701431,2019-11-10,0.9517329931259155,6,58588888.960195
10.735045433044434,79.848122,4.380000114440918,-92.110641,2019-11-10,0.9694309830665588,2,58588888.943664
10.734596252441406,79.807913,2.430000066757202,-92.89210510253906,2019-11-10,0.959201991558075,11,58588889.092451
10.734519004821777,79.814614,2.6500000953674316,-93.260101,2019-11-10,0.9543359875679016,8,58588889.212279
10.734674453735352,79.841639,10.069999694824219,-90.95521545410156,2019-11-10,0.9715999960899353,3,58588888.83208
10.73417854309082,79.808222,2.430000066757202,-92.851044,2019-11-10,0.9590759873390198,11,58588889.100715
10.734103202819824,79.814923,3.740000009536743,-93.115211,2019-11-10,0.9519259929656982,8,58588889.220543
10.733986854553223,79.825115,2.6500000953674316,-93.02347564697266,2019-11-10,0.9703630208969116,6,58588888.976727
10.73376178741455,79.80853271484375,2.880000114440918,-92.724091,2019-11-10,0.9531850218772888,11,58588889.108979
10.733686447143555,79.815232,2.950000047683716,-93.284286,2019-11-10,0.9611949920654297,8,58588889.228807
10.733814239501953,79.831989,2.4700000286102295,-92.964783,2019-11-10,0.969353973865509,5,58588889.096583
10.733345985412598,79.808839,5.159999847412109,-92.82135009765625,2019-11-10,0.9504560232162476,11,58588889.117243
10.733267784118652,79.81553649902344,2.390000104904175,-93.49921417236328,2019-11-10,0.954177975654602,8,58588889.237071
10.733424186706543,79.842565,18.610001,-99.1036148071289,2019-11-10,0.9903420209884644,3,58588888.856872
10.732851028442383,79.815849,2.430000066757202,-93.555359,2019-11-10,0.9518749713897705,8,58588889.245335
10.73300838470459,79.842874,10.329999923706055,-90.890602,2019-11-10,0.960008978843689,3,58588888.865137
10.732434272766113,79.816157,2.390000104904175,-93.601837,2019-11-10,0.9547550082206726,8,58588889.253599
10.732590675354004,79.843182,9.84000015258789,-90.564873,2019-11-10,0.9636639952659607,3,58588888.873403
10.73217487335205,79.843491,9.399999618530273,-90.579559,2019-11-10,0.9571220278739929,3,58588888.881669
10.731678009033203,79.81007385253906,2.430000066757202,-92.90069580078125,2019-11-10,0.9512709975242615,11,58588889.150299
10.731759071350098,79.843799,13.699999809265137,-91.24703979492188,2019-11-10,0.9573820233345032,3,58588888.889935
10.73126220703125,79.810382,6.179999828338623,-92.766579,2019-11-10,0.9558150172233582,11,58588889.158563
10.731342315673828,79.844108,10.779999732971191,-92.05241394042969,2019-11-10,0.9618409872055054,3,58588888.898201
10.731295585632324,79.850899,3.819999933242798,-92.407288,2019-11-10,0.9525790214538574,2,58588889.018058
10.730767250061035,79.817391,2.359999895095825,-93.674171,2019-11-10,0.9592350125312805,8,58588889.286655
10.730923652648926,79.844418,5.349999904632568,-91.285728,2019-11-10,0.9564700126647949,3,58588888.906467
10.730879783630371,79.851208,5.010000228881836,-92.294273,2019-11-10,0.9738349914550781,2,58588889.026324
10.730653762817383,79.827585,2.5799999237060547,-93.699493,2019-11-10,0.9607380032539368,6,58588889.042855
10.730508804321289,79.844725,11.829999923706055,-91.059113,2019-11-10,0.9654240012168884,3,58588888.914733
10.73009204864502,79.845034,7.519999980926514,-91.6019058227539,2019-11-10,0.9740890264511108,3,58588888.922999
10.729593276977539,79.811617,2.359999895095825,-92.825653,2019-11-10,0.957584023475647,11,58588889.191619
10.729676246643066,79.845342,11.039999961853027,-90.963821,2019-11-10,0.9589790105819702,3,58588888.931265
10.729177474975586,79.811925,6.849999904632568,-92.738289,2019-11-10,0.9579179883003235,11,58588889.199883
10.72925853729248,79.845651,8.869999885559082,-92.359871,2019-11-10,0.9562600255012512,3,58588888.939531
10.72909927368164,79.818625,2.430000066757202,-93.663383,2019-11-10,0.9528279900550842,8,58588889.319711
10.728987693786621,79.828819,3.0299999713897705,-88.881569,2019-11-10,0.9581230282783508,6,58588889.075919
10.728681564331055,79.818933,2.430000066757202,-93.53709411621094,2019-11-10,0.9626929759979248,8,58588889.327975
10.727848052978516,79.81954956054688,2.390000104904175,-92.835678,2019-11-10,0.9685720205307007,8,58588889.344503
10.727977752685547,79.836309,4.449999809265137,-92.690582,2019-11-10,0.9810870289802551,5,58588889.212279
10.727431297302246,79.819859,2.390000104904175,-92.81087493896484,2019-11-10,0.9768639802932739,8,58588889.352767
10.72701358795166,79.820167,2.359999895095825,-92.641792,2019-11-10,0.9822949767112732,8,58588889.361031
10.727176666259766,79.847194,18.56999969482422,-100.93025970458984,2019-11-10,0.9795380234718323,3,58588888.980861
10.726726531982422,79.83723449707031,3.440000057220459,-91.0616455078125,2019-11-10,0.9554550051689148,5,58588889.237071
10.72625732421875,79.814085,2.4700000286102295,-93.182426,2019-11-10,0.9629279971122742,11,58588889.257731
10.726309776306152,79.837543,5.239999771118164,-92.214653,2019-11-10,0.984607994556427,5,58588889.245335
10.726344108581543,79.847812,8.649999618530273,-93.002769,2019-11-10,0.973704993724823,3,58588888.997393
10.725927352905273,79.8481216430664,8.800000190734863,-93.285919,2019-11-10,0.9584640264511108,3,58588889.005659
10.72506046295166,79.838467,9.0600004196167,-91.11273956298828,2019-11-10,0.9801120162010193,5,58588889.270127
10.724641799926758,79.83877563476562,5.429999828338623,-90.332588,2019-11-10,0.9586730003356934,5,58588889.278391
10.724172592163086,79.815627,3.630000114440918,-93.035339,2019-11-10,0.9556760191917419,11,58588889.299051
10.724225044250488,79.839084,16.479999542236328,-98.6838150024414,2019-11-10,0.9895690083503723,5,58588889.286655
10.72409725189209,79.822326,2.390000104904175,-93.66312408447266,2019-11-10,0.9625959992408752,8,58588889.418879
10.723756790161133,79.815935,7.639999866485596,-92.71446990966797,2019-11-10,0.9580119848251343,11,58588889.307315
10.723809242248535,79.839391,11.229999542236328,-89.912628,2019-11-10,0.98232102394104,5,58588889.294919
10.723679542541504,79.822634,3.7799999713897705,-93.62234497070312,2019-11-10,0.9527680277824402,8,58588889.427143
10.723339080810547,79.816244,2.430000066757202,-93.08980560302734,2019-11-10,0.9543020129203796,11,58588889.315579
10.723390579223633,79.839701,7.820000171661377,-89.93399047851562,2019-11-10,0.9648640155792236,5,58588889.303183
10.722922325134277,79.816553,2.4700000286102295,-93.06901550292969,2019-11-10,0.9554060101509094,11,58588889.323843
10.72297477722168,79.840009,10.5600004196167,-90.327438,2019-11-10,0.9565579891204834,5,58588889.311447
10.72255802154541,79.840317,11.489999771118164,-90.477783,2019-11-10,0.9866999983787537,5,58588889.319711
10.722088813781738,79.817169,8.609999656677246,-93.188904,2019-11-10,0.9594280123710632,11,58588889.340371
10.722140312194824,79.840626,6.510000228881836,-91.023399,2019-11-10,0.9519240260124207,5,58588889.327975
10.812172889709473,79.814259,3.7799999713897705,-93.024437,2020-01-10,0.9708570241928101,11,63858766.584781
10.812206268310547,79.837649,11.0,-90.478409,2020-01-10,0.9520699977874756,5,63858766.572385
10.81242847442627,79.865752,2.390000104904175,-94.127617,2020-01-10,0.9550949931144714,0,63858766.874054
10.811984062194824,79.831082,2.619999885559082,-93.193527,2020-01-10,0.9500340223312378,6,63858766.460821
10.811756134033203,79.814568,2.8399999141693115,-92.484329,2020-01-10,0.9689930081367493,11,63858766.593045
10.811653137207031,79.821286,2.4700000286102295,-92.161148,2020-01-10,0.9527320265769958,8,63858766.712873
10.811788558959961,79.837961,3.0299999713897705,-90.488312,2020-01-10,0.9538189768791199,5,63858766.580649
10.812010765075684,79.866061,2.5399999618530273,-94.30723571777344,2020-01-10,0.9538400173187256,0,63858766.88232
10.811567306518555,79.831389,4.260000228881836,-92.901413,2020-01-10,0.9645860195159912,6,63858766.469085
10.811594009399414,79.866369,2.2799999713897705,-94.039429,2020-01-10,0.9673050045967102,0,63858766.890586
10.811338424682617,79.814878,2.390000104904175,-92.923759,2020-01-10,0.9597160220146179,11,63858766.601309
10.811236381530762,79.821595,2.5,-92.203461,2020-01-10,0.958512008190155,8,63858766.721137
10.811371803283691,79.838269,3.4000000953674316,-88.94842529296875,2020-01-10,0.9622939825057983,5,63858766.588913
10.811177253723145,79.866678,2.2799999713897705,-94.053459,2020-01-10,0.9592949748039246,0,63858766.898852
10.810920715332031,79.815185546875,4.409999847412109,-92.92235565185547,2020-01-10,0.9667419791221619,11,63858766.609573
10.810955047607422,79.838575,4.900000095367432,-85.331352,2020-01-10,0.972711980342865,5,63858766.597177
10.810503959655762,79.815495,2.8399999141693115,-91.181458,2020-01-10,0.9760140180587769,11,63858766.617837
10.810761451721191,79.866986,2.200000047683716,-93.87369537353516,2020-01-10,0.9637439846992493,0,63858766.907118
10.81040096282959,79.822213,2.5799999237060547,-92.263382,2020-01-10,0.955955982208252,8,63858766.737665
10.810317039489746,79.832316,2.430000066757202,-92.93865966796875,2020-01-10,0.9555109739303589,6,63858766.493877
10.810087203979492,79.815804,4.53000020980835,-93.755348,2020-01-10,0.9772539734840393,11,63858766.626101
10.81011962890625,79.839192,12.3100004196167,-88.79664611816406,2020-01-10,0.9890390038490295,5,63858766.613705
10.80998420715332,79.822523,2.5799999237060547,-92.17863464355469,2020-01-10,0.9596959948539734,8,63858766.74593
10.809900283813477,79.832624,2.759999990463257,-93.010811,2020-01-10,0.9551270008087158,6,63858766.502141
10.80966854095459,79.816114,2.5,-93.78998565673828,2020-01-10,0.975042998790741,11,63858766.634365
10.80970287322998,79.839503,7.590000152587891,-89.65774536132812,2020-01-10,0.9562129974365234,5,63858766.621969
10.809926986694336,79.867603,2.3499999046325684,-94.00999450683594,2020-01-10,0.9583039879798889,0,63858766.92365
10.80956745147705,79.822832,2.5,-92.156342,2020-01-10,0.9525079727172852,8,63858766.754196
10.80948257446289,79.832932,4.519999980926514,-93.009773,2020-01-10,0.9649590253829956,6,63858766.510405
10.80925178527832,79.816423,2.4700000286102295,-93.751511,2020-01-10,0.9588980078697205,11,63858766.642629
10.809148788452148,79.8231430053711,5.420000076293945,-92.135468,2020-01-10,0.9586740136146545,8,63858766.762462
10.809286117553711,79.839811,11.069999694824219,-89.449043,2020-01-10,0.9631500244140625,5,63858766.630233
10.809093475341797,79.86821746826172,2.0899999141693115,-93.905212,2020-01-10,0.9654359817504883,0,63858766.940182
10.80883502960205,79.816731,2.6500000953674316,-90.110031,2020-01-10,0.9769750237464905,11,63858766.650893
10.808732032775879,79.82344818115234,2.5,-92.39142608642578,2020-01-10,0.957036018371582,8,63858766.770728
10.808868408203125,79.840121,8.119999885559082,-89.22156524658203,2020-01-10,0.9885079860687256,5,63858766.638497
10.808417320251465,79.8170394897461,5.869999885559082,-91.522247,2020-01-10,0.9705470204353333,11,63858766.659157
10.808450698852539,79.840431,8.34000015258789,-90.185501,2020-01-10,0.9564260244369507,5,63858766.646761
10.807999610900879,79.817348,9.319999694824219,-92.063293,2020-01-10,0.9657949805259705,11,63858766.667421
10.807896614074707,79.824069,2.4700000286102295,-92.587181,2020-01-10,0.9557409882545471,8,63858766.78726
10.80758285522461,79.817656,7.710000038146973,-87.538231,2020-01-10,0.9640300273895264,11,63858766.675685
10.807815551757812,79.834166,5.800000190734863,-92.29951477050781,2020-01-10,0.9820839762687683,6,63858766.543461
10.807843208312988,79.869146,2.0199999809265137,-93.923332,2020-01-10,0.9670140147209167,0,63858766.96498
10.807479858398438,79.824377,3.930000066757202,-92.505653,2020-01-10,0.9563789963722229,8,63858766.795526
10.807616233825684,79.841048,9.760000228881836,-88.700279,2020-01-10,0.9699270129203796,5,63858766.663289
10.807165145874023,79.817969,2.5799999237060547,-91.949821,2020-01-10,0.969651997089386,11,63858766.683949
10.807197570800781,79.841359,9.020000457763672,-91.62269592285156,2020-01-10,0.9559839963912964,5,63858766.671553
10.807426452636719,79.869454,2.200000047683716,-94.18465423583984,2020-01-10,0.9738410115242004,0,63858766.973245
10.807063102722168,79.824686,3.359999895095825,-91.40169525146484,2020-01-10,0.9594219923019409,8,63858766.803792
10.806982040405273,79.834781,7.929999828338623,-91.664848,2020-01-10,0.9675679802894592,6,63858766.559989
10.806748390197754,79.818274,13.890000343322754,-91.03738403320312,2020-01-10,0.958109974861145,11,63858766.692213
10.806780815124512,79.841667,10.890000343322754,-91.310287,2020-01-10,0.9900559782981873,5,63858766.679817
10.806646347045898,79.824995,4.190000057220459,-92.515694,2020-01-10,0.9548220038414001,8,63858766.812058
10.806565284729004,79.83509063720703,9.050000190734863,-91.063789,2020-01-10,0.9652559757232666,6,63858766.568253
10.806330680847168,79.818584,12.09000015258789,-91.92144012451172,2020-01-10,0.9699569940567017,11,63858766.700477
10.806364059448242,79.841976,11.859999656677246,-92.034462,2020-01-10,0.9523820281028748,5,63858766.688081
10.806591987609863,79.870071,2.200000047683716,-94.54288482666016,2020-01-10,0.9581590294837952,0,63858766.989773
10.806147575378418,79.835399,6.210000038146973,-90.243767,2020-01-10,0.9653580188751221,6,63858766.576517
10.806175231933594,79.870379,2.430000066757202,-94.109192,2020-01-10,0.9524449706077576,0,63858766.998037
10.805912971496582,79.818897,2.799999952316284,-91.99589538574219,2020-01-10,0.9649620056152344,11,63858766.708741
10.805946350097656,79.84228515625,11.819999694824219,-91.84395599365234,2020-01-10,0.9746099710464478,5,63858766.696345
10.805730819702148,79.835708,7.710000038146973,-91.365311,2020-01-10,0.9677780270576477,6,63858766.584781
10.805758476257324,79.870688,2.200000047683716,-94.141403,2020-01-10,0.9659609794616699,0,63858767.006301
10.805495262145996,79.819206,2.6500000953674316,-91.95586395263672,2020-01-10,0.9613710045814514,11,63858766.717005
10.805395126342773,79.825922,2.5799999237060547,-92.374496,2020-01-10,0.9623609781265259,8,63858766.836856
10.80507755279541,79.819516,2.5399999618530273,-92.055908,2020-01-10,0.9683160185813904,11,63858766.725269
10.805313110351562,79.83602142333984,2.7300000190734863,-92.334808,2020-01-10,0.9506649971008301,6,63858766.593045
10.805340766906738,79.870996,2.200000047683716,-94.130341,2020-01-10,0.9597539901733398,0,63858767.014565
10.804978370666504,79.826231,2.4700000286102295,-92.324532,2020-01-10,0.9511470198631287,8,63858766.845122
10.805110931396484,79.842907,6.25,-92.287872,2020-01-10,0.9864770174026489,5,63858766.712873
10.80466079711914,79.819825,2.690000057220459,-91.943748,2020-01-10,0.9626880288124084,11,63858766.733533
10.804896354675293,79.836328,4.449999809265137,-91.7303695678711,2020-01-10,0.9649230241775513,6,63858766.601309
10.804561614990234,79.826539,5.269999980926514,-92.36618041992188,2020-01-10,0.9557399749755859,8,63858766.853388
10.804478645324707,79.836635,7.409999847412109,-90.824921,2020-01-10,0.9840480089187622,6,63858766.609573
10.804694175720215,79.843214,11.369999885559082,-92.4452896118164,2020-01-10,0.9839869737625122,5,63858766.721137
10.804243087768555,79.820134,2.619999885559082,-92.079613,2020-01-10,0.9692789912223816,11,63858766.741797
10.8045072555542,79.871613,2.3499999046325684,-94.160942,2020-01-10,0.9603449702262878,0,63858767.031093
10.804144859313965,79.826847,6.400000095367432,-92.521393,2020-01-10,0.9631940126419067,8,63858766.861654
10.804061889648438,79.836943,6.46999979019165,-87.219673,2020-01-10,0.9629660248756409,6,63858766.617837
10.803826332092285,79.820443,2.5,-92.038963,2020-01-10,0.9724820256233215,11,63858766.750063
10.803858757019043,79.843835,4.599999904632568,-91.509811,2020-01-10,0.9865090250968933,5,63858766.737665
10.804089546203613,79.871921,2.390000104904175,-94.100838,2020-01-10,0.9612830281257629,0,63858767.039357
10.803728103637695,79.82715606689453,4.639999866485596,-90.825348,2020-01-10,0.9546269774436951,8,63858766.86992
10.803644180297852,79.837254,3.059999942779541,-89.043678,2020-01-10,0.9597600102424622,6,63858766.626101
10.8034086227417,79.820748,12.869999885559082,-91.793968,2020-01-10,0.9703419804573059,11,63858766.758329
10.803311347961426,79.827464,6.320000171661377,-91.12047576904297,2020-01-10,0.9665229916572571,8,63858766.878186
10.803441047668457,79.844145,2.5,-92.575287,2020-01-10,0.9664930105209351,5,63858766.74593
10.803672790527344,79.872231,2.049999952316284,-95.002823,2020-01-10,0.9514870047569275,0,63858767.047621
10.803228378295898,79.83756256103516,7.860000133514404,-87.77032470703125,2020-01-10,0.9851779937744141,6,63858766.634365
10.803256034851074,79.872539,2.0899999141693115,-94.138786,2020-01-10,0.9571390151977539,0,63858767.055885
10.802990913391113,79.821062,2.6500000953674316,-92.109421,2020-01-10,0.9668840169906616,11,63858766.766595
10.802894592285156,79.827772,6.769999980926514,-92.022072,2020-01-10,0.9540410041809082,8,63858766.886452
10.803024291992188,79.844455,2.5399999618530273,-92.662453,2020-01-10,0.9579619765281677,5,63858766.754196
10.802809715270996,79.837869,12.800000190734863,-90.597519,2020-01-10,0.9597070217132568,6,63858766.642629
10.802574157714844,79.821371,2.5,-92.11009979248047,2020-01-10,0.9512119889259338,11,63858766.774861
10.802477836608887,79.828081,3.9600000381469727,-90.226334,2020-01-10,0.964385986328125,8,63858766.894718
10.802605628967285,79.844764,2.5799999237060547,-92.69208526611328,2020-01-10,0.9510480165481567,5,63858766.762462
10.802157402038574,79.8216781616211,2.5,-92.255989,2020-01-10,0.9628440141677856,11,63858766.783127
10.802392959594727,79.838179,9.760000228881836,-90.563141,2020-01-10,0.9594650268554688,6,63858766.650893
10.802421569824219,79.873156,2.049999952316284,-94.069038,2020-01-10,0.9551990032196045,0,63858767.072413
10.802061080932617,79.8283920288086,5.389999866485596,-90.90773010253906,2020-01-10,0.9620329737663269,8,63858766.902984
10.801976203918457,79.83848571777344,14.109999656677246,-90.18915557861328,2020-01-10,0.9657829999923706,6,63858766.659157
10.802188873291016,79.845072,3.700000047683716,-91.9124755859375,2020-01-10,0.9625539779663086,5,63858766.770728
10.801739692687988,79.821989,2.990000009536743,-92.083687,2020-01-10,0.9610229730606079,11,63858766.791393
10.80200481414795,79.873464,2.0899999141693115,-94.128868,2020-01-10,0.9554259777069092,0,63858767.080677
10.801644325256348,79.828698,3.069999933242798,-88.440437,2020-01-10,0.9577850103378296,8,63858766.91125
10.801772117614746,79.845382,3.440000057220459,-92.817482,2020-01-10,0.9533060193061829,5,63858766.778994
10.801321983337402,79.822298,2.5399999618530273,-92.081978,2020-01-10,0.9629899859428406,11,63858766.799659
10.801227569580078,79.829007,2.880000114440918,-88.177071,2020-01-10,0.9672999978065491,8,63858766.919516
10.800905227661133,79.822606,4.150000095367432,-91.218941,2020-01-10,0.9714580178260803,11,63858766.807925
10.800810813903809,79.829316,3.9600000381469727,-91.56885528564453,2020-01-10,0.9547500014305115,8,63858766.927782
10.80117130279541,79.874081,2.319999933242798,-93.841721,2020-01-10,0.9582409858703613,0,63858767.097205
10.800722122192383,79.839419,2.5,-89.988167,2020-01-10,0.9574369788169861,6,63858766.683949
10.800753593444824,79.8743896484375,2.0899999141693115,-94.20466613769531,2020-01-10,0.9641519784927368,0,63858767.105469
10.800488471984863,79.822916,2.5,-91.570503,2020-01-10,0.9715949892997742,11,63858766.816191
10.800394058227539,79.829624,3.890000104904175,-89.17090606689453,2020-01-10,0.961887001991272,8,63858766.936048
10.800305366516113,79.839729,2.6500000953674316,-89.96908569335938,2020-01-10,0.9605090022087097,6,63858766.692213
10.800336837768555,79.874698,2.1700000762939453,-94.223267,2020-01-10,0.9541910290718079,0,63858767.113733
10.800070762634277,79.823225,2.7699999809265137,-91.963074,2020-01-10,0.9636340141296387,11,63858766.824457
10.800103187561035,79.846617,5.239999771118164,-92.43675994873047,2020-01-10,0.968084990978241,5,63858766.812058
10.799887657165527,79.84003448486328,10.699999809265137,-89.94577026367188,2020-01-10,0.9695829749107361,6,63858766.700477
10.799920082092285,79.875007,2.240000009536743,-94.19038391113281,2020-01-10,0.962253987789154,0,63858767.121997
10.799654006958008,79.823534,2.4700000286102295,-92.369743,2020-01-10,0.9502599835395813,11,63858766.832723
10.799686431884766,79.846923828125,8.75,-92.4850845336914,2020-01-10,0.9696140289306641,5,63858766.820324
10.799238204956055,79.823843,2.5,-92.41329956054688,2020-01-10,0.9655879735946655,11,63858766.840989
10.799469947814941,79.840347,2.4700000286102295,-90.007362,2020-01-10,0.9590439796447754,6,63858766.708741
10.799503326416016,79.875315,2.5799999237060547,-94.429352,2020-01-10,0.9585790038108826,0,63858767.130261
10.79914379119873,79.830551,2.690000057220459,-92.775482,2020-01-10,0.9532660245895386,8,63858766.960846
10.799053192138672,79.840656,2.690000057220459,-90.04290008544922,2020-01-10,0.9626489877700806,6,63858766.717005
10.79926872253418,79.847233,7.110000133514404,-92.009956,2020-01-10,0.9874119758605957,5,63858766.82859
10.798821449279785,79.824152,2.3499999046325684,-92.473083,2020-01-10,0.9593989849090576,11,63858766.849255
10.79885196685791,79.847541,8.979999542236328,-92.03165435791016,2020-01-10,0.991038978099823,5,63858766.836856
10.798727035522461,79.83085632324219,2.5,-92.6950454711914,2020-01-10,0.9581329822540283,8,63858766.969112
10.79863452911377,79.840966,2.7300000190734863,-90.516327,2020-01-10,0.9635509848594666,6,63858766.725269
10.7984037399292,79.824462890625,2.5,-92.522652,2020-01-10,0.9617230296134949,11,63858766.857521
10.79866886138916,79.875932,2.319999933242798,-94.406578,2020-01-10,0.9587739706039429,0,63858767.146789
10.7982177734375,79.841275,3.059999942779541,-90.546631,2020-01-10,0.9667350053787231,6,63858766.733533
10.79798698425293,79.824769,2.5399999618530273,-92.322441,2020-01-10,0.9612860083580017,11,63858766.865787
10.798019409179688,79.848159,8.34000015258789,-91.663963,2020-01-10,0.9912239909172058,5,63858766.853388
10.79780101776123,79.841584,2.690000057220459,-90.707497,2020-01-10,0.9620270133018494,6,63858766.741797
10.797835350036621,79.87654876708984,2.319999933242798,-94.35210418701172,2020-01-10,0.9587810039520264,0,63858767.163317
10.79757022857666,79.825077,2.6500000953674316,-91.010017,2020-01-10,0.9626139998435974,11,63858766.874053
10.797600746154785,79.84847259521484,3.9600000381469727,-92.00654602050781,2020-01-10,0.9648780226707458,5,63858766.861654
10.797417640686035,79.876858,2.200000047683716,-94.10301971435547,2020-01-10,0.9585809707641602,0,63858767.171581
10.797154426574707,79.825385,4.860000133514404,-91.91962432861328,2020-01-10,0.9691069722175598,11,63858766.882319
10.797184944152832,79.848778,3.930000066757202,-92.457916,2020-01-10,0.9691569805145264,5,63858766.86992
10.796736717224121,79.825694,3.8499999046325684,-92.295959,2020-01-10,0.9718120098114014,11,63858766.890585
10.796965599060059,79.842201,6.579999923706055,-91.008728,2020-01-10,0.9740989804267883,6,63858766.758329
10.797000885009766,79.877167,2.200000047683716,-94.881638,2020-01-10,0.9594529867172241,0,63858767.179845
10.796643257141113,79.832399,5.800000190734863,-91.882248,2020-01-10,0.9705770015716553,8,63858767.010433
10.796768188476562,79.849087,4.260000228881836,-92.699638,2020-01-10,0.9839349985122681,5,63858766.878186
10.796319961547852,79.826003,2.950000047683716,-92.352501,2020-01-10,0.9667540192604065,11,63858766.898851
10.796548843383789,79.842508,11.859999656677246,-91.406631,2020-01-10,0.9715610146522522,6,63858766.766595
10.796584129333496,79.877475,1.9800000190734863,-94.161133,2020-01-10,0.9519789814949036,0,63858767.188109
10.796225547790527,79.832707,10.59000015258789,-92.257294,2020-01-10,0.9607939720153809,8,63858767.018697
10.79613208770752,79.842816,13.920000076293945,-91.17514038085938,2020-01-10,0.9697880148887634,6,63858766.774861
10.796351432800293,79.849397,2.4700000286102295,-93.371231,2020-01-10,0.9730979800224304,5,63858766.886452
10.795903205871582,79.826311,2.880000114440918,-92.460518,2020-01-10,0.9543460011482239,11,63858766.907117
10.795933723449707,79.849705,2.5799999237060547,-93.337341,2020-01-10,0.9590749740600586,5,63858766.894718
10.796168327331543,79.877784,2.1700000762939453,-94.018433,2020-01-10,0.9599630236625671,0,63858767.196373
10.795714378356934,79.843126,11.1899995803833,-91.426392,2020-01-10,0.9654160141944885,6,63858766.783127
10.795487403869629,79.826619,4.039999961853027,-91.932877,2020-01-10,0.9647690057754517,11,63858766.915383
10.795392036437988,79.833324,10.180000305175781,-92.396667,2020-01-10,0.9598900079727173,8,63858767.035225
10.795296669006348,79.843438,4.96999979019165,-91.404388,2020-01-10,0.9676070213317871,6,63858766.791393
10.79507064819336,79.826924,13.399999618530273,-91.61931610107422,2020-01-10,0.9544309973716736,11,63858766.923649
10.795101165771484,79.850321,4.260000228881836,-92.495583,2020-01-10,0.9650070071220398,5,63858766.91125
10.795334815979004,79.878401,2.240000009536743,-94.206039,2020-01-10,0.9537889957427979,0,63858767.212901
10.794878959655762,79.843748,5.389999866485596,-92.720573,2020-01-10,0.9532650113105774,6,63858766.799659
10.794918060302734,79.878709,2.240000009536743,-94.01285552978516,2020-01-10,0.9534029960632324,0,63858767.221165
10.79465389251709,79.827232,15.270000457763672,-91.98175048828125,2020-01-10,0.9668819904327393,11,63858766.931915
10.794557571411133,79.833944,3.2899999618530273,-92.58687591552734,2020-01-10,0.9511669874191284,8,63858767.051753
10.794684410095215,79.850626,10.210000038146973,-91.697853,2020-01-10,0.9632970094680786,5,63858766.919516
10.794462203979492,79.844057,3.8499999046325684,-92.31805419921875,2020-01-10,0.9531890153884888,6,63858766.807925
10.794502258300781,79.879018,2.319999933242798,-94.21451568603516,2020-01-10,0.9641969799995422,0,63858767.229429
10.79423713684082,79.82754516601562,4.449999809265137,-91.644661,2020-01-10,0.9642490148544312,11,63858766.940181
10.79382038116455,79.82785034179688,13.0600004196167,-91.840073,2020-01-10,0.9751859903335571,11,63858766.948447
10.794045448303223,79.844364,8.079999923706055,-91.725533,2020-01-10,0.9643160104751587,6,63858766.816191
10.794084548950195,79.879327,2.390000104904175,-94.108109,2020-01-10,0.9696379899978638,0,63858767.237693
10.793402671813965,79.828162,4.0,-92.337639,2020-01-10,0.9698179960250854,11,63858766.956713
10.793627738952637,79.844674,5.349999904632568,-91.7608642578125,2020-01-10,0.9589070081710815,6,63858766.824457
10.793307304382324,79.834867,8.829999923706055,-92.07796478271484,2020-01-10,0.9589530229568481,8,63858767.076545
10.792985916137695,79.828471,3.549999952316284,-92.579842,2020-01-10,0.9713919758796692,11,63858766.964979
10.793252944946289,79.87994384765625,2.240000009536743,-94.274353,2020-01-10,0.9565410017967224,0,63858767.254221
10.792889595031738,79.83517456054688,8.979999542236328,-92.037178,2020-01-10,0.9649119973182678,8,63858767.084809
10.792794227600098,79.845291,5.5,-92.271149,2020-01-10,0.9704369902610779,6,63858766.840989
10.792569160461426,79.828779,3.5899999141693115,-92.888741,2020-01-10,0.9649819731712341,11,63858766.973245
10.792837142944336,79.880252,2.1700000762939453,-94.105911,2020-01-10,0.9557330012321472,0,63858767.262485
10.792378425598145,79.845597,12.800000190734863,-92.0177001953125,2020-01-10,0.9644399881362915,6,63858766.849255
10.792420387268066,79.880561,2.200000047683716,-94.281738,2020-01-10,0.9623690247535706,0,63858767.270749
10.792153358459473,79.829087,3.7799999713897705,-92.707367,2020-01-10,0.9659349918365479,11,63858766.981509
10.792055130004883,79.835794,3.9600000381469727,-90.035973,2020-01-10,0.9634559750556946,8,63858767.101337
10.791959762573242,79.84590911865234,2.619999885559082,-92.502617,2020-01-10,0.9591889977455139,6,63858766.857521
10.792003631591797,79.880869,2.5,-94.18544006347656,2020-01-10,0.9610339999198914,0,63858767.279013
10.791735649108887,79.829395,4.260000228881836,-92.393219,2020-01-10,0.9689189791679382,11,63858766.989773
10.791318893432617,79.829705,3.069999933242798,-93.077271,2020-01-10,0.9648990035057068,11,63858766.998037
10.791543960571289,79.846218,4.789999961853027,-92.280457,2020-01-10,0.9667760133743286,6,63858766.865787
10.791587829589844,79.881178,2.8399999141693115,-94.29877471923828,2020-01-10,0.9698119759559631,0,63858767.287277
10.790902137756348,79.830013,3.4800000190734863,-93.092422,2020-01-10,0.9664310216903687,11,63858767.006301
10.79112720489502,79.846522,12.90999984741211,-92.439529,2020-01-10,0.9599990248680115,6,63858766.874053
10.79117202758789,79.881487,2.0899999141693115,-94.162277,2020-01-10,0.9577969908714294,0,63858767.295541
10.79071044921875,79.846836,3.8499999046325684,-93.219231,2020-01-10,0.9506300091743469,6,63858766.882319
10.790485382080078,79.830322,3.3299999237060547,-93.145149,2020-01-10,0.9640420079231262,11,63858767.014565
10.790292739868164,79.847143,3.700000047683716,-93.07777404785156,2020-01-10,0.9725390076637268,6,63858766.890585
10.790067672729492,79.83062744140625,3.630000114440918,-93.09215545654297,2020-01-10,0.9606509804725647,11,63858767.022829
10.790339469909668,79.882104,2.3499999046325684,-94.821182,2020-01-10,0.9655969738960266,0,63858767.312069
10.789875984191895,79.847452,4.409999847412109,-92.93265533447266,2020-01-10,0.9686579704284668,6,63858766.898851
10.789650917053223,79.830938,3.630000114440918,-93.19923400878906,2020-01-10,0.966323971748352,11,63858767.031093
10.789552688598633,79.837647,2.390000104904175,-91.185287,2020-01-10,0.9728959798812866,8,63858767.150921
10.789922714233398,79.882413,2.390000104904175,-94.497139,2020-01-10,0.959430992603302,0,63858767.320333
10.789460182189941,79.847761,4.670000076293945,-92.75963592529297,2020-01-10,0.9638980031013489,6,63858766.907117
10.789506912231445,79.882722,2.1700000762939453,-94.14136505126953,2020-01-10,0.9535549879074097,0,63858767.328597
10.789234161376953,79.831247,3.25,-93.26070404052734,2020-01-10,0.9677209854125977,11,63858767.039357
10.789135932922363,79.837951,11.5600004196167,-90.007812,2020-01-10,0.9776999950408936,8,63858767.159185
10.789091110229492,79.8830337524414,2.319999933242798,-94.3311538696289,2020-01-10,0.9586939811706543,0,63858767.336861
10.788817405700684,79.831555,4.190000057220459,-93.24274444580078,2020-01-10,0.9643830060958862,11,63858767.047621
10.78872013092041,79.838259,15.229999542236328,-90.346313,2020-01-10,0.9573739767074585,8,63858767.167449
10.788399696350098,79.831864,3.4800000190734863,-93.10177612304688,2020-01-10,0.9663130044937134,11,63858767.055885
10.788625717163086,79.848378,3.0999999046325684,-93.10834503173828,2020-01-10,0.9593210220336914,6,63858766.923649
10.788674354553223,79.883339,2.1700000762939453,-94.183701,2020-01-10,0.9572299718856812,0,63858767.345125
10.78830337524414,79.83856964111328,6.699999809265137,-89.459579,2020-01-10,0.9747840166091919,8,63858767.175713
10.787982940673828,79.832171,6.059999942779541,-92.531891,2020-01-10,0.9724479913711548,11,63858767.064149
10.788209915161133,79.848685,5.949999809265137,-92.736923,2020-01-10,0.9658330082893372,6,63858766.931915
10.788257598876953,79.883648,2.200000047683716,-94.582993,2020-01-10,0.9620479941368103,0,63858767.353389
10.787885665893555,79.838878,6.880000114440918,-88.810226,2020-01-10,0.9650700092315674,8,63858767.183977
10.787793159484863,79.848995,4.0,-92.75629425048828,2020-01-10,0.9642339944839478,6,63858766.940181
10.787566184997559,79.83248138427734,5.610000133514404,-93.161552,2020-01-10,0.9675130248069763,11,63858767.072413
10.787841796875,79.883957,2.240000009536743,-94.21548461914062,2020-01-10,0.9628390073776245,0,63858767.361653
10.787468910217285,79.839185,11.149999618530273,-89.365639,2020-01-10,0.96424400806427,8,63858767.192241
10.787376403808594,79.849303,5.050000190734863,-92.582962,2020-01-10,0.9674069881439209,6,63858766.948447
10.787149429321289,79.832789,3.4800000190734863,-90.264427,2020-01-10,0.9710040092468262,11,63858767.080677
10.78742504119873,79.884265,2.1700000762939453,-94.301468,2020-01-10,0.9558539986610413,0,63858767.369917
10.787053108215332,79.839492,15.569999694824219,-89.476898,2020-01-10,0.9692080020904541,8,63858767.200505
10.786958694458008,79.849609375,3.440000057220459,-89.46467590332031,2020-01-10,0.9694160223007202,6,63858766.956713
10.786731719970703,79.833096,7.900000095367432,-92.269142,2020-01-10,0.9669950008392334,11,63858767.088941
10.786636352539062,79.839804,7.78000020980835,-89.67499542236328,2020-01-10,0.9651820063591003,8,63858767.208769
10.786541938781738,79.84992218017578,4.190000057220459,-92.98365020751953,2020-01-10,0.9505259990692139,6,63858766.964979
10.786591529846191,79.884883,2.0899999141693115,-94.381187,2020-01-10,0.953013002872467,0,63858767.386445
10.786314964294434,79.833406,3.700000047683716,-90.152313,2020-01-10,0.9702529907226562,11,63858767.097205
10.786219596862793,79.840111,11.640000343322754,-90.119011,2020-01-10,0.9567040205001831,8,63858767.217033
10.785898208618164,79.833714,6.849999904632568,-92.07044982910156,2020-01-10,0.9645119905471802,11,63858767.105469
10.785802841186523,79.84042358398438,11.1899995803833,-90.287979,2020-01-10,0.9628369808197021,8,63858767.225297
10.7857084274292,79.850538,2.6500000953674316,-92.749863,2020-01-10,0.9575960040092468,6,63858766.981509
10.785758972167969,79.885501,2.3499999046325684,-94.38505554199219,2020-01-10,0.9620609879493713,0,63858767.402973
10.78538703918457,79.840729,10.4399995803833,-89.99773406982422,2020-01-10,0.9736809730529785,8,63858767.233561
10.785290718078613,79.850846,2.5,-92.62285614013672,2020-01-10,0.9515050053596497,6,63858766.989773
10.785343170166016,79.88581085205078,2.130000114440918,-94.38990020751953,2020-01-10,0.9581279754638672,0,63858767.411237
10.784971237182617,79.841037,12.760000228881836,-90.380493,2020-01-10,0.9681839942932129,8,63858767.241825
10.784646034240723,79.834639,8.680000305175781,-92.30628967285156,2020-01-10,0.9658690094947815,11,63858767.130261
10.784926414489746,79.886119,2.200000047683716,-94.388313,2020-01-10,0.9587270021438599,0,63858767.419501
10.784553527832031,79.841346,10.399999618530273,-90.126343,2020-01-10,0.9578649997711182,8,63858767.250089
10.784229278564453,79.834948,3.359999895095825,-89.68795013427734,2020-01-10,0.95940101146698,11,63858767.138525
10.784137725830078,79.841653,16.31999969482422,-90.113419,2020-01-10,0.9668800234794617,8,63858767.258353
10.78450870513916,79.886427,2.690000057220459,-94.45338439941406,2020-01-10,0.9582650065422058,0,63858767.427765
10.783811569213867,79.835258,5.690000057220459,-92.686172,2020-01-10,0.9622970223426819,11,63858767.146789
10.783721923828125,79.841964,7.96999979019165,-89.673759,2020-01-10,0.9626280069351196,8,63858767.266617
10.783306121826172,79.842272,10.699999809265137,-89.30292510986328,2020-01-10,0.9757649898529053,8,63858767.274881
10.783259391784668,79.887354,2.3499999046325684,-94.517708,2020-01-10,0.9645429849624634,0,63858767.452557
10.782890319824219,79.842582,8.760000228881836,-91.01285552978516,2020-01-10,0.9689580202102661,8,63858767.283145
10.782424926757812,79.887972,2.1700000762939453,-94.38447570800781,2020-01-10,0.9596940279006958,0,63858767.469085
10.78205680847168,79.843199,9.170000076293945,-91.29430389404297,2020-01-10,0.954135000705719,8,63858767.299673
10.781728744506836,79.836798,11.9399995803833,-91.746231,2020-01-10,0.9620310068130493,11,63858767.188109
10.781641006469727,79.843508,6.25,-88.32374572753906,2020-01-10,0.9595509767532349,8,63858767.307937
10.781590461730957,79.88858795166016,2.130000114440918,-94.181198,2020-01-10,0.9549369812011719,0,63858767.485613
10.781311988830566,79.837108,7.03000020980835,-91.58021545410156,2020-01-10,0.9583899974822998,11,63858767.196373
10.781225204467773,79.843816,6.730000019073486,-87.791603,2020-01-10,0.9618260264396667,8,63858767.316201
10.780895233154297,79.837417,5.5,-90.0629653930664,2020-01-10,0.9710959792137146,11,63858767.204637
10.78080940246582,79.84412384033203,13.4399995803833,-92.245148,2020-01-10,0.9609900116920471,8,63858767.324465
10.780755996704102,79.889209,2.240000009536743,-94.320198,2020-01-10,0.9626550078392029,0,63858767.502141
10.780479431152344,79.837725,4.489999771118164,-89.49724578857422,2020-01-10,0.963083028793335,11,63858767.212901
10.78039264678955,79.844434,8.34000015258789,-91.67959594726562,2020-01-10,0.9643700122833252,8,63858767.332729
10.780061721801758,79.838035,6.579999923706055,-92.344597,2020-01-10,0.9562489986419678,11,63858767.221165
10.779976844787598,79.844746,3.3299999237060547,-92.897202,2020-01-10,0.9503809809684753,8,63858767.340993
10.779645919799805,79.83834075927734,8.039999961853027,-87.63621520996094,2020-01-10,0.965723991394043,11,63858767.229429
10.779560089111328,79.84505462646484,2.430000066757202,-93.171928,2020-01-10,0.9504029750823975,8,63858767.349257
10.779230117797852,79.83865356445312,9.649999618530273,-90.290466,2020-01-10,0.9674739837646484,11,63858767.237693
10.779145240783691,79.8453598022461,10.739999771118164,-93.02626037597656,2020-01-10,0.9582759737968445,8,63858767.357521
10.778814315795898,79.838958,7.449999809265137,-86.102051,2020-01-10,0.9628679752349854,11,63858767.245957
10.77908706665039,79.890445,1.899999976158142,-94.550362,2020-01-10,0.9582909941673279,0,63858767.535197
10.778396606445312,79.839266,9.770000457763672,-87.376633,2020-01-10,0.9652040004730225,11,63858767.254221
10.778311729431152,79.845981,2.5,-92.956802,2020-01-10,0.9563639760017395,8,63858767.374049
10.77798080444336,79.839574,12.350000381469727,-89.944611,2020-01-10,0.970346987247467,11,63858767.262485
10.7778959274292,79.846289,3.25,-90.398232,2020-01-10,0.964011013507843,8,63858767.382313
10.77747917175293,79.846598,4.409999847412109,-92.468491,2020-01-10,0.962270975112915,8,63858767.390577
10.7767333984375,79.840501,9.800000190734863,-90.13619995117188,2020-01-10,0.9509099721908569,11,63858767.287277
10.77631664276123,79.84081268310547,6.170000076293945,-86.977379,2020-01-10,0.9727510213851929,11,63858767.295541
10.776229858398438,79.847526,2.3499999046325684,-93.707024,2020-01-10,0.9560549855232239,8,63858767.415369
10.775899887084961,79.841119,8.760000228881836,-90.33811950683594,2020-01-10,0.9629610180854797,11,63858767.303805
10.775813102722168,79.847834,3.9600000381469727,-92.382591,2020-01-10,0.9521589875221252,8,63858767.423633
10.775484085083008,79.841427,9.539999961853027,-89.608971,2020-01-10,0.9707319736480713,11,63858767.312069
10.775068283081055,79.841735,11.640000343322754,-90.047112,2020-01-10,0.9682440161705017,11,63858767.320333
10.774651527404785,79.842043,12.539999961853027,-90.08753967285156,2020-01-10,0.9743980169296265,11,63858767.328597
10.774235725402832,79.842353,10.779999732971191,-90.000198,2020-01-10,0.9714239835739136,11,63858767.336861
10.773819923400879,79.842662,9.649999618530273,-90.714058,2020-01-10,0.9681910276412964,11,63858767.345125
10.77372932434082,79.849378,3.440000057220459,-89.292267,2020-01-10,0.9635180234909058,8,63858767.464953
10.773404121398926,79.84297180175781,12.760000228881836,-90.928886,2020-01-10,0.9613959789276123,11,63858767.353389
10.772988319396973,79.843279,11.789999961853027,-90.509888,2020-01-10,0.9689329862594604,11,63858767.361653
10.772895812988281,79.849996,4.900000095367432,-92.393623,2020-01-10,0.9663619995117188,8,63858767.481481
10.772570610046387,79.843588,9.84000015258789,-90.33407592773438,2020-01-10,0.9733060002326965,11,63858767.369917
10.772479057312012,79.850306,4.110000133514404,-92.473038,2020-01-10,0.960686981678009,8,63858767.489745
10.772154808044434,79.843896,12.460000038146973,-90.943069,2020-01-10,0.9651849865913391,11,63858767.378181
10.772062301635742,79.850614,6.139999866485596,-92.062492,2020-01-10,0.9682160019874573,8,63858767.498009
10.77173900604248,79.844206,12.130000114440918,-91.706367,2020-01-10,0.9651970267295837,11,63858767.386445
10.77164363861084,79.850924,3.180000066757202,-92.544792,2020-01-10,0.9552199840545654,8,63858767.506273
10.771322250366211,79.844515,9.729999542236328,-91.583832,2020-01-10,0.963424026966095,11,63858767.394709
10.770906448364258,79.8448257446289,3.890000104904175,-88.864792,2020-01-10,0.9565719962120056,11,63858767.402973
10.770488739013672,79.845133,7.519999980926514,-89.14982604980469,2020-01-10,0.9651269912719727,11,63858767.411237
10.770072937011719,79.84544372558594,13.550000190734863,-91.298882,2020-01-10,0.9663919806480408,11,63858767.419501
10.76965618133545,79.84574890136719,12.430000305175781,-91.210892,2020-01-10,0.9543330073356628,11,63858767.427765
10.769240379333496,79.846058,10.100000381469727,-85.552292,2020-01-10,0.9682239890098572,11,63858767.436029
10.76882266998291,79.846368,7.929999828338623,-88.65491485595703,2020-01-10,0.9656400084495544,11,63858767.444293
10.76840591430664,79.846677,11.039999961853027,-91.426811,2020-01-10,0.9695389866828918,11,63858767.452557
10.767989158630371,79.846986,12.010000228881836,-91.545197,2020-01-10,0.9734690189361572,11,63858767.460821
10.767572402954102,79.847294,10.550000190734863,-88.563568,2020-01-10,0.9618880152702332,11,63858767.469085
10.767154693603516,79.847605,9.649999618530273,-91.77804565429688,2020-01-10,0.9517130255699158,11,63858767.477349
10.766737937927246,79.847914,6.099999904632568,-88.820717,2020-01-10,0.961214005947113,11,63858767.485613
10.766321182250977,79.848224,3.440000057220459,-86.219589,2020-01-10,0.9624540209770203,11,63858767.493877
10.765904426574707,79.848531,12.430000305175781,-92.26004028320312,2020-01-10,0.966746985912323,11,63858767.502141
10.765487670898438,79.848839,15.569999694824219,-92.10667419433594,2020-01-10,0.97536700963974,11,63858767.510405
10.765069961547852,79.849151,7.670000076293945,-91.895859,2020-01-10,0.9805110096931458,11,63858767.518669
10.764653205871582,79.84945678710938,9.130000114440918,-92.374962,2020-01-10,0.9562039971351624,11,63858767.526933
10.764236450195312,79.849771,3.890000104904175,-93.56035614013672,2020-01-10,0.9668049812316895,11,63858767.535197
10.76381778717041,79.850081,2.5,-94.11087036132812,2020-01-10,0.960282027721405,11,63858767.543461
10.763401985168457,79.850387,7.21999979019165,-90.963531,2020-01-10,0.96909099817276,11,63858767.551725
10.762984275817871,79.850696,3.9600000381469727,-88.09862518310547,2020-01-10,0.9685779809951782,11,63858767.559989
10.804264068603516,79.849591,5.809999942779541,-92.377457,2020-07-13,0.9774010181427002,0,79885115.374191
10.803849220275879,79.849284,4.28000020980835,-92.59315490722656,2020-07-13,0.9520630240440369,0,79885115.365927
10.801766395568848,79.847747,3.6500000953674316,-92.3760757446289,2020-07-13,0.95626300573349,0,79885115.324607
10.801347732543945,79.847438,5.699999809265137,-92.392273,2020-07-13,0.9653300046920776,0,79885115.316343
10.800514221191406,79.846822,5.289999961853027,-91.740852,2020-07-13,0.9682610034942627,0,79885115.299815
10.798428535461426,79.845283,5.699999809265137,-91.707642,2020-07-13,0.9598649740219116,0,79885115.258495
10.737972259521484,79.85160827636719,6.070000171661377,-94.75545501708984,2020-07-13,0.9508249759674072,11,79885114.770905
10.737549781799316,79.851296,13.1899995803833,-93.7337646484375,2020-07-13,0.9645230174064636,11,79885114.762639
10.735145568847656,79.842534,8.1899995803833,-92.085037,2020-07-13,0.9659259915351868,8,79885114.700644
10.734728813171387,79.842225,9.199999809265137,-92.282562,2020-07-13,0.957601010799408,8,79885114.692378
10.734307289123535,79.841912,17.030001,-92.157753,2020-07-13,0.9552029967308044,8,79885114.684112
10.733892440795898,79.841605,14.229999542236328,-91.26873016357422,2020-07-13,0.9607459902763367,8,79885114.675846
10.732556343078613,79.847603,8.34000015258789,-93.786751,2020-07-13,0.9509850144386292,11,79885114.663447
10.732227325439453,79.840374,10.0600004196167,-88.730942,2020-07-13,0.9632800221443176,8,79885114.642782
10.730978965759277,79.839451,8.1899995803833,-89.410202,2020-07-13,0.9514819979667664,8,79885114.617984
10.730888366699219,79.846369,10.319999694824219,-92.83773040771484,2020-07-13,0.9502099752426147,11,79885114.630383
10.730561256408691,79.839142,9.760000228881836,-88.719429,2020-07-13,0.9638519883155823,8,79885114.609718
10.730146408081055,79.838836,10.6899995803833,-93.019257,2020-07-13,0.9635279774665833,8,79885114.601452
10.729727745056152,79.838526,14.270000457763672,-94.157082,2020-07-13,0.9639679789543152,8,79885114.593187
10.728897094726562,79.837911,9.800000190734863,-92.54037475585938,2020-07-13,0.9594259858131409,8,79885114.576659
10.72806453704834,79.83729553222656,10.6899995803833,-95.90021514892578,2020-07-13,0.9646440148353577,8,79885114.560131
10.727554321289062,79.843902,9.869999885559082,-92.050362,2020-07-13,0.9556249976158142,11,79885114.564263
10.7272310256958,79.836679,10.130000114440918,-95.2415542602539,2020-07-13,0.974511981010437,8,79885114.543603
10.727139472961426,79.843595,5.730000019073486,-89.4986343383789,2020-07-13,0.953594982624054,11,79885114.555999
10.72671890258789,79.843283,14.720000267028809,-94.111083984375,2020-07-13,0.9732019901275635,11,79885114.547735
10.725470542907715,79.842359,11.960000038146973,-93.547508,2020-07-13,0.9649239778518677,11,79885114.522943
10.722967147827148,79.840504,11.699999809265137,-89.176918,2020-07-13,0.9622229933738708,11,79885114.473359
10.722551345825195,79.840197,11.880000114440918,-90.616501,2020-07-13,0.9650980234146118,11,79885114.465095
10.811821937561035,79.816894,4.599999904632568,-92.29690551757812,2020-10-06,0.9632539749145508,3,87233462.253964
10.811406135559082,79.817202,4.829999923706055,-92.254181,2020-10-06,0.9506589770317078,3,87233462.262228
10.810812950134277,79.80046081542969,4.409999847412109,-91.49699401855469,2020-10-06,0.9513890147209167,6,87233462.406848
10.809979438781738,79.801077,2.8399999141693115,-92.094833,2020-10-06,0.9567760229110718,6,87233462.423376
10.809843063354492,79.807958,12.579999923706055,-91.071541,2020-10-06,0.9504719972610474,5,87233462.543204
10.809410095214844,79.836792,2.430000066757202,-91.508759,2020-10-06,0.9576640129089355,0,87233462.861414
10.80858039855957,79.837407,8.979999542236328,-90.524818,2020-10-06,0.9558979868888855,0,87233462.877946
10.807478904724121,79.802928,5.130000114440918,-90.705704,2020-10-06,0.9515200257301331,6,87233462.47296
10.806501388549805,79.838948,6.510000228881836,-89.564468,2020-10-06,0.9519979953765869,0,87233462.919272
10.80497932434082,79.804778,12.279999732971191,-90.477737,2020-10-06,0.9514619708061218,6,87233462.522544
10.804839134216309,79.84017944335938,9.84000015258789,-89.848801,2020-10-06,0.9543319940567017,0,87233462.952328
10.804141998291016,79.805398,2.430000066757202,-91.913498,2020-10-06,0.9541929960250854,6,87233462.539072
10.804423332214355,79.840488,7.710000038146973,-88.822159,2020-10-06,0.9538000226020813,0,87233462.960592
10.803173065185547,79.81289672851562,2.5799999237060547,-91.569107,2020-10-06,0.9506490230560303,5,87233462.675429
10.802756309509277,79.813209,2.5799999237060547,-91.725212,2020-10-06,0.9591969847679138,5,87233462.683695
10.800808906555176,79.807866,6.849999904632568,-91.31044006347656,2020-10-06,0.9522789716720581,6,87233462.605184
10.799076080322266,79.799006,2.4700000286102295,-91.51589965820312,2020-10-06,0.9589899778366089,8,87233462.886212
10.798662185668945,79.799313,5.610000133514404,-91.290909,2020-10-06,0.9515259861946106,8,87233462.894478
10.797828674316406,79.7999267578125,2.4700000286102295,-91.51490020751953,2020-10-06,0.9607300162315369,8,87233462.911007
10.797760963439941,79.816913,8.350000381469727,-91.385323,2020-10-06,0.9514210224151611,5,87233462.782887
10.797415733337402,79.800237,11.760000228881836,-91.231644,2020-10-06,0.9552819728851318,8,87233462.919271
10.796998023986816,79.800547,2.4700000286102295,-91.423187,2020-10-06,0.9619280099868774,8,87233462.927535
10.796935081481934,79.84603881835938,8.829999923706055,-92.61186981201172,2020-10-06,0.951994001865387,0,87233463.109344
10.79651165008545,79.817839,3.069999933242798,-90.820763,2020-10-06,0.9836170077323914,5,87233462.807685
10.794503211975098,79.802396,2.5399999618530273,-91.544373,2020-10-06,0.9548349976539612,8,87233462.977119
10.794089317321777,79.802703,4.860000133514404,-90.793266,2020-10-06,0.9543830156326294,8,87233462.985383
10.793725967407227,79.813117,2.5399999618530273,-92.250679,2020-10-06,0.9634919762611389,6,87233462.74569
10.792840003967285,79.803629,2.5799999237060547,-91.588493,2020-10-06,0.9521570205688477,8,87233463.010175
10.792009353637695,79.80424499511719,2.5,-91.50786590576172,2020-10-06,0.9524999856948853,8,87233463.026703
10.791645050048828,79.81465911865234,2.5799999237060547,-92.39825439453125,2020-10-06,0.9611930251121521,6,87233462.78702
10.791176795959473,79.804862,2.619999885559082,-91.71455383300781,2020-10-06,0.9557120203971863,8,87233463.043231
10.791229248046875,79.814969,2.5399999618530273,-92.33842468261719,2020-10-06,0.9647430181503296,6,87233462.795286
10.790813446044922,79.815277,2.5,-92.322838,2020-10-06,0.9619550108909607,6,87233462.803552
10.790345191955566,79.805479,2.2799999713897705,-91.916054,2020-10-06,0.9652820229530334,8,87233463.059759
10.790396690368652,79.815586,2.5399999618530273,-92.4523696899414,2020-10-06,0.9617509841918945,6,87233462.811818
10.7899808883667,79.815894,2.430000066757202,-92.39020538330078,2020-10-06,0.9588689804077148,6,87233462.820084
10.787015914916992,79.807948,2.4700000286102295,-92.04776000976562,2020-10-06,0.9624180197715759,8,87233463.125871
10.787069320678711,79.818053,2.690000057220459,-92.677292,2020-10-06,0.9588860273361206,6,87233462.877946
10.784520149230957,79.809801,9.359999656677246,-91.694946,2020-10-06,0.9582449793815613,8,87233463.175455
10.782468795776367,79.80462646484375,11.829999923706055,-90.503593,2020-10-06,0.957502007484436,11,87233463.096947
10.782052993774414,79.804938,12.359999656677246,-90.55218505859375,2020-10-06,0.9534819722175598,11,87233463.105211
10.781601905822754,79.81196594238281,2.5,-92.1393051147461,2020-10-06,0.9641240239143372,8,87233463.233303
10.7811861038208,79.812275,2.5399999618530273,-92.135696,2020-10-06,0.9682090282440186,8,87233463.241567
10.780353546142578,79.812893,7.599999904632568,-91.934052,2020-10-06,0.9577249884605408,8,87233463.258095
10.780290603637695,79.82986450195312,4.230000019073486,-92.94219970703125,2020-10-06,0.9533979892730713,5,87233463.130003
10.779936790466309,79.813202,8.460000038146973,-92.01383972167969,2020-10-06,0.9558809995651245,8,87233463.266359
10.779553413391113,79.806792,4.559999942779541,-91.360832,2020-10-06,0.9693009853363037,11,87233463.154795
10.779520034790039,79.813512,8.5,-92.016487,2020-10-06,0.9540969729423523,8,87233463.274623
10.778207778930664,79.831409,2.5799999237060547,-92.571541,2020-10-06,0.9546939730644226,5,87233463.171323
10.777504920959473,79.825142,2.9200000762939453,-93.22748565673828,2020-10-06,0.9550290107727051,6,87233463.068023
10.776959419250488,79.832336,3.4800000190734863,-93.292648,2020-10-06,0.9507899880409241,5,87233463.196115
10.775769233703613,79.816295,10.029999732971191,-91.0511245727539,2020-10-06,0.9529029726982117,8,87233463.348999
10.77570915222168,79.833264,2.990000009536743,-93.454201,2020-10-06,0.9558789730072021,5,87233463.220907
10.77529239654541,79.833573,3.0999999046325684,-93.36465454101562,2020-10-06,0.9609799981117249,5,87233463.229171
10.774935722351074,79.816914,10.029999732971191,-91.83106994628906,2020-10-06,0.9523100256919861,8,87233463.365527
10.775009155273438,79.826993,4.489999771118164,-93.395889,2020-10-06,0.9507849812507629,6,87233463.117607
10.774593353271484,79.827302,4.260000228881836,-93.205307,2020-10-06,0.9517490267753601,6,87233463.125871
10.774458885192871,79.834191,4.110000133514404,-93.618958,2020-10-06,0.9528290033340454,5,87233463.245699
10.774100303649902,79.817533,2.880000114440918,-92.41609954833984,2020-10-06,0.9512060284614563,8,87233463.382055
10.773759841918945,79.827919,3.700000047683716,-93.514191,2020-10-06,0.9511799812316895,6,87233463.142399
10.769518852233887,79.82093048095703,10.180000305175781,-91.899002,2020-10-06,0.9532729983329773,8,87233463.472959
10.769594192504883,79.83100891113281,2.5799999237060547,-94.11087036132812,2020-10-06,0.9666919708251953,6,87233463.225039
10.767374992370605,79.839447,10.369999885559082,-91.33301544189453,2020-10-06,0.9620329737663269,5,87233463.386187
10.767051696777344,79.816069,5.050000190734863,-91.94414520263672,2020-10-06,0.9520429968833923,11,87233463.402715
10.767020225524902,79.822781,10.670000076293945,-92.12089538574219,2020-10-06,0.9575350284576416,8,87233463.522543
10.766634941101074,79.816378,2.619999885559082,-92.287453,2020-10-06,0.9518809914588928,11,87233463.410979
10.76654052734375,79.8400650024414,2.7300000190734863,-84.5499496459961,2020-10-06,0.9685919880867004,5,87233463.402715
10.766219139099121,79.816687,5.309999942779541,-92.34418487548828,2020-10-06,0.9574589729309082,11,87233463.419243
10.766261100769043,79.833483,4.679999828338623,-92.882294,2020-10-06,0.9579759836196899,6,87233463.291151
10.765384674072266,79.817305,2.5399999618530273,-92.522362,2020-10-06,0.952564001083374,11,87233463.435771
10.764175415039062,79.83502960205078,2.5399999618530273,-94.124786,2020-10-06,0.9561309814453125,6,87233463.332471
10.762375831604004,79.843152,10.5600004196167,-88.75313568115234,2020-10-06,0.9569140076637268,5,87233463.485355
10.761676788330078,79.836884,9.6899995803833,-91.982559,2020-10-06,0.9512810111045837,6,87233463.382055
10.761544227600098,79.843768,14.899999618530273,-87.981857,2020-10-06,0.9605380296707153,5,87233463.501883
10.761261940002441,79.837192,11.569999694824219,-88.459892,2020-10-06,0.9503509998321533,6,87233463.390319
10.760293960571289,79.844693,15.720000267028809,-88.918716,2020-10-06,0.9607530236244202,5,87233463.526675
10.75904369354248,79.845619,14.9399995803833,-90.25457000732422,2020-10-06,0.9543200135231018,5,87233463.551467
10.758757591247559,79.839048,4.0,-92.986557,2020-10-06,0.9508579969406128,6,87233463.439903
10.758342742919922,79.83935546875,9.619999885559082,-92.710373,2020-10-06,0.9555230140686035,6,87233463.448167
10.757926940917969,79.839664,5.159999847412109,-87.578323,2020-10-06,0.952118992805481,6,87233463.456431
10.756958961486816,79.847161,3.890000104904175,-87.34173583984375,2020-10-06,0.9538789987564087,5,87233463.592787
10.756183624267578,79.830792,4.940000057220459,-93.76263427734375,2020-10-06,0.9698179960250854,8,87233463.737423
10.75625991821289,79.840899,5.159999847412109,-89.409416,2020-10-06,0.9518740177154541,6,87233463.489487
10.755766868591309,79.83110046386719,3.2200000286102295,-92.8055648803711,2020-10-06,0.9641370177268982,8,87233463.745689
10.755426406860352,79.841516,2.990000009536743,-89.22378540039062,2020-10-06,0.9513810276985168,6,87233463.506015
10.754874229431152,79.848703,2.4700000286102295,-94.04291534423828,2020-10-06,0.9541620016098022,5,87233463.634107
10.753342628479004,79.843058,2.799999952316284,-92.865959,2020-10-06,0.9622049927711487,6,87233463.547335
10.752925872802734,79.843367,3.0299999713897705,-93.070312,2020-10-06,0.9527649879455566,6,87233463.555599
10.751675605773926,79.844291,2.430000066757202,-93.976707,2020-10-06,0.9790440201759338,6,87233463.580391
10.751258850097656,79.844599,2.390000104904175,-94.019699,2020-10-06,0.9574630260467529,6,87233463.588655
10.747928619384766,79.847062,8.010000228881836,-92.22848510742188,2020-10-06,0.9588720202445984,6,87233463.654767
10.747095108032227,79.847678,3.4000000953674316,-87.076576,2020-10-06,0.9607930183410645,6,87233463.671295
10.744914054870605,79.839116,2.3499999046325684,-94.13508605957031,2020-10-06,0.9635739922523499,8,87233463.960591
10.739533424377441,79.836416,2.6500000953674316,-94.055283,2020-10-06,0.9556940197944641,11,87233463.948195
10.73866081237793,79.843749,5.159999847412109,-92.429199,2020-10-06,0.9827330112457275,8,87233464.084551
10.73828125,79.837342,2.319999933242798,-93.2453842163086,2020-10-06,0.9854440093040466,11,87233463.972987
10.738245964050293,79.844057,13.220000267028809,-90.975868,2020-10-06,0.9836580157279968,8,87233464.092815
10.737863540649414,79.837646484375,2.619999885559082,-93.234871,2020-10-06,0.9660729765892029,11,87233463.981251
10.737446784973145,79.837959,2.9200000762939453,-93.44366455078125,2020-10-06,0.9599189758300781,11,87233463.989515
10.737412452697754,79.844676,9.319999694824219,-92.47311401367188,2020-10-06,0.9605979919433594,8,87233464.109343
10.737030029296875,79.838268,3.630000114440918,-93.89081573486328,2020-10-06,0.9765809774398804,11,87233463.997779
10.736995697021484,79.844985,12.130000114440918,-93.548149,2020-10-06,0.98055499792099,8,87233464.117607
10.736614227294922,79.838576,5.239999771118164,-93.14352416992188,2020-10-06,0.9618340134620667,11,87233464.006043
10.736579895019531,79.845294,10.899999618530273,-91.107689,2020-10-06,0.9793369770050049,8,87233464.125871
10.736198425292969,79.838885,14.079999923706055,-96.766388,2020-10-06,0.9907860159873962,11,87233464.014307
10.736163139343262,79.8456039428711,8.460000038146973,-92.689011,2020-10-06,0.9843140244483948,8,87233464.134135
10.7357816696167,79.839193,10.970000267028809,-90.81324005126953,2020-10-06,0.9860079884529114,11,87233464.022571
10.735747337341309,79.845913,11.420000076293945,-92.633118,2020-10-06,0.9525399804115295,8,87233464.142399
10.73536491394043,79.839502,11.489999771118164,-90.805099,2020-10-06,0.9689610004425049,11,87233464.030835
10.735329627990723,79.846222,10.329999923706055,-93.046593,2020-10-06,0.9646080136299133,8,87233464.150663
10.734947204589844,79.839812,6.889999866485596,-90.611366,2020-10-06,0.9877129793167114,11,87233464.039099
10.73491382598877,79.846531,9.0600004196167,-92.830338,2020-10-06,0.9510719776153564,8,87233464.158927
10.73453140258789,79.840121,9.130000114440918,-90.74427032470703,2020-10-06,0.9875670075416565,11,87233464.047363
10.7344970703125,79.846841,7.96999979019165,-93.258972,2020-10-06,0.9529039859771729,8,87233464.167191
10.734113693237305,79.8404312133789,8.90999984741211,-90.016998,2020-10-06,0.9858620166778564,11,87233464.055627
10.73408031463623,79.84715270996094,5.159999847412109,-93.33887481689453,2020-10-06,0.9552059769630432,8,87233464.175455
10.733696937561035,79.840739,10.40999984741211,-93.230568,2020-10-06,0.9912319779396057,11,87233464.063891
10.73327922821045,79.841048,3.630000114440918,-89.758148,2020-10-06,0.9653350114822388,11,87233464.072155
10.732864379882812,79.841357,7.96999979019165,-90.292381,2020-10-06,0.9784089922904968,11,87233464.080419
10.732447624206543,79.841666,9.359999656677246,-88.57915496826172,2020-10-06,0.9894949793815613,11,87233464.088683
10.732415199279785,79.848386,4.269999980926514,-93.32583618164062,2020-10-06,0.9603850245475769,8,87233464.208511
10.732030868530273,79.841975,11.760000228881836,-91.480873,2020-10-06,0.9878429770469666,11,87233464.096947
10.732000350952148,79.848695,5.090000152587891,-93.295593,2020-10-06,0.9803580045700073,8,87233464.216775
10.73161506652832,79.842284,13.25,-91.694572,2020-10-06,0.9825469851493835,11,87233464.105211
10.731582641601562,79.849004,4.940000057220459,-93.411659,2020-10-06,0.9564899802207947,8,87233464.225039
10.73119831085205,79.842593,11.420000076293945,-90.9178695678711,2020-10-06,0.9899479746818542,11,87233464.113475
10.730780601501465,79.842903,9.130000114440918,-91.586197,2020-10-06,0.986312985420227,11,87233464.121739
10.730751037597656,79.849621,2.619999885559082,-94.58308410644531,2020-10-06,0.9524080157279968,8,87233464.241567
10.730364799499512,79.843212,9.359999656677246,-91.851677,2020-10-06,0.967290997505188,11,87233464.130003
10.730335235595703,79.84992980957031,3.890000104904175,-93.3167495727539,2020-10-06,0.9508960247039795,8,87233464.249831
10.729948997497559,79.843521,12.65999984741211,-91.605179,2020-10-06,0.9844310283660889,11,87233464.138267
10.72991943359375,79.850238,4.449999809265137,-93.196114,2020-10-06,0.9841009974479675,8,87233464.258095
10.729533195495605,79.84382629394531,11.869999885559082,-91.58670043945312,2020-10-06,0.9630500078201294,11,87233464.146531
10.729503631591797,79.850547,5.159999847412109,-93.446442,2020-10-06,0.9828479886054993,8,87233464.266359
10.729116439819336,79.844139,3.9700000286102295,-87.325249,2020-10-06,0.9691330194473267,11,87233464.154795
10.72869873046875,79.844448,7.820000171661377,-91.23871612548828,2020-10-06,0.9649590253829956,11,87233464.163059
10.728673934936523,79.851163,10.0,-92.59630584716797,2020-10-06,0.9587339758872986,8,87233464.282887
10.72828197479248,79.844758,5.539999961853027,-91.44585418701172,2020-10-06,0.9585919976234436,11,87233464.171323
10.72825813293457,79.851471,11.640000343322754,-92.563408,2020-10-06,0.9530400037765503,8,87233464.291151
10.727867126464844,79.845067,13.630000114440918,-96.459137,2020-10-06,0.987746000289917,11,87233464.179587
10.727452278137207,79.84537506103516,12.65999984741211,-91.671959,2020-10-06,0.9886249899864197,11,87233464.187851
10.727034568786621,79.845684,11.609999656677246,-91.54014587402344,2020-10-06,0.966854989528656,11,87233464.196115
10.726618766784668,79.845993,11.229999542236328,-92.669571,2020-10-06,0.9835690259933472,11,87233464.204379
10.726202964782715,79.846302,12.09000015258789,-92.947762,2020-10-06,0.969747006893158,11,87233464.212643
10.725788116455078,79.84661102294922,13.850000381469727,-92.9393539428711,2020-10-06,0.9674659967422485,11,87233464.220907
10.725371360778809,79.846919,12.510000228881836,-93.133499,2020-10-06,0.9634950160980225,11,87233464.229171
10.724954605102539,79.847228,11.90999984741211,-93.835503,2020-10-06,0.9541869759559631,11,87233464.237435
10.72453784942627,79.847538,7.039999961853027,-93.517502,2020-10-06,0.9676290154457092,11,87233464.245699
10.724122047424316,79.847846,9.920000076293945,-93.618988,2020-10-06,0.9549279808998108,11,87233464.253963
10.72370433807373,79.848156,2.430000066757202,-93.532127,2020-10-06,0.9556180238723755,11,87233464.262227
10.72329044342041,79.848463,9.699999809265137,-93.643059,2020-10-06,0.9579859972000122,11,87233464.270491
10.722455978393555,79.849081,2.5399999618530273,-94.86100006103516,2020-10-06,0.9648470282554626,11,87233464.287019
10.722040176391602,79.8493881225586,2.9200000762939453,-94.33546447753906,2020-10-06,0.9539089798927307,11,87233464.295283
10.750387191772461,79.841335,2.809999942779541,-94.076363,2021-04-26,0.9631170034408569,0,104704862.392147
10.749971389770508,79.841027,2.6600000858306885,-94.301071,2021-04-26,0.9597139954566956,0,104704862.383883
10.749554634094238,79.8407211303711,2.6600000858306885,-93.961884,2021-04-26,0.992385983467102,0,104704862.375619
10.749139785766602,79.840412,2.619999885559082,-94.006042,2021-04-26,0.9835240244865417,0,104704862.367355
10.748723983764648,79.840104,2.5399999618530273,-94.067947,2021-04-26,0.9930679798126221,0,104704862.359091
10.748723030090332,79.847309,2.619999885559082,-93.94837951660156,2021-04-26,0.9937490224838257,1,104704862.379751
10.748308181762695,79.839796,2.619999885559082,-93.841881,2021-04-26,0.9928280115127563,0,104704862.350827
10.748307228088379,79.847001,2.619999885559082,-93.590141,2021-04-26,0.975151002407074,1,104704862.371487
10.747892379760742,79.839488,2.6600000858306885,-93.859482,2021-04-26,0.9920870065689087,0,104704862.342563
10.747475624084473,79.83917999267578,2.690000057220459,-93.996834,2021-04-26,0.9666730165481567,0,104704862.334299
10.746644020080566,79.838564,2.619999885559082,-93.95679473876953,2021-04-26,0.9941920042037964,0,104704862.317771
10.74664306640625,79.84577178955078,13.300000190734863,-96.210152,2021-04-26,0.9728819727897644,1,104704862.338431
10.745813369750977,79.837948,2.619999885559082,-94.091881,2021-04-26,0.9882590174674988,0,104704862.301243
10.74539566040039,79.844846,13.710000038146973,-96.518082,2021-04-26,0.9770770072937012,1,104704862.313639
10.744979858398438,79.844538,5.949999809265137,-92.48389434814453,2021-04-26,0.9599649906158447,1,104704862.305375
10.7445650100708,79.837024,2.6600000858306885,-93.861931,2021-04-26,0.9788179993629456,0,104704862.276451
10.744404792785645,79.850833,4.300000190734863,-90.04069519042969,2021-04-26,0.9519400000572205,2,104704862.086379
10.744149208068848,79.83671569824219,2.6600000858306885,-93.861198,2021-04-26,0.953590989112854,0,104704862.268187
10.743732452392578,79.843613,2.690000057220459,-94.106522,2021-04-26,0.976934015750885,1,104704862.280583
10.743316650390625,79.83609771728516,2.619999885559082,-93.894836,2021-04-26,0.990513026714325,0,104704862.251659
10.743315696716309,79.843305,2.5399999618530273,-93.938927,2021-04-26,0.9894469976425171,1,104704862.272319
10.742484092712402,79.835483,2.619999885559082,-94.624741,2021-04-26,0.9808840155601501,0,104704862.235131
10.74206829071045,79.842381,2.7699999809265137,-94.440109,2021-04-26,0.9592610001564026,1,104704862.247527
10.74190616607666,79.848981,2.619999885559082,-94.485039,2021-04-26,0.9923220276832581,2,104704862.036795
10.74165153503418,79.834867,2.619999885559082,-94.86392974853516,2021-04-26,0.9681100249290466,0,104704862.218603
10.741235733032227,79.834558,2.7300000190734863,-94.8335952758789,2021-04-26,0.9792960286140442,0,104704862.210339
10.741072654724121,79.848364,2.7699999809265137,-94.39813995361328,2021-04-26,0.9811750054359436,2,104704862.020267
10.740819931030273,79.8342514038086,2.7300000190734863,-94.84675598144531,2021-04-26,0.9805629849433899,0,104704862.202075
10.740655899047852,79.848055,2.619999885559082,-94.16685485839844,2021-04-26,0.976622998714447,2,104704862.012003
10.74040412902832,79.833941,3.109999895095825,-94.733238,2021-04-26,0.974265992641449,0,104704862.193811
10.74040412902832,79.841148,3.2200000286102295,-94.506699,2021-04-26,0.9734079837799072,1,104704862.214471
10.740239143371582,79.847747,2.7699999809265137,-94.43770599365234,2021-04-26,0.9821059703826904,2,104704862.003739
10.739988327026367,79.833633,2.690000057220459,-94.81718444824219,2021-04-26,0.9834030270576477,0,104704862.185547
10.73998737335205,79.840839,2.7300000190734863,-93.66073608398438,2021-04-26,0.9842889904975891,1,104704862.206207
10.739570617675781,79.833324,2.6600000858306885,-94.92036437988281,2021-04-26,0.9922400116920471,0,104704862.177283
10.739570617675781,79.840531,2.6600000858306885,-93.459412,2021-04-26,0.9890210032463074,1,104704862.197943
10.739405632019043,79.84712982177734,3.069999933242798,-94.172379,2021-04-26,0.9896569848060608,2,104704861.987211
10.739154815673828,79.833016,2.6600000858306885,-94.696938,2021-04-26,0.9774280190467834,0,104704862.169019
10.739154815673828,79.840222,2.690000057220459,-93.335243,2021-04-26,0.9901790022850037,1,104704862.189679
10.738988876342773,79.846821,10.640000343322754,-93.501808,2021-04-26,0.9673579931259155,2,104704861.978947
10.738739013671875,79.832707,2.9600000381469727,-94.82905578613281,2021-04-26,0.9722409844398499,0,104704862.160755
10.738739013671875,79.839914,3.0299999713897705,-94.125931,2021-04-26,0.9883760213851929,1,104704862.181415
10.738322257995605,79.832398,2.619999885559082,-94.85560607910156,2021-04-26,0.9796969890594482,0,104704862.152491
10.738323211669922,79.839605,2.5799999237060547,-93.260941,2021-04-26,0.9525759816169739,1,104704862.173151
10.737906455993652,79.83209228515625,2.690000057220459,-94.923363,2021-04-26,0.9748079776763916,0,104704862.144227
10.737489700317383,79.831781,2.6600000858306885,-94.87836456298828,2021-04-26,0.9881439805030823,0,104704862.135963
10.737489700317383,79.838988,2.619999885559082,-94.407639,2021-04-26,0.9909819960594177,1,104704862.156623
10.737072944641113,79.831472,2.619999885559082,-94.869431,2021-04-26,0.9871330261230469,0,104704862.127699
10.737320899963379,79.845589,6.590000152587891,-90.939117,2021-04-26,0.9797589778900146,2,104704861.945891
10.73690414428711,79.84528350830078,12.470000267028809,-90.665321,2021-04-26,0.9534289836883545,2,104704861.937627
10.73665714263916,79.831163,2.7699999809265137,-94.818962,2021-04-26,0.9796929955482483,0,104704862.119435
10.73648738861084,79.844972,11.010000228881836,-91.310631,2021-04-26,0.9588900208473206,2,104704861.929363
10.736241340637207,79.830855,2.990000009536743,-94.492081,2021-04-26,0.9711949825286865,0,104704862.111171
10.736241340637207,79.838062,3.3299999237060547,-94.119797,2021-04-26,0.959900975227356,1,104704862.131831
10.736069679260254,79.844664,9.0600004196167,-92.2640151977539,2021-04-26,0.9596940279006958,2,104704861.921097
10.735823631286621,79.830546,3.3299999237060547,-94.0053939819336,2021-04-26,0.9510779976844788,0,104704862.102907
10.735652923583984,79.844356,8.579999923706055,-91.541359,2021-04-26,0.9658499956130981,2,104704861.912831
10.735407829284668,79.830237,2.7699999809265137,-94.048462,2021-04-26,0.9822679758071899,0,104704862.094643
10.735407829284668,79.837444,2.690000057220459,-94.392883,2021-04-26,0.9843760132789612,1,104704862.115303
10.735236167907715,79.844048,9.739999771118164,-90.879601,2021-04-26,0.9568960070610046,2,104704861.904565
10.734991073608398,79.829928,2.5799999237060547,-93.89879608154297,2021-04-26,0.9888799786567688,0,104704862.086379
10.734992027282715,79.8371353149414,2.7300000190734863,-94.42058563232422,2021-04-26,0.9937679767608643,1,104704862.107039
10.734575271606445,79.829619,2.5799999237060547,-93.787453,2021-04-26,0.9914910197257996,0,104704862.078115
10.734819412231445,79.84374237060547,11.119999885559082,-90.629601,2021-04-26,0.9576110243797302,2,104704861.896299
10.734159469604492,79.836518,2.7699999809265137,-93.84481048583984,2021-04-26,0.9884539842605591,1,104704862.090511
10.733741760253906,79.836209,2.690000057220459,-93.207893,2021-04-26,0.9702439904212952,1,104704862.082247
10.733569145202637,79.842815,10.970000267028809,-91.759277,2021-04-26,0.9591169953346252,2,104704861.871501
10.733325958251953,79.83589935302734,2.7300000190734863,-93.88381958007812,2021-04-26,0.9890729784965515,1,104704862.073983
10.733152389526367,79.842507,9.319999694824219,-92.545212,2021-04-26,0.9850239753723145,2,104704861.863235
10.732909202575684,79.835591,2.7300000190734863,-93.594131,2021-04-26,0.9911959767341614,1,104704862.065719
10.732743263244629,79.849409,2.619999885559082,-94.469276,2021-04-26,0.9557049870491028,3,104704861.875634
10.732325553894043,79.8490982055664,3.819999933242798,-94.297447,2021-04-26,0.9718040227890015,3,104704861.867368
10.731658935546875,79.834665,2.6600000858306885,-93.262802,2021-04-26,0.967153012752533,1,104704862.040927
10.731901168823242,79.841582,8.989999771118164,-90.3312759399414,2021-04-26,0.9600440263748169,2,104704861.838437
10.731908798217773,79.848792,4.869999885559082,-93.302361,2021-04-26,0.9580180048942566,3,104704861.859102
10.731484413146973,79.841274,7.860000133514404,-90.67473602294922,2021-04-26,0.9575279951095581,2,104704861.830171
10.731492042541504,79.848484,4.599999904632568,-93.399437,2021-04-26,0.9521380066871643,3,104704861.850836
10.731066703796387,79.8409652709961,8.15999984741211,-91.23035430908203,2021-04-26,0.9660760164260864,2,104704861.821905
10.730826377868652,79.834048,2.8399999141693115,-94.164162,2021-04-26,0.987388014793396,1,104704862.024399
10.730649948120117,79.840657,11.239999771118164,-90.06221008300781,2021-04-26,0.9698569774627686,2,104704861.813639
10.729992866516113,79.833431,2.619999885559082,-94.20734405517578,2021-04-26,0.9936569929122925,1,104704862.007871
10.728983879089355,79.839422,7.75,-89.436394,2021-04-26,0.9610980153083801,2,104704861.780575
10.728992462158203,79.846633,2.809999942779541,-93.560226,2021-04-26,0.9555349946022034,3,104704861.80124
10.728741645812988,79.832506,2.880000114440918,-94.819183,2021-04-26,0.9637640118598938,1,104704861.983079
10.728574752807617,79.846325,2.7300000190734863,-94.01781463623047,2021-04-26,0.994674026966095,3,104704861.792974
10.727317810058594,79.838187,4.039999961853027,-94.004669,2021-04-26,0.9894480109214783,2,104704861.747511
10.72707462310791,79.831273,2.7300000190734863,-94.211319,2021-04-26,0.9834439754486084,1,104704861.950023
10.72690200805664,79.837878,6.400000095367432,-93.10799407958984,2021-04-26,0.9549620151519775,2,104704861.739245
10.726907730102539,79.8450927734375,9.550000190734863,-90.631798,2021-04-26,0.968550980091095,3,104704861.75991
10.72665786743164,79.830965,2.6600000858306885,-94.196991,2021-04-26,0.9891870021820068,1,104704861.941759
10.726485252380371,79.837569,5.170000076293945,-92.808899,2021-04-26,0.9596350193023682,2,104704861.730979
10.726491928100586,79.844781,7.980000019073486,-90.252769,2021-04-26,0.9563490152359009,3,104704861.751644
10.725235939025879,79.836643,4.570000171661377,-93.348801,2021-04-26,0.9621850252151489,2,104704861.706181
10.724844932556152,79.851092,8.90999984741211,-90.06689453125,2021-04-26,0.9644610285758972,5,104704862.148359
10.724573135375977,79.829424,5.199999809265137,-94.823463,2021-04-26,0.966746985912323,1,104704861.900432
10.72357177734375,79.835407,3.369999885559082,-94.431084,2021-04-26,0.962224006652832,2,104704861.673124
10.723155975341797,79.835098,3.630000114440918,-94.531967,2021-04-26,0.9765310287475586,2,104704861.66486
10.722905158996582,79.828192,3.25,-94.541924,2021-04-26,0.9798259735107422,1,104704861.867368
10.722763061523438,79.849548,2.430000066757202,-94.41810607910156,2021-04-26,0.988631010055542,5,104704862.107039
10.72232437133789,79.834481,2.690000057220459,-94.18729400634766,2021-04-26,0.9834259748458862,2,104704861.648332
10.722330093383789,79.841692,8.989999771118164,-92.579971,2021-04-26,0.973393976688385,3,104704861.668992
10.804896354675293,79.847383,4.599999904632568,-92.88019561767578,2021-10-18,0.9511619806289673,5,119834806.784386
10.775898933410645,79.889262,2.3499999046325684,-94.746147,2022-11-25,0.962119996547699,6,154637443.921308
10.775482177734375,79.889571,2.319999933242798,-95.045547,2022-11-25,0.9811930060386658,6,154637443.929572
10.752778053283691,79.814911,5.429999828338623,-93.553627,2023-01-25,0.9511629939079285,0,159907380.307834
10.750692367553711,79.816453,6.400000095367432,-93.266823,2023-01-25,0.9557170271873474,0,159907380.349154
10.723607063293457,79.836493,9.470000267028809,-94.33526611328125,2023-01-25,0.9714450240135193,0,159907380.88637
10.723189353942871,79.836802,11.829999923706055,-93.855812,2023-01-25,0.955839991569519,0,159907380.894634
10.722771644592285,79.837109,8.5,-93.675346,2023-01-25,0.9548479914665222,0,159907380.902898
10.72238826751709,79.826139,7.900000095367432,-92.18474578857422,2023-01-25,0.9624599814414978,2,159907380.473134
10.722355842590332,79.837417,4.980000019073486,-94.38063049316406,2023-01-25,0.952551007270813,0,159907380.911162
10.721972465515137,79.826447,10.5600004196167,-93.484039,2023-01-25,0.9510999917984009,2,159907380.4814
10.80836296081543,79.84249877929688,7.519999980926514,-90.298286,2023-02-22,0.972353994846344,3,162333867.161025
10.806275367736816,79.840954,11.300000190734863,-90.93767547607422,2023-02-22,0.9593549966812134,3,162333867.119705
10.801024436950684,79.844515,5.119999885559082,-93.454674,2023-02-22,0.9702119827270508,5,162333867.442001
10.798114776611328,79.842363,9.84000015258789,-92.259628,2023-02-22,0.9598389863967896,5,162333867.384153
10.760170936584473,79.814246,7.0,-91.897163,2023-02-22,0.9549739956855774,5,162333866.632073
10.759336471557617,79.813628,5.650000095367432,-92.96619415283203,2023-02-22,0.972769021987915,5,162333866.615545
10.745643615722656,79.824924,6.28000020980835,-88.8420639038086,2023-02-22,0.9612489938735962,11,162333866.801485
10.744284629821777,79.816883,2.5399999618530273,-94.178436,2023-02-22,0.9618510007858276,8,162333866.756033
10.744392395019531,79.823996,5.090000152587891,-89.772377,2023-02-22,0.9619330167770386,11,162333866.776693
10.743867874145508,79.81657409667969,2.5,-94.207764,2023-02-22,0.9549760222434998,8,162333866.747769
10.743141174316406,79.823069,7.670000076293945,-93.041771,2023-02-22,0.9517620205879211,11,162333866.751901
10.74220085144043,79.815337,2.759999990463257,-94.15711975097656,2023-02-22,0.9502670168876648,8,162333866.714713
10.741888999938965,79.822141,6.579999923706055,-93.96903991699219,2023-02-22,0.9540929794311523,11,162333866.727109
10.741366386413574,79.814719,2.4700000286102295,-94.334259,2023-02-22,0.9529250264167786,8,162333866.698185
10.740532875061035,79.814102,5.119999885559082,-94.36780548095703,2023-02-22,0.9508990049362183,8,162333866.681657
10.74063777923584,79.821214,4.940000057220459,-92.830559,2023-02-22,0.9517310261726379,11,162333866.702317
10.739803314208984,79.82059478759766,2.5799999237060547,-93.652809,2023-02-22,0.9553620219230652,11,162333866.685789
10.73928165435791,79.813174,3.700000047683716,-93.954117,2023-02-22,0.951545000076294,8,162333866.656865
10.739386558532715,79.820286,5.239999771118164,-93.715843,2023-02-22,0.9502909779548645,11,162333866.677525
10.738863945007324,79.812865,2.799999952316284,-94.309914,2023-02-22,0.9506459832191467,8,162333866.648601
10.738447189331055,79.812556,2.5399999618530273,-94.443092,2023-02-22,0.9524639844894409,8,162333866.640337
10.738030433654785,79.812247,2.5799999237060547,-94.360901,2023-02-22,0.9512100219726562,8,162333866.632073
10.73469066619873,79.809776,2.690000057220459,-94.162308,2023-02-22,0.9595460295677185,8,162333866.565961
10.732995986938477,79.801225,5.840000152587891,-92.692619,2023-02-22,0.9517319798469543,6,162333866.115573
10.733023643493652,79.808543,8.720000267028809,-93.548523,2023-02-22,0.9586610198020935,8,162333866.532905
10.732163429260254,79.80060577392578,8.1899995803833,-92.94672393798828,2023-02-22,0.9518330097198486,6,162333866.099045
10.731744766235352,79.800296,2.430000066757202,-93.08356475830078,2023-02-22,0.9530720114707947,6,162333866.090781
10.731328010559082,79.799986,2.5,-93.101913,2023-02-22,0.9511899948120117,6,162333866.082517
10.730098724365234,79.806381,2.430000066757202,-93.72626495361328,2023-02-22,0.9531639814376831,8,162333866.475057
10.72978687286377,79.813182,2.5,-94.05736541748047,2023-02-22,0.954259991645813,11,162333866.487453
10.7275972366333,79.804531,6.25,-93.094238,2023-02-22,0.956279993057251,8,162333866.425473
10.727182388305664,79.804224,12.350000381469727,-92.604912,2023-02-22,0.9590960144996643,8,162333866.417209
10.726764678955078,79.803915,9.880000114440918,-92.191559,2023-02-22,0.9574540257453918,8,162333866.408945
10.726346969604492,79.803606,7.480000019073486,-92.451691,2023-02-22,0.9609929919242859,8,162333866.400681
10.725515365600586,79.802991,10.920000076293945,-91.654449,2023-02-22,0.9534590244293213,8,162333866.384153
10.72509765625,79.802683,11.859999656677246,-92.439713,2023-02-22,0.9521399736404419,8,162333866.375889
10.724679946899414,79.802374,9.350000381469727,-93.210732,2023-02-22,0.9502109885215759,8,162333866.367625
10.723847389221191,79.801757,8.300000190734863,-92.629448,2023-02-22,0.9519230127334595,8,162333866.351097
10.723115921020508,79.808249,5.239999771118164,-93.07780456542969,2023-02-22,0.955361008644104,11,162333866.355229
