placement,anchor_count,runs,tiles,all_mae_m_mean,all_mae_m_median,all_mae_m_std,all_mae_m_p05,all_mae_m_p25,all_mae_m_p75,all_mae_m_p95,all_mae_m_min,all_mae_m_max,all_rmse_m_mean,all_rmse_m_median,all_rmse_m_std,all_rmse_m_p05,all_rmse_m_p25,all_rmse_m_p75,all_rmse_m_p95,all_rmse_m_min,all_rmse_m_max,all_bias_m_mean,all_bias_m_median,all_bias_m_std,all_bias_m_p05,all_bias_m_p25,all_bias_m_p75,all_bias_m_p95,all_bias_m_min,all_bias_m_max,all_pearson_mean,all_pearson_median,all_pearson_std,all_pearson_p05,all_pearson_p25,all_pearson_p75,all_pearson_p95,all_pearson_min,all_pearson_max,all_spearman_mean,all_spearman_median,all_spearman_std,all_spearman_p05,all_spearman_p25,all_spearman_p75,all_spearman_p95,all_spearman_min,all_spearman_max,strict_mae_m_mean,strict_mae_m_median,strict_mae_m_std,strict_mae_m_p05,strict_mae_m_p25,strict_mae_m_p75,strict_mae_m_p95,strict_mae_m_min,strict_mae_m_max,strict_rmse_m_mean,strict_rmse_m_median,strict_rmse_m_std,strict_rmse_m_p05,strict_rmse_m_p25,strict_rmse_m_p75,strict_rmse_m_p95,strict_rmse_m_min,strict_rmse_m_max,strict_bias_m_mean,strict_bias_m_median,strict_bias_m_std,strict_bias_m_p05,strict_bias_m_p25,strict_bias_m_p75,strict_bias_m_p95,strict_bias_m_min,strict_bias_m_max,strict_pearson_mean,strict_pearson_median,strict_pearson_std,strict_pearson_p05,strict_pearson_p25,strict_pearson_p75,strict_pearson_p95,strict_pearson_min,strict_pearson_max,strict_spearman_mean,strict_spearman_median,strict_spearman_std,strict_spearman_p05,strict_spearman_p25,strict_spearman_p75,strict_spearman_p95,strict_spearman_min,strict_spearman_max,pearson_lt_0,pearson_lt_0_2,rmse_gt_10m
grid,5,50,50,3.775675731151643,3.0993966584926325,2.5002843814022975,1.2063569464223924,2.2841245657281397,4.494513402732771,7.308575606778829,0.014112684032549063,13.50214511551326,5.839401405748452,4.732350721907468,4.006610909539518,2.5068754598498026,3.5079457754371406,6.448161044163133,10.721754748944074,0.019076749757753697,24.341459180160893,-0.8098689165148337,-0.6986023280876206,2.618237199335682,-4.127236513402747,-2.072734000254897,-0.021661670885359887,1.7690539126426055,-9.333693901437373,11.063740417210884,0.46144773365046626,0.594614707126407,0.357497610802473,-0.30447360185138483,0.39609130453187197,0.7179623370825289,0.7923750720833991,-0.5374949620449647,0.8266659785432672,0.4063969161145162,0.5187020756170899,0.3231351840687356,-0.2499385145171103,0.3107474443619673,0.6311961315226264,0.740770116905548,-0.5993563295230465,0.7846043154895842,3.781439855646629,3.1049136823852517,2.5056626562425426,1.208632795722012,2.2845506655486725,4.501030185728414,7.317946921631179,0.014113323018032987,13.529011576019128,5.846468685192201,4.736221180999479,4.013784256768501,2.5100550205242986,3.513649314438558,6.4561791881404496,10.737933870492105,0.019085575520522455,24.381788116117544,-0.812197346488401,-0.6993430052000627,2.627016537665511,-4.138164526771092,-2.079307851433772,-0.02164050342346544,1.7775106182074374,-9.366004225239564,11.105363616588948,0.4609917150638082,0.5947495882589617,0.35792117894614767,-0.3049382372734302,0.3952966047221727,0.7176359932502966,0.7912950146565143,-0.5366796963198802,0.8266380171858737,0.40617072948932564,0.5195538961308547,0.32347829201804895,-0.2506943668445632,0.3114466402121492,0.6315897756725161,0.7407138055893249,-0.5983533522623801,0.784439537432042,7,10,7
grid,10,50,50,3.258229659258797,2.8907942267416344,1.7886859778160453,1.126835541631564,2.2100221134795097,3.875981349446783,5.728362205620378,0.014532941309140379,10.63253146156616,4.84012629921785,4.256743743748336,2.431724241988018,2.8127955224034973,3.451014489848613,5.519304244083186,9.870673055640191,0.02136709076461333,15.152064305737927,-0.1686775493474017,-0.5353055176655115,1.6951863079480425,-2.5115121401794704,-1.145757776921015,0.7144847296529294,2.1897010847373926,-3.4841773456039475,6.6953798011068715,0.48325464825055486,0.5946154073778089,0.32741963988358913,-0.15214727849061352,0.39436141060141394,0.7179617655972712,0.7923764590314697,-0.5231294093318386,0.8266628822856106,0.4271643732593612,0.5458932115594228,0.2951369898626446,-0.198686846757538,0.31074462560812277,0.6311964098496982,0.7407702920240035,-0.4389328678991526,0.784603917699359,3.2641036921583706,2.8949457016078464,1.7917906941362771,1.133601452245144,2.2104680068719724,3.8808026564394993,5.737657565662278,0.014535486386880401,10.65677838337533,4.848531205718519,4.262319677067406,2.43713315410157,2.816936193920804,3.450022343235888,5.531835417979876,9.8874876638268,0.021387313940856703,15.186841168101008,-0.1689101732759482,-0.539174483357999,1.7054509361395331,-2.524997423384382,-1.1524319234144005,0.7195158215507793,2.202469029179015,-3.5026618269174556,6.739943436659976,0.48297042392127176,0.5945290787563413,0.3275244170951803,-0.1515589319214098,0.3936462460001009,0.7169212978040485,0.792261058900083,-0.5240338244503173,0.8241928845645676,0.4269820236153435,0.5468032715547472,0.29560483365569173,-0.1981095061733659,0.31009946155390056,0.6310424352831125,0.740254928261173,-0.44316582105766217,0.7848216825251646,6,7,3
grid,20,50,50,3.1285430797052913,2.8152833258763623,1.5229290983060018,1.417801129639141,2.1190338464666834,3.6001115605439997,6.015305872984712,0.01385719550865144,7.9599976021432495,4.477770460838238,3.9381936289355046,2.1384394422342723,2.3589808061517434,3.246349251886807,4.9105908232458875,9.810783409801783,0.021049456204676232,11.062559747812214,0.012613506877600988,0.04107685177324168,0.8051908185895004,-1.2425894224563303,-0.5377090674297915,0.5101385750910145,1.1876799786550385,-1.620660926645497,2.063519791158518,0.5258480682124619,0.5946153685179868,0.2534218458380722,0.01381817086547353,0.41680952710812486,0.7179636094769661,0.7923751535068535,-0.2774404635138614,0.8266634916794806,0.4634745063200021,0.545888134041297,0.23402264366493536,0.08772191540827831,0.31737147393480275,0.6312001883045396,0.7407699363312603,-0.3363747662103437,0.7846046825415944,3.1308855079522413,2.814388660908259,1.5219233499352134,1.4298161070470068,2.1248658416045814,3.5976529956262406,6.015067181462806,0.013815783940973726,7.945903735732482,4.481898790985566,3.936375397506219,2.1410810958281723,2.3648487001755063,3.2290209132156398,4.921318052039588,9.796132202959706,0.021018812660408268,11.11072175972274,0.013819974703470494,0.04028085658926653,0.8142993552943191,-1.260852202133876,-0.5424235074403779,0.5134096113438147,1.1998083052625186,-1.642829585275299,2.0906341858136246,0.5259472257310867,0.5951426527671584,0.25378468845978486,0.012972503097745211,0.41882233971874283,0.7185599871796975,0.7917014375208236,-0.28035455484595784,0.8269636315360551,0.46341302293933717,0.5446246639477879,0.23407420994485098,0.08603755834346524,0.3179797726664302,0.6317593369228159,0.739891103359673,-0.337781433103769,0.7838839669793104,3,6,3
random,5,1000,50,3.960566224118609,3.3246826523430557,2.5570568752884077,1.1523965677550805,2.4437766023140224,4.895931046622724,8.496752030094987,0.013167819490718376,25.459363721650227,5.7808284463042305,4.72219404154175,3.628809675841658,2.6584811093151903,3.6358243379009396,6.545636388483001,13.127637397486016,0.01889803577709032,34.410387834153845,-0.30705710112404094,-0.45647570907397417,2.7931303869489104,-3.963812138538804,-1.6968378942855655,0.9505504336094985,4.219887646005607,-13.739762907477223,24.01880705102752,0.3899456307622497,0.5576917969435395,0.4365682675940746,-0.5946160477897188,0.2616576273100558,0.7051937054510774,0.7978183816374792,-0.8266660064511591,0.8266668530665395,0.3496171617292418,0.46710803317826183,0.3855658650321407,-0.5409892404207894,0.18527179035537827,0.6272332728526366,0.7446560991830142,-0.7846063594431401,0.784607345946561,3.966123902839341,3.3296527319608695,2.5629721341569844,1.154023143814702,2.4450690681624745,4.902756477068743,8.511850834756247,0.013174197021245795,25.54148196268886,5.787045776011485,4.722063204508128,3.634856867530784,2.6428872493533624,3.6375153747470446,6.554322801570311,13.14854366083847,0.018917769431207175,34.47284120378408,-0.3078877418339589,-0.4560696780613779,2.802563204150468,-3.977995358371866,-1.701456184743474,0.9531376927947453,4.233491846103695,-13.800050657340737,24.098938512320643,0.3896452668254443,0.5567513667913783,0.43686210161739414,-0.5951947360649943,0.2609891567395961,0.7050432940715496,0.7979827150350973,-0.8268900790754246,0.8275686589663664,0.3492090004517756,0.46631599251367134,0.3859429076222573,-0.5411658442982419,0.1837060101519025,0.6271637563187011,0.7446008264809849,-0.7853759346581834,0.7858573958430015,181,242,106
random,10,1000,50,3.429950731259044,2.9879499054673877,1.7758661068342945,1.254123277303327,2.3151121313402214,4.066502226166107,6.942297154387553,0.013259489399880885,14.567890172310147,4.970687731392978,4.305429101063142,2.662901654372497,2.4468708437596693,3.4257272796466793,5.601689620914486,10.937717412002064,0.019032423551015275,23.71275415463087,-0.1314123342053923,-0.19564461258037574,1.6972190152532975,-2.6012129354190257,-1.052246328656195,0.7020091491370258,2.515336818062602,-10.099385809986012,12.808403790828194,0.4730203089791575,0.5813518643370862,0.3425269774228513,-0.28358371825344764,0.3907780192652218,0.7222188034075921,0.7978180615594888,-0.8142933426322432,0.8266665921002964,0.41792835754396696,0.5409873440604277,0.30851100859102953,-0.3103107578085241,0.2992929111181348,0.6325146121551064,0.7446563809925576,-0.7746050139447035,0.7846074808724435,3.4350578891689643,2.9960833395859554,1.7801491710430253,1.2595106352237784,2.3199937450342794,4.072039068115606,6.946632759845116,0.01325286297789496,14.648169713695472,4.977353775396615,4.306863546945076,2.6696029887668766,2.449668478375484,3.4306888030275133,5.612902079067274,10.936577791276399,0.01904723453562085,23.79760669615527,-0.1316722700165241,-0.19581089370457563,1.708026566552134,-2.615264463748941,-1.0591397229960915,0.7055874962133573,2.5355222446213825,-10.168720108832519,12.90698941239249,0.47257003135425807,0.5809337598111471,0.343040533320046,-0.28702344815999437,0.38824005766134484,0.721759726565996,0.7977158882486244,-0.814985453118872,0.8275359047099329,0.41744952389642603,0.5400812405267743,0.30902378946501285,-0.3121850991053486,0.29873503598546175,0.6312327206990369,0.7445771345664551,-0.7774366518827481,0.7862341380624506,113,173,79
random,20,1000,50,3.2166187220970217,2.84090776096498,1.5842363977884235,1.4564555619953632,2.1969706583502093,3.7283876342876003,6.808831531809835,0.013069301881113382,10.920370857232982,4.60109386680951,3.943681933822856,2.349566332116975,2.317756902124725,3.242929442430121,5.009512988596925,10.421019028545555,0.018897230296346122,16.98161350670873,-0.018729910533285057,-0.04863463816921616,1.1130880804929366,-1.6526071556097988,-0.6424353630319141,0.5758751968821534,1.7169474641204048,-6.559476467089198,6.37797811003144,0.5259505172408379,0.5813578667053834,0.2532094411204069,0.13018958200855052,0.4120233492372873,0.7222190347700648,0.7978177647810732,-0.7670623075363336,0.8266689909985694,0.4643155829578692,0.540993618730089,0.23234868231644126,0.05210648982373403,0.33328405946676976,0.6325148217162367,0.7446545043010857,-0.6866976719693724,0.7846064760079915,3.2204017932847013,2.8455597456466863,1.586760313473978,1.4620531205371288,2.2007089687225454,3.7240388645113796,6.81519575259323,0.013054498203335822,10.966991252555097,4.60733828257431,3.9539883806870755,2.356081773685408,2.319751837998092,3.2387622001345844,5.022714895498918,10.458207132264905,0.01808921809707013,17.04375311722538,-0.018185141033809353,-0.04729006929458249,1.1266631446409223,-1.6689988667300613,-0.6466914458844094,0.5869726267697919,1.7385285068916976,-6.635463761242716,6.465169383829327,0.52561014793848,0.5836566459993495,0.2538426698346529,0.1262157081133728,0.40878548943080517,0.7218979315929974,0.7972480076528351,-0.7692877801693653,0.8299341191780661,0.46387389805665874,0.5443208902325476,0.23286229256014337,0.04817224077189124,0.32766068921093905,0.6309828331435832,0.7437411894118475,-0.6923036218324883,0.7876839731412668,40,117,69
spatial_height,5,50,50,5.935952945809379,5.15989375859363,3.958778156675527,2.4669921944405906,3.8230003021113896,6.997874800585926,11.789132040817545,0.02240747727816595,26.21267327918718,7.401383379257403,5.916738046094579,5.80149336457367,3.134930134834921,4.593565289256253,8.807534220908527,14.686033961608853,0.02867203292637898,40.39021240136546,3.7081169645246854,3.5804813679003447,4.1783800293459565,-0.8344333972531641,1.1543409551634962,5.686721350348879,8.116656692518315,-2.811494345629122,24.9803186535964,0.4932566896100566,0.5946194781529623,0.31215549698374084,-0.21383171440936358,0.39436652303329767,0.7179631731945414,0.7923757190885445,-0.4847558250305084,0.826753340932501,0.42478905387247035,0.5187005997433277,0.2985440830471173,-0.21622582866706333,0.31074924075985894,0.631195505857188,0.7407694310769988,-0.5532652859556864,0.7846038182834881,5.934906718328635,5.158591978659549,3.9607645785600387,2.4670799745635756,3.8247918380886925,6.997127698172568,11.789959492068506,0.022405425124755626,26.236678379858407,7.399900128617478,5.913489941866846,5.803648858655668,3.1317199364599184,4.588726707035763,8.806787631811346,14.674366991760595,0.02867155507578976,40.41290049487639,3.716736004782336,3.591492927434844,4.188644082316662,-0.8366459944951499,1.1586827404089677,5.693711513940209,8.138641545970303,-2.8248374887884555,25.037572196489666,0.4933313752707239,0.5964624614766552,0.3142281453280447,-0.21936270654419537,0.39651035977911075,0.7176730678730071,0.7922211891907038,-0.4884032787349455,0.8535918143058152,0.4242507898328512,0.5185134149451261,0.2990155232636595,-0.21762403393700985,0.31201647535910226,0.6316787763030715,0.740387163544305,-0.5557524813878557,0.7842047027550992,4,8,8
spatial_height,10,50,50,4.91768174738873,4.133175873381598,2.2155693954123157,2.8050769003263527,3.6515920227142207,5.542042525639758,9.65252299013326,0.022263449681842472,11.278142093587002,6.08086178197811,5.248705596237544,3.1546174006946868,3.5949601383358565,4.338934007757717,6.428754570365104,13.24388955626176,0.02631736539856783,16.903321247701772,2.907918263720908,2.5900064487818826,1.9193557961971637,0.3129395708890848,1.746957365780493,4.0440696347984035,5.601388954486587,-1.2519764233510968,9.523509286396084,0.5091838777728654,0.5946165468891218,0.2854366177464907,-0.03544165590830363,0.4068423304127216,0.717960165601101,0.7923799332056112,-0.517782018109664,0.826728893519519,0.44123995725988485,0.5458865891309838,0.27364411810239464,-0.10290283272161932,0.3107437291139914,0.631194036873546,0.7407708811077679,-0.41734302504082055,0.7846023960488364,4.912817919730219,4.1247536634326565,2.2123496292560945,2.803650515051651,3.6538399431839093,5.54161880454759,9.650445750022698,0.02215320794057246,11.240580466898415,6.073110489925425,5.248244737947026,3.1518721398917418,3.592445799919098,4.329385615555311,6.422179764255758,13.230142827518332,0.025469039313125833,16.864551502200037,2.9204537992918698,2.6020676458553913,1.9273154926231495,0.31119852209960785,1.759949726178214,4.063373846070913,5.632355337737716,-1.2591834291449824,9.5472239263191,0.5081862151371921,0.5943916436246787,0.2869019188996673,-0.04133842408046004,0.40546752862169555,0.7160036321715685,0.7933407395875295,-0.5290578213976904,0.8372270873411742,0.44009004898528725,0.543320301210192,0.27351688998026047,-0.10215311681739078,0.3078337330237697,0.6309419748323642,0.7401506921840093,-0.41975397125659963,0.7839805882249793,3,7,6
spatial_height,20,50,50,4.587997057822817,4.22850297332976,1.804719031757855,2.4858564917346193,3.2785171164830427,5.563013204889222,7.859750514748335,0.01896283784629884,9.649342350376847,5.6481162901067625,5.243078983420528,2.516601033485678,3.153430786531284,4.157925198269916,6.348385473405209,10.997811823024021,0.023188652836470702,14.23303386498031,2.773653735320928,2.5507334971079123,1.4397271185084952,0.5459207035956659,1.6052381622939662,3.940486534842816,4.919590704116687,0.013291929192950951,5.779783898608849,0.5298180463962767,0.5946207509875925,0.24502030859612486,0.10557030645861445,0.4167974642875151,0.7179606635781012,0.7923781166620942,-0.26166901378376584,0.8266628368410386,0.46200316651039636,0.5458826365870582,0.23690910238135468,0.043945102779254036,0.31813107741991953,0.6311943155544266,0.7407722133588811,-0.33329714251579207,0.7846026895195617,4.577611391134412,4.2269693146476355,1.7986261204775271,2.4817062443720133,3.264959775817217,5.549957078326548,7.825376191009871,0.01894999951690723,9.630674403950804,5.627360641611396,5.225262391651276,2.502907848584626,3.129802612358534,4.155445820008864,6.32893861396729,10.879731840970386,0.023187053374011144,14.198849136173473,2.7995916586081733,2.5751017793319555,1.4515452256012698,0.5591354183529395,1.6321505928969227,3.9769993527286442,4.96411054048607,0.01341775560785174,5.828072509385523,0.5295706325031168,0.598007123990109,0.245456307219363,0.10111423916659848,0.41107118798771686,0.7145217984043173,0.7928207019658982,-0.26371342890232674,0.8310251711506185,0.4604703451488512,0.541356965923971,0.2370626799953765,0.04077388020640086,0.3132737582716635,0.6298013197373264,0.7422714400373662,-0.33415297601404775,0.78349930339509,2,6,4
